"NILF19436";"A, ";"http://www.fantascienza.com/catalogo/autori/NILF19436/-a/"
"NILF22824";"A., S.";"http://www.fantascienza.com/catalogo/autori/NILF22824/s-a/"
"NILF16097";"Aa. Vv., ";"http://www.fantascienza.com/catalogo/autori/NILF16097/-aa-vv/"
"NILF10003";"Aandahl, Vance";"http://www.fantascienza.com/catalogo/autori/NILF10003/vance-aandahl/"
"NILF24784";"Abalos, Rafael";"http://www.fantascienza.com/catalogo/autori/NILF24784/rafael-abalos/"
"NILF10005";"Abascal, Jesús";"http://www.fantascienza.com/catalogo/autori/NILF10005/jes-us-abascal/"
"NILF10006";"Abbey, Lynn";"http://www.fantascienza.com/catalogo/autori/NILF10006/lynn-abbey/"
"NILF10007";"Abbiati, Mario";"http://www.fantascienza.com/catalogo/autori/NILF10007/mario-abbiati/"
"NILF16327";"Abbott, Edwin A.";"http://www.fantascienza.com/catalogo/autori/NILF16327/edwin-a-abbott/"
"NILF10008";"Abe Kōbō, ";"http://www.fantascienza.com/catalogo/autori/NILF10008/-abe-kobo/"
"NILF18938";"Abel, E. L.";"http://www.fantascienza.com/catalogo/autori/NILF18938/e-l-abel/"
"NILF10009";"Abel, Franklin";"http://www.fantascienza.com/catalogo/autori/NILF10009/franklin-abel/"
"NILF22672";"Abella, Alex";"http://www.fantascienza.com/catalogo/autori/NILF22672/alex-abella/"
"NILF21194";"Abellio, Raymond";"http://www.fantascienza.com/catalogo/autori/NILF21194/raymond-abellio/"
"NILF10010";"Abernathy, Robert";"http://www.fantascienza.com/catalogo/autori/NILF10010/robert-abernathy/"
"NILF21901";"Abnett, Dan";"http://www.fantascienza.com/catalogo/autori/NILF21901/dan-abnett/"
"NILF22300";"About, Edmond";"http://www.fantascienza.com/catalogo/autori/NILF22300/edmond-about/"
"NILF22016";"Abraham, Daniel";"http://www.fantascienza.com/catalogo/autori/NILF22016/daniel-abraham/"
"NILF16947";"Abraham, Greg";"http://www.fantascienza.com/catalogo/autori/NILF16947/greg-abraham/"
"NILF21187";"Abret-Braun, Helga";"http://www.fantascienza.com/catalogo/autori/NILF21187/helga-abret-braun/"
"NILF23667";"Abreu, Juan";"http://www.fantascienza.com/catalogo/autori/NILF23667/juan-abreu/"
"NILF10011";"Abruzzese, Alberto";"http://www.fantascienza.com/catalogo/autori/NILF10011/alberto-abruzzese/"
"NILF16063";"Accademia, ";"http://www.fantascienza.com/catalogo/autori/NILF16063/-accademia/"
"NILF26731";"Acciaro, Giuseppe";"http://www.fantascienza.com/catalogo/autori/NILF26731/giuseppe-acciaro/"
"NILF23643";"Accodo, Donato";"http://www.fantascienza.com/catalogo/autori/NILF23643/donato-accodo/"
"NILF20706";"Accornero, Piera";"http://www.fantascienza.com/catalogo/autori/NILF20706/piera-accornero/"
"NILF20514";"Acierno, Antonio";"http://www.fantascienza.com/catalogo/autori/NILF20514/antonio-acierno/"
"NILF17514";"Acker, Kathy";"http://www.fantascienza.com/catalogo/autori/NILF17514/kathy-acker/"
"NILF10012";"Ackerman, Forrest J.";"http://www.fantascienza.com/catalogo/autori/NILF10012/forrest-j-ackerman/"
"NILF20974";"Acquaviva, Lorenzo";"http://www.fantascienza.com/catalogo/autori/NILF20974/lorenzo-acquaviva/"
"NILF20487";"Acri, Maria Rosa";"http://www.fantascienza.com/catalogo/autori/NILF20487/maria-rosa-acri/"
"NILF23913";"Adam, P[ierre]";"http://www.fantascienza.com/catalogo/autori/NILF23913/pierre-adam/"
"NILF21787";"Adamo, Amalia";"http://www.fantascienza.com/catalogo/autori/NILF21787/amalia-adamo/"
"NILF10014";"Adams, Douglas";"http://www.fantascienza.com/catalogo/autori/NILF10014/douglas-adams/"
"NILF10015";"Adams, Duncan";"http://www.fantascienza.com/catalogo/autori/NILF10015/duncan-adams/"
"NILF17018";"Adams, Nicholas";"http://www.fantascienza.com/catalogo/autori/NILF17018/nicholas-adams/"
"NILF10016";"Adams, Pete";"http://www.fantascienza.com/catalogo/autori/NILF10016/pete-adams/"
"NILF10017";"Adams, Richard";"http://www.fantascienza.com/catalogo/autori/NILF10017/richard-adams/"
"NILF10019";"Adams, Stanley";"http://www.fantascienza.com/catalogo/autori/NILF10019/stanley-adams/"
"NILF24684";"Adamson, Andrew";"http://www.fantascienza.com/catalogo/autori/NILF24684/andrew-adamson/"
"NILF18735";"Adda, Carlo M.";"http://www.fantascienza.com/catalogo/autori/NILF18735/carlo-m-adda/"
"NILF20474";"Addamo, Sebastiano";"http://www.fantascienza.com/catalogo/autori/NILF20474/sebastiano-addamo/"
"NILF23286";"Adey, Robert";"http://www.fantascienza.com/catalogo/autori/NILF23286/robert-adey/"
"NILF20426";"Adleman, Robert H.";"http://www.fantascienza.com/catalogo/autori/NILF20426/robert-h-adleman/"
"NILF10021";"Adler, Allen";"http://www.fantascienza.com/catalogo/autori/NILF10021/allen-adler/"
"NILF10022";"Adler, Kalvin J.";"http://www.fantascienza.com/catalogo/autori/NILF10022/kalvin-j-adler/"
"NILF24818";"Adler, Warren";"http://www.fantascienza.com/catalogo/autori/NILF24818/warren-adler/"
"NILF17851";"Adler Jr., Bill";"http://www.fantascienza.com/catalogo/autori/NILF17851/bill-adler-jr/"
"NILF10023";"Adolph, José B.";"http://www.fantascienza.com/catalogo/autori/NILF10023/jos-e-b-adolph/"
"NILF10024";"Adrian, Jack";"http://www.fantascienza.com/catalogo/autori/NILF10024/jack-adrian/"
"NILF16294";"Adriani, Nicoletta";"http://www.fantascienza.com/catalogo/autori/NILF16294/nicoletta-adriani/"
"NILF16910";"Adriano, Fiorenza";"http://www.fantascienza.com/catalogo/autori/NILF16910/fiorenza-adriano/"
"NILF10026";"Aellen, Richard";"http://www.fantascienza.com/catalogo/autori/NILF10026/richard-aellen/"
"NILF10027";"Afanasjev, Aleksandr Nikolaevič";"http://www.fantascienza.com/catalogo/autori/NILF10027/aleksandr-nikolaevic-afanasjev/"
"NILF10028";"Affigen, John";"http://www.fantascienza.com/catalogo/autori/NILF10028/john-affigen/"
"NILF16638";"Affinati, Eraldo";"http://www.fantascienza.com/catalogo/autori/NILF16638/eraldo-affinati/"
"NILF21452";"Ag & Sf, ";"http://www.fantascienza.com/catalogo/autori/NILF21452/-ag-and-sf/"
"NILF18092";"Aga-Rossi, Laura";"http://www.fantascienza.com/catalogo/autori/NILF18092/laura-aga-rossi/"
"NILF10030";"Agamben, Giorgio";"http://www.fantascienza.com/catalogo/autori/NILF10030/giorgio-agamben/"
"NILF22821";"Agaraff, Paolo";"http://www.fantascienza.com/catalogo/autori/NILF22821/paolo-agaraff/"
"NILF19348";"Ageev, M.";"http://www.fantascienza.com/catalogo/autori/NILF19348/m-ageev/"
"NILF22352";"Aghemo, Enrico";"http://www.fantascienza.com/catalogo/autori/NILF22352/enrico-aghemo/"
"NILF10032";"Aglialoro, Giuseppe";"http://www.fantascienza.com/catalogo/autori/NILF10032/giuseppe-aglialoro/"
"NILF17750";"Aglieri, Fulvio";"http://www.fantascienza.com/catalogo/autori/NILF17750/fulvio-aglieri/"
"NILF22462";"Aglietta, Federico";"http://www.fantascienza.com/catalogo/autori/NILF22462/federico-aglietta/"
"NILF26053";"Agnelli, Pierluigi";"http://www.fantascienza.com/catalogo/autori/NILF26053/pierluigi-agnelli/"
"NILF18032";"Agnew, Bruce A.";"http://www.fantascienza.com/catalogo/autori/NILF18032/bruce-a-agnew/"
"NILF25421";"Agnoletti, Giuseppe";"http://www.fantascienza.com/catalogo/autori/NILF25421/giuseppe-agnoletti/"
"NILF24934";"Agnoloni, Giovanni";"http://www.fantascienza.com/catalogo/autori/NILF24934/giovanni-agnoloni/"
"NILF16601";"Agosti, Maria Luisa Castellani";"http://www.fantascienza.com/catalogo/autori/NILF16601/maria-luisa-castellani-agosti/"
"NILF10033";"Agostini, Elena";"http://www.fantascienza.com/catalogo/autori/NILF10033/elena-agostini/"
"NILF10034";"Agostini, Laura";"http://www.fantascienza.com/catalogo/autori/NILF10034/laura-agostini/"
"NILF21332";"Agostini, Ludovico";"http://www.fantascienza.com/catalogo/autori/NILF21332/ludovico-agostini/"
"NILF25693";"Agostini, Luigi";"http://www.fantascienza.com/catalogo/autori/NILF25693/luigi-agostini/"
"NILF26407";"Agostini, Tiziana";"http://www.fantascienza.com/catalogo/autori/NILF26407/tiziana-agostini/"
"NILF20192";"Agrati, Gabriella";"http://www.fantascienza.com/catalogo/autori/NILF20192/gabriella-agrati/"
"NILF24483";"Agricoli, Carlo";"http://www.fantascienza.com/catalogo/autori/NILF24483/carlo-agricoli/"
"NILF10036";"Aguila, Arnoldo";"http://www.fantascienza.com/catalogo/autori/NILF10036/arnoldo-aguila/"
"NILF19994";"Aguilera, Juan Miguel";"http://www.fantascienza.com/catalogo/autori/NILF19994/juan-miguel-aguilera/"
"NILF16459";"Ah'Med Ech Chiruani, ";"http://www.fantascienza.com/catalogo/autori/NILF16459/-ah-med-ech-chiruani/"
"NILF25380";"Ahern, Cecelia";"http://www.fantascienza.com/catalogo/autori/NILF25380/cecelia-ahern/"
"NILF23455";"Aichinger, Ilse";"http://www.fantascienza.com/catalogo/autori/NILF23455/ilse-aichinger/"
"NILF10037";"Aickman, Robert";"http://www.fantascienza.com/catalogo/autori/NILF10037/robert-aickman/"
"NILF10038";"Aiken, Conrad";"http://www.fantascienza.com/catalogo/autori/NILF10038/conrad-aiken/"
"NILF10039";"Aiken, Joan";"http://www.fantascienza.com/catalogo/autori/NILF10039/joan-aiken/"
"NILF10040";"Aikin, Jim";"http://www.fantascienza.com/catalogo/autori/NILF10040/jim-aikin/"
"NILF19094";"Ainsworth, Ruth";"http://www.fantascienza.com/catalogo/autori/NILF19094/ruth-ainsworth/"
"NILF10041";"Ainsworth, William Harrison";"http://www.fantascienza.com/catalogo/autori/NILF10041/william-harrison-ainsworth/"
"NILF24708";"Aira, César";"http://www.fantascienza.com/catalogo/autori/NILF24708/c-esar-aira/"
"NILF10042";"Airaghi, Alida";"http://www.fantascienza.com/catalogo/autori/NILF10042/alida-airaghi/"
"NILF19599";"Aises, Jean";"http://www.fantascienza.com/catalogo/autori/NILF19599/jean-aises/"
"NILF26187";"Aislinn, ";"http://www.fantascienza.com/catalogo/autori/NILF26187/-aislinn/"
"NILF10044";"Ajtmatov, Čingiz";"http://www.fantascienza.com/catalogo/autori/NILF10044/cingiz-ajtmatov/"
"NILF19120";"Akerman, John Yonge";"http://www.fantascienza.com/catalogo/autori/NILF19120/john-yonge-akerman/"
"NILF10046";"Aksakov, Konstantin";"http://www.fantascienza.com/catalogo/autori/NILF10046/konstantin-aksakov/"
"NILF10047";"Aksenov, Vasilij Pavlovič";"http://www.fantascienza.com/catalogo/autori/NILF10047/vasilij-pavlovic-aksenov/"
"NILF10048";"Akutagawa Ryûnosuke, ";"http://www.fantascienza.com/catalogo/autori/NILF10048/-akutagawa-ryunosuke/"
"NILF20478";"Alajmo, Roberto";"http://www.fantascienza.com/catalogo/autori/NILF20478/roberto-alajmo/"
"NILF10049";"Alan, A. J.";"http://www.fantascienza.com/catalogo/autori/NILF10049/a-j-alan/"
"NILF25471";"Albanese, Emiliano R.";"http://www.fantascienza.com/catalogo/autori/NILF25471/emiliano-r-albanese/"
"NILF21666";"Albanese, Francesco";"http://www.fantascienza.com/catalogo/autori/NILF21666/francesco-albanese/"
"NILF24469";"Albani, Massimo";"http://www.fantascienza.com/catalogo/autori/NILF24469/massimo-albani/"
"NILF10051";"Albee, George Sumner";"http://www.fantascienza.com/catalogo/autori/NILF10051/george-sumner-albee/"
"NILF16583";"Alberi, Ettore";"http://www.fantascienza.com/catalogo/autori/NILF16583/ettore-alberi/"
"NILF22942";"Alberici, Andrea";"http://www.fantascienza.com/catalogo/autori/NILF22942/andrea-alberici/"
"NILF10052";"Albertazzi, Adolfo";"http://www.fantascienza.com/catalogo/autori/NILF10052/adolfo-albertazzi/"
"NILF10053";"Albertazzi, Ferdinando";"http://www.fantascienza.com/catalogo/autori/NILF10053/ferdinando-albertazzi/"
"NILF23120";"Albertazzi, Giorgio";"http://www.fantascienza.com/catalogo/autori/NILF23120/giorgio-albertazzi/"
"NILF10055";"Albertazzi, Nico";"http://www.fantascienza.com/catalogo/autori/NILF10055/nico-albertazzi/"
"NILF24581";"Albertazzi, Silvia";"http://www.fantascienza.com/catalogo/autori/NILF24581/silvia-albertazzi/"
"NILF10056";"Alberti, Alberto";"http://www.fantascienza.com/catalogo/autori/NILF10056/alberto-alberti/"
"NILF10057";"Alberti, Arnaldo";"http://www.fantascienza.com/catalogo/autori/NILF10057/arnaldo-alberti/"
"NILF10058";"Alberti, Carlo";"http://www.fantascienza.com/catalogo/autori/NILF10058/carlo-alberti/"
"NILF20488";"Albesano, Sergio";"http://www.fantascienza.com/catalogo/autori/NILF20488/sergio-albesano/"
"NILF21088";"Albieri, Guido";"http://www.fantascienza.com/catalogo/autori/NILF21088/guido-albieri/"
"NILF20557";"Albino, Ettore";"http://www.fantascienza.com/catalogo/autori/NILF20557/ettore-albino/"
"NILF17545";"Albright, Robert C.";"http://www.fantascienza.com/catalogo/autori/NILF17545/robert-c-albright/"
"NILF22291";"Albrizio, Simona";"http://www.fantascienza.com/catalogo/autori/NILF22291/simona-albrizio/"
"NILF17877";"Alcock, Vivien";"http://www.fantascienza.com/catalogo/autori/NILF17877/vivien-alcock/"
"NILF22297";"Alcott, Louisa May";"http://www.fantascienza.com/catalogo/autori/NILF22297/louisa-may-alcott/"
"NILF10059";"Aldani, Lino";"http://www.fantascienza.com/catalogo/autori/NILF10059/lino-aldani/"
"NILF18072";"Aldany, Kim";"http://www.fantascienza.com/catalogo/autori/NILF18072/kim-aldany/"
"NILF18063";"Alden, Ken";"http://www.fantascienza.com/catalogo/autori/NILF18063/ken-alden/"
"NILF10061";"Alden, W. L";"http://www.fantascienza.com/catalogo/autori/NILF10061/w-l-alden/"
"NILF10062";"Aldiss, Brian W.";"http://www.fantascienza.com/catalogo/autori/NILF10062/brian-w-aldiss/"
"NILF16460";"Aldrich, Thomas Bailey";"http://www.fantascienza.com/catalogo/autori/NILF16460/thomas-bailey-aldrich/"
"NILF10063";"Aldridge, Alan";"http://www.fantascienza.com/catalogo/autori/NILF10063/alan-aldridge/"
"NILF10065";"Aldridge, Ray";"http://www.fantascienza.com/catalogo/autori/NILF10065/ray-aldridge/"
"NILF17354";"Aldrin, Buzz";"http://www.fantascienza.com/catalogo/autori/NILF17354/buzz-aldrin/"
"NILF19766";"Alemanno, Michele";"http://www.fantascienza.com/catalogo/autori/NILF19766/michele-alemanno/"
"NILF10066";"Alessandri, Ferruccio";"http://www.fantascienza.com/catalogo/autori/NILF10066/ferruccio-alessandri/"
"NILF19057";"Alessandrini, Luca";"http://www.fantascienza.com/catalogo/autori/NILF19057/luca-alessandrini/"
"NILF18724";"Alessandrini, Silvano";"http://www.fantascienza.com/catalogo/autori/NILF18724/silvano-alessandrini/"
"NILF25154";"Alessandro, Toni";"http://www.fantascienza.com/catalogo/autori/NILF25154/toni-alessandro/"
"NILF25142";"Alessio, Fabio";"http://www.fantascienza.com/catalogo/autori/NILF25142/fabio-alessio/"
"NILF21437";"Alexander, Arno";"http://www.fantascienza.com/catalogo/autori/NILF21437/arno-alexander/"
"NILF10068";"Alexander, David";"http://www.fantascienza.com/catalogo/autori/NILF10068/david-alexander/"
"NILF10069";"Alexander, Gary";"http://www.fantascienza.com/catalogo/autori/NILF10069/gary-alexander/"
"NILF10070";"Alexander, Lloyd";"http://www.fantascienza.com/catalogo/autori/NILF10070/lloyd-alexander/"
"NILF20849";"Alexander, Ruth";"http://www.fantascienza.com/catalogo/autori/NILF20849/ruth-alexander/"
"NILF23161";"Alexander, Wilma E.";"http://www.fantascienza.com/catalogo/autori/NILF23161/wilma-e-alexander/"
"NILF10071";"Alexandrian, Sarane";"http://www.fantascienza.com/catalogo/autori/NILF10071/sarane-alexandrian/"
"NILF10072";"Alexie, Sherman";"http://www.fantascienza.com/catalogo/autori/NILF10072/sherman-alexie/"
"NILF21378";"Alfani, Guido";"http://www.fantascienza.com/catalogo/autori/NILF21378/guido-alfani/"
"NILF24719";"Alfani, Maria Rosaria";"http://www.fantascienza.com/catalogo/autori/NILF24719/maria-rosaria-alfani/"
"NILF16647";"Alfieri, Renato";"http://www.fantascienza.com/catalogo/autori/NILF16647/renato-alfieri/"
"NILF10073";"Alibrandi, Gaetano";"http://www.fantascienza.com/catalogo/autori/NILF10073/gaetano-alibrandi/"
"NILF16119";"Aliens, ";"http://www.fantascienza.com/catalogo/autori/NILF16119/-aliens/"
"NILF19698";"Alinari, Luigi Luca";"http://www.fantascienza.com/catalogo/autori/NILF19698/luigi-luca-alinari/"
"NILF22873";"Aliotta, Bruno";"http://www.fantascienza.com/catalogo/autori/NILF22873/bruno-aliotta/"
"NILF21656";"Alippi, T.";"http://www.fantascienza.com/catalogo/autori/NILF21656/t-alippi/"
"NILF10074";"Allais, Alphonse";"http://www.fantascienza.com/catalogo/autori/NILF10074/alphonse-allais/"
"NILF23358";"Allan, Ahlberg";"http://www.fantascienza.com/catalogo/autori/NILF23358/ahlberg-allan/"
"NILF20289";"Allan, Vicky";"http://www.fantascienza.com/catalogo/autori/NILF20289/vicky-allan/"
"NILF10077";"Allen, Grant";"http://www.fantascienza.com/catalogo/autori/NILF10077/grant-allen/"
"NILF22200";"Allen, P.";"http://www.fantascienza.com/catalogo/autori/NILF22200/p-allen/"
"NILF10078";"Allen, Roger MacBride";"http://www.fantascienza.com/catalogo/autori/NILF10078/roger-macbride-allen/"
"NILF23212";"Allen, Steve";"http://www.fantascienza.com/catalogo/autori/NILF23212/steve-allen/"
"NILF10079";"Allen, Woody";"http://www.fantascienza.com/catalogo/autori/NILF10079/woody-allen/"
"NILF21888";"Allende, Isabel";"http://www.fantascienza.com/catalogo/autori/NILF21888/isabel-allende/"
"NILF23888";"Allert-Wybranietz, Kristiane";"http://www.fantascienza.com/catalogo/autori/NILF23888/kristiane-allert-wybranietz/"
"NILF16553";"Alleva, Annelise";"http://www.fantascienza.com/catalogo/autori/NILF16553/annelise-alleva/"
"NILF23543";"Alliata, Michela Vanon";"http://www.fantascienza.com/catalogo/autori/NILF23543/michela-vanon-alliata/"
"NILF24196";"Allie, Scott";"http://www.fantascienza.com/catalogo/autori/NILF24196/scott-allie/"
"NILF25153";"Allocco, Omar";"http://www.fantascienza.com/catalogo/autori/NILF25153/omar-allocco/"
"NILF21775";"Allori, Furio";"http://www.fantascienza.com/catalogo/autori/NILF21775/furio-allori/"
"NILF16495";"Almansi, Guido";"http://www.fantascienza.com/catalogo/autori/NILF16495/guido-almansi/"
"NILF25728";"Almanzi, V[entura]";"http://www.fantascienza.com/catalogo/autori/NILF25728/ventura-almanzi/"
"NILF19593";"Almond, David";"http://www.fantascienza.com/catalogo/autori/NILF19593/david-almond/"
"NILF25348";"Almozara, Ángel Olivera";"http://www.fantascienza.com/catalogo/autori/NILF25348/angel-olivera-almozara/"
"NILF18038";"Alò, Mauro Ignazio";"http://www.fantascienza.com/catalogo/autori/NILF18038/mauro-ignazio-alo/"
"NILF25640";"Aloi, Dino";"http://www.fantascienza.com/catalogo/autori/NILF25640/dino-aloi/"
"NILF22247";"Alovisio, Silvio";"http://www.fantascienza.com/catalogo/autori/NILF22247/silvio-alovisio/"
"NILF10080";"Alper, Gerard Arthur";"http://www.fantascienza.com/catalogo/autori/NILF10080/gerard-arthur-alper/"
"NILF26344";"Alpert, Mark";"http://www.fantascienza.com/catalogo/autori/NILF26344/mark-alpert/"
"NILF16709";"Alschuler, William R.";"http://www.fantascienza.com/catalogo/autori/NILF16709/william-r-alschuler/"
"NILF19083";"Altea, Rosemary";"http://www.fantascienza.com/catalogo/autori/NILF19083/rosemary-altea/"
"NILF17034";"Alten, Steve";"http://www.fantascienza.com/catalogo/autori/NILF17034/steve-alten/"
"NILF10081";"Alter, Robert Edmond";"http://www.fantascienza.com/catalogo/autori/NILF10081/robert-edmond-alter/"
"NILF10082";"Altieri, Alan D.";"http://www.fantascienza.com/catalogo/autori/NILF10082/alan-d-altieri/"
"NILF16076";"Altman, Peter";"http://www.fantascienza.com/catalogo/autori/NILF16076/peter-altman/"
"NILF10085";"Altomare, Donato";"http://www.fantascienza.com/catalogo/autori/NILF10085/donato-altomare/"
"NILF10086";"Altomonte, Antonio";"http://www.fantascienza.com/catalogo/autori/NILF10086/antonio-altomonte/"
"NILF16431";"Altov, Ghenrich";"http://www.fantascienza.com/catalogo/autori/NILF16431/ghenrich-altov/"
"NILF10088";"Alvaro, Corrado";"http://www.fantascienza.com/catalogo/autori/NILF10088/corrado-alvaro/"
"NILF24262";"Alvaro, Salvatore";"http://www.fantascienza.com/catalogo/autori/NILF24262/salvatore-alvaro/"
"NILF25013";"Alward, Emily";"http://www.fantascienza.com/catalogo/autori/NILF25013/emily-alward/"
"NILF10089";"Alzona, Minnie";"http://www.fantascienza.com/catalogo/autori/NILF10089/minnie-alzona/"
"NILF16136";"Amadeo, Gherardo";"http://www.fantascienza.com/catalogo/autori/NILF16136/gherardo-amadeo/"
"NILF10090";"Amadigi, Alessio";"http://www.fantascienza.com/catalogo/autori/NILF10090/alessio-amadigi/"
"NILF10091";"Amadio, Ennio";"http://www.fantascienza.com/catalogo/autori/NILF10091/ennio-amadio/"
"NILF10092";"Amadio, Flavio Massimo";"http://www.fantascienza.com/catalogo/autori/NILF10092/flavio-massimo-amadio/"
"NILF24205";"Amado, Jorge";"http://www.fantascienza.com/catalogo/autori/NILF24205/jorge-amado/"
"NILF24153";"Amadori, Nino";"http://www.fantascienza.com/catalogo/autori/NILF24153/nino-amadori/"
"NILF26034";"Amantea, Giuseppe";"http://www.fantascienza.com/catalogo/autori/NILF26034/giuseppe-amantea/"
"NILF26100";"Amati, Emanuela";"http://www.fantascienza.com/catalogo/autori/NILF26100/emanuela-amati/"
"NILF10093";"Amato, Filadelfo";"http://www.fantascienza.com/catalogo/autori/NILF10093/filadelfo-amato/"
"NILF23265";"Amato, Giandomenico";"http://www.fantascienza.com/catalogo/autori/NILF23265/giandomenico-amato/"
"NILF10094";"Amato, Giuseppe";"http://www.fantascienza.com/catalogo/autori/NILF10094/giuseppe-amato/"
"NILF20412";"Amato, Giuseppe";"http://www.fantascienza.com/catalogo/autori/NILF20412/giuseppe-amato/"
"NILF23064";"Amato, Manuela Guarino";"http://www.fantascienza.com/catalogo/autori/NILF23064/manuela-guarino-amato/"
"NILF19647";"Ambesi, Alberto Cesare";"http://www.fantascienza.com/catalogo/autori/NILF19647/alberto-cesare-ambesi/"
"NILF15966";"Ambler, Eric";"http://www.fantascienza.com/catalogo/autori/NILF15966/eric-ambler/"
"NILF23413";"Amboldi, Angelo Cesare";"http://www.fantascienza.com/catalogo/autori/NILF23413/angelo-cesare-amboldi/"
"NILF16026";"Ambri, Andrea";"http://www.fantascienza.com/catalogo/autori/NILF16026/andrea-ambri/"
"NILF19779";"Ambrogi, Massimo";"http://www.fantascienza.com/catalogo/autori/NILF19779/massimo-ambrogi/"
"NILF17653";"Ambrogi, Silvano";"http://www.fantascienza.com/catalogo/autori/NILF17653/silvano-ambrogi/"
"NILF23220";"Ambrogio, Ignazio";"http://www.fantascienza.com/catalogo/autori/NILF23220/ignazio-ambrogio/"
"NILF17923";"Ambrose, Carl";"http://www.fantascienza.com/catalogo/autori/NILF17923/carl-ambrose/"
"NILF20721";"Ambrose, David";"http://www.fantascienza.com/catalogo/autori/NILF20721/david-ambrose/"
"NILF20799";"Ambrose, Stephen E.";"http://www.fantascienza.com/catalogo/autori/NILF20799/stephen-e-ambrose/"
"NILF10095";"Ambrosetti, Cristiana";"http://www.fantascienza.com/catalogo/autori/NILF10095/cristiana-ambrosetti/"
"NILF20991";"Ambrosiano, Aurelia";"http://www.fantascienza.com/catalogo/autori/NILF20991/aurelia-ambrosiano/"
"NILF25511";"Ambrosini, Angela";"http://www.fantascienza.com/catalogo/autori/NILF25511/angela-ambrosini/"
"NILF21461";"Ambrosini, Dario";"http://www.fantascienza.com/catalogo/autori/NILF21461/dario-ambrosini/"
"NILF16428";"Ambrosini, Gianfranco";"http://www.fantascienza.com/catalogo/autori/NILF16428/gianfranco-ambrosini/"
"NILF16893";"Ambrosini, Pietro";"http://www.fantascienza.com/catalogo/autori/NILF16893/pietro-ambrosini/"
"NILF20835";"Ambrosini, Richard";"http://www.fantascienza.com/catalogo/autori/NILF20835/richard-ambrosini/"
"NILF18502";"Ambrosini, S. Raul";"http://www.fantascienza.com/catalogo/autori/NILF18502/s-raul-ambrosini/"
"NILF10096";"Ambrosioni, Maria Antonietta";"http://www.fantascienza.com/catalogo/autori/NILF10096/maria-antonietta-ambrosioni/"
"NILF16614";"Ambrosoli, Roberto";"http://www.fantascienza.com/catalogo/autori/NILF16614/roberto-ambrosoli/"
"NILF19466";"Amelia, Eusebio";"http://www.fantascienza.com/catalogo/autori/NILF19466/eusebio-amelia/"
"NILF19487";"Amelio, Gianni";"http://www.fantascienza.com/catalogo/autori/NILF19487/gianni-amelio/"
"NILF23500";"Amendola, Alessandro";"http://www.fantascienza.com/catalogo/autori/NILF23500/alessandro-amendola/"
"NILF17855";"Amerika, Mark";"http://www.fantascienza.com/catalogo/autori/NILF17855/mark-amerika/"
"NILF10098";"Amici, Giuliano";"http://www.fantascienza.com/catalogo/autori/NILF10098/giuliano-amici/"
"NILF21871";"Amico, Angela";"http://www.fantascienza.com/catalogo/autori/NILF21871/angela-amico/"
"NILF23578";"Amigoni, Ferdinando";"http://www.fantascienza.com/catalogo/autori/NILF23578/ferdinando-amigoni/"
"NILF26345";"Amin, Ibrahim S.";"http://www.fantascienza.com/catalogo/autori/NILF26345/ibrahim-s-amin/"
"NILF10100";"Amis, Kingsley";"http://www.fantascienza.com/catalogo/autori/NILF10100/kingsley-amis/"
"NILF10101";"Amis, Martin";"http://www.fantascienza.com/catalogo/autori/NILF10101/martin-amis/"
"NILF16968";"Ammaniti, Niccolò";"http://www.fantascienza.com/catalogo/autori/NILF16968/niccolo-ammaniti/"
"NILF25605";"Ammirati, Patrizia";"http://www.fantascienza.com/catalogo/autori/NILF25605/patrizia-ammirati/"
"NILF18904";"Amodio, Luigi";"http://www.fantascienza.com/catalogo/autori/NILF18904/luigi-amodio/"
"NILF20221";"Amoretti, Giovanni Vittorio";"http://www.fantascienza.com/catalogo/autori/NILF20221/giovanni-vittorio-amoretti/"
"NILF26723";"Amoroso, Giovanna";"http://www.fantascienza.com/catalogo/autori/NILF26723/giovanna-amoroso/"
"NILF16514";"Amoruso, Vito";"http://www.fantascienza.com/catalogo/autori/NILF16514/vito-amoruso/"
"NILF25765";"Amory, Jay";"http://www.fantascienza.com/catalogo/autori/NILF25765/jay-amory/"
"NILF24755";"Amos, Tori";"http://www.fantascienza.com/catalogo/autori/NILF24755/tori-amos/"
"NILF10102";"Amosov, Nikolay Mikhailovič";"http://www.fantascienza.com/catalogo/autori/NILF10102/nikolay-mikhailovic-amosov/"
"NILF23925";"Amurri, [Antonio]";"http://www.fantascienza.com/catalogo/autori/NILF23925/antonio-amurri/"
"NILF16147";"Analog, ";"http://www.fantascienza.com/catalogo/autori/NILF16147/-analog/"
"NILF20681";"Anastasio, Fabrizio";"http://www.fantascienza.com/catalogo/autori/NILF20681/fabrizio-anastasio/"
"NILF22615";"Ancona, Ethel";"http://www.fantascienza.com/catalogo/autori/NILF22615/ethel-ancona/"
"NILF26629";"Anders, Günther";"http://www.fantascienza.com/catalogo/autori/NILF26629/gunther-anders/"
"NILF24956";"Anders, Lou";"http://www.fantascienza.com/catalogo/autori/NILF24956/lou-anders/"
"NILF10103";"Anders, Paul";"http://www.fantascienza.com/catalogo/autori/NILF10103/paul-anders/"
"NILF16488";"Andersch, Alfred";"http://www.fantascienza.com/catalogo/autori/NILF16488/alfred-andersch/"
"NILF10104";"Andersen, Hans Christian";"http://www.fantascienza.com/catalogo/autori/NILF10104/hans-christian-andersen/"
"NILF10105";"Andersen, Joseph R.";"http://www.fantascienza.com/catalogo/autori/NILF10105/joseph-r-andersen/"
"NILF10106";"Andersen, Phill";"http://www.fantascienza.com/catalogo/autori/NILF10106/phill-andersen/"
"NILF10112";"Anderson, C. Dean";"http://www.fantascienza.com/catalogo/autori/NILF10112/c-dean-anderson/"
"NILF10107";"Anderson, Chester";"http://www.fantascienza.com/catalogo/autori/NILF10107/chester-anderson/"
"NILF22777";"Anderson, Darrel";"http://www.fantascienza.com/catalogo/autori/NILF22777/darrel-anderson/"
"NILF20688";"Anderson, Douglas A.";"http://www.fantascienza.com/catalogo/autori/NILF20688/douglas-a-anderson/"
"NILF20546";"Anderson, Frederick Irving";"http://www.fantascienza.com/catalogo/autori/NILF20546/frederick-irving-anderson/"
"NILF25322";"Anderson, Janet S.";"http://www.fantascienza.com/catalogo/autori/NILF25322/janet-s-anderson/"
"NILF24353";"Anderson, Javonna L.";"http://www.fantascienza.com/catalogo/autori/NILF24353/javonna-l-anderson/"
"NILF10108";"Anderson, Karen";"http://www.fantascienza.com/catalogo/autori/NILF10108/karen-anderson/"
"NILF10109";"Anderson, Kevin J.";"http://www.fantascienza.com/catalogo/autori/NILF10109/kevin-j-anderson/"
"NILF22697";"Anderson, M. T.";"http://www.fantascienza.com/catalogo/autori/NILF22697/m-t-anderson/"
"NILF24389";"Anderson, Margaret";"http://www.fantascienza.com/catalogo/autori/NILF24389/margaret-anderson/"
"NILF10111";"Anderson, Poul";"http://www.fantascienza.com/catalogo/autori/NILF10111/poul-anderson/"
"NILF10113";"Andersson, Leif";"http://www.fantascienza.com/catalogo/autori/NILF10113/leif-andersson/"
"NILF21548";"Andò, Angela";"http://www.fantascienza.com/catalogo/autori/NILF21548/angela-ando/"
"NILF10116";"Andreini, Cirano";"http://www.fantascienza.com/catalogo/autori/NILF10116/cirano-andreini/"
"NILF10117";"Andreocci, Paolo";"http://www.fantascienza.com/catalogo/autori/NILF10117/paolo-andreocci/"
"NILF20641";"Andreoli, Vittorino";"http://www.fantascienza.com/catalogo/autori/NILF20641/vittorino-andreoli/"
"NILF10118";"Andreone, Francis";"http://www.fantascienza.com/catalogo/autori/NILF10118/francis-andreone/"
"NILF24482";"Andreoni, Marzia";"http://www.fantascienza.com/catalogo/autori/NILF24482/marzia-andreoni/"
"NILF22340";"Andreotti, Antonio";"http://www.fantascienza.com/catalogo/autori/NILF22340/antonio-andreotti/"
"NILF20462";"Andreotti, Giulio";"http://www.fantascienza.com/catalogo/autori/NILF20462/giulio-andreotti/"
"NILF21370";"Andreotti, Giulio";"http://www.fantascienza.com/catalogo/autori/NILF21370/giulio-andreotti/"
"NILF10119";"Andrevon, Jean-Pierre";"http://www.fantascienza.com/catalogo/autori/NILF10119/jean-pierre-andrevon/"
"NILF10122";"Andrews, J. Chapman";"http://www.fantascienza.com/catalogo/autori/NILF10122/j-chapman-andrews/"
"NILF10123";"Andrews, J. Edwin";"http://www.fantascienza.com/catalogo/autori/NILF10123/j-edwin-andrews/"
"NILF20853";"Andrews, Lynn V.";"http://www.fantascienza.com/catalogo/autori/NILF20853/lynn-v-andrews/"
"NILF10124";"Andrews, Mavis J.";"http://www.fantascienza.com/catalogo/autori/NILF10124/mavis-j-andrews/"
"NILF10125";"Andrews, Thomas B.";"http://www.fantascienza.com/catalogo/autori/NILF10125/thomas-b-andrews/"
"NILF10126";"Andrews, V. C.";"http://www.fantascienza.com/catalogo/autori/NILF10126/v-c-andrews/"
"NILF10127";"Andreyeff, Leonid";"http://www.fantascienza.com/catalogo/autori/NILF10127/leonid-andreyeff/"
"NILF17708";"Andrighetti, Flavio";"http://www.fantascienza.com/catalogo/autori/NILF17708/flavio-andrighetti/"
"NILF10130";"Andronico, P.";"http://www.fantascienza.com/catalogo/autori/NILF10130/p-andronico/"
"NILF10131";"Andrzejewski, Jerzy";"http://www.fantascienza.com/catalogo/autori/NILF10131/jerzy-andrzejewski/"
"NILF10132";"Andujar, E. Amalia";"http://www.fantascienza.com/catalogo/autori/NILF10132/e-amalia-andujar/"
"NILF26736";"Anelli, Rossella";"http://www.fantascienza.com/catalogo/autori/NILF26736/rossella-anelli/"
"NILF24403";"Anfuso, Linda";"http://www.fantascienza.com/catalogo/autori/NILF24403/linda-anfuso/"
"NILF21067";"Angela, Piero";"http://www.fantascienza.com/catalogo/autori/NILF21067/piero-angela/"
"NILF25455";"Angelinelli, Francesca";"http://www.fantascienza.com/catalogo/autori/NILF25455/francesca-angelinelli/"
"NILF11251";"Angelini, Claudio";"http://www.fantascienza.com/catalogo/autori/NILF11251/claudio-angelini/"
"NILF24455";"Angelini, Emiliano";"http://www.fantascienza.com/catalogo/autori/NILF24455/emiliano-angelini/"
"NILF20380";"Angenot, Marc";"http://www.fantascienza.com/catalogo/autori/NILF20380/marc-angenot/"
"NILF24376";"Angerhuber, Eddie M.";"http://www.fantascienza.com/catalogo/autori/NILF24376/eddie-m-angerhuber/"
"NILF16870";"Anghinoni, Roberto";"http://www.fantascienza.com/catalogo/autori/NILF16870/roberto-anghinoni/"
"NILF17967";"Angioletti, Giovanni Battista";"http://www.fantascienza.com/catalogo/autori/NILF17967/giovanni-battista-angioletti/"
"NILF21717";"Angiolino, Andrea";"http://www.fantascienza.com/catalogo/autori/NILF21717/andrea-angiolino/"
"NILF16820";"Angri, Mario";"http://www.fantascienza.com/catalogo/autori/NILF16820/mario-angri/"
"NILF23019";"Anguissola, Giana";"http://www.fantascienza.com/catalogo/autori/NILF23019/giana-anguissola/"
"NILF11255";"Aniante, Antonio";"http://www.fantascienza.com/catalogo/autori/NILF11255/antonio-aniante/"
"NILF22804";"Anile, Alberto";"http://www.fantascienza.com/catalogo/autori/NILF22804/alberto-anile/"
"NILF18973";"Annibaldis, Giacomo";"http://www.fantascienza.com/catalogo/autori/NILF18973/giacomo-annibaldis/"
"NILF22499";"Anonima [hal Belson], ";"http://www.fantascienza.com/catalogo/autori/NILF22499/-anonima-hal-belson/"
"NILF20539";"Anonimi, I DUE";"http://www.fantascienza.com/catalogo/autori/NILF20539/i-due-anonimi/"
"NILF11259";"Anonimi Cinesi, ";"http://www.fantascienza.com/catalogo/autori/NILF11259/-anonimi-cinesi/"
"NILF11260";"Anonimi Gotici, ";"http://www.fantascienza.com/catalogo/autori/NILF11260/-anonimi-gotici/"
"NILF24462";"Anonimi Torinesi, ";"http://www.fantascienza.com/catalogo/autori/NILF24462/-anonimi-torinesi/"
"NILF18483";"Anonimo, ";"http://www.fantascienza.com/catalogo/autori/NILF18483/-anonimo/"
"NILF18830";"Anonimo (1856), ";"http://www.fantascienza.com/catalogo/autori/NILF18830/-anonimo-1856/"
"NILF21425";"Anonimo (affascinatore/fascinax), ";"http://www.fantascienza.com/catalogo/autori/NILF21425/-anonimo-affascinatorefascinax/"
"NILF16273";"Anonimo (africano), ";"http://www.fantascienza.com/catalogo/autori/NILF16273/-anonimo-africano/"
"NILF26672";"Anonimo (almanacco Del Mistero), ";"http://www.fantascienza.com/catalogo/autori/NILF26672/-anonimo-almanacco-del-mistero/"
"NILF17683";"Anonimo (celtico), ";"http://www.fantascienza.com/catalogo/autori/NILF17683/-anonimo-celtico/"
"NILF21308";"ANONIMO (da ""L'Ecran Fantastique""), ";"http://www.fantascienza.com/catalogo/autori/NILF21308/-anonimo-da-l-ecran-fantastique/"
"NILF18829";"Anonimo (dal Mabinogion), ";"http://www.fantascienza.com/catalogo/autori/NILF18829/-anonimo-dal-mabinogion/"
"NILF20422";"Anonimo (ed. Elle), ";"http://www.fantascienza.com/catalogo/autori/NILF20422/-anonimo-ed-elle/"
"NILF18582";"Anonimo (erotico), ";"http://www.fantascienza.com/catalogo/autori/NILF18582/-anonimo-erotico/"
"NILF19139";"Anonimo (giunti Marzocco), ";"http://www.fantascienza.com/catalogo/autori/NILF19139/-anonimo-giunti-marzocco/"
"NILF21062";"Anonimo (grande Encicl. Della Fantascienza), ";"http://www.fantascienza.com/catalogo/autori/NILF21062/-anonimo-grande-encicl-della-fantascienza/"
"NILF24035";"Anonimo (i.w.s.), ";"http://www.fantascienza.com/catalogo/autori/NILF24035/-anonimo-iws/"
"NILF19140";"Anonimo (il Cerchio Del Mistero), ";"http://www.fantascienza.com/catalogo/autori/NILF19140/-anonimo-il-cerchio-del-mistero/"
"NILF24031";"Anonimo (il Fantasma Dei Grattacieli), ";"http://www.fantascienza.com/catalogo/autori/NILF24031/-anonimo-il-fantasma-dei-grattacieli/"
"NILF23997";"Anonimo (il Pirata Del Cielo), ";"http://www.fantascienza.com/catalogo/autori/NILF23997/-anonimo-il-pirata-del-cielo/"
"NILF18001";"Anonimo (indiano Ii Sec. D. C.), ";"http://www.fantascienza.com/catalogo/autori/NILF18001/-anonimo-indiano-ii-sec-d-c/"
"NILF16560";"Anonimo (inglese), ";"http://www.fantascienza.com/catalogo/autori/NILF16560/-anonimo-inglese/"
"NILF21434";"Anonimo (l'Uomo Senza Nome), ";"http://www.fantascienza.com/catalogo/autori/NILF21434/-anonimo-l-uomo-senza-nome/"
"NILF24029";"Anonimo (lord Lister), ";"http://www.fantascienza.com/catalogo/autori/NILF24029/-anonimo-lord-lister/"
"NILF21660";"Anonimo (medievale), ";"http://www.fantascienza.com/catalogo/autori/NILF21660/-anonimo-medievale/"
"NILF17709";"Anonimo (mille E Una Notte), ";"http://www.fantascienza.com/catalogo/autori/NILF17709/-anonimo-mille-e-una-notte/"
"NILF24028";"Anonimo (mister John Palmer), ";"http://www.fantascienza.com/catalogo/autori/NILF24028/-anonimo-mister-john-palmer/"
"NILF24033";"Anonimo (nat Pinkerton), ";"http://www.fantascienza.com/catalogo/autori/NILF24033/-anonimo-nat-pinkerton/"
"NILF23664";"Anonimo (new Orleans), ";"http://www.fantascienza.com/catalogo/autori/NILF23664/-anonimo-new-orleans/"
"NILF24174";"Anonimo (peruviano), ";"http://www.fantascienza.com/catalogo/autori/NILF24174/-anonimo-peruviano/"
"NILF24027";"Anonimo (peter Johnson), ";"http://www.fantascienza.com/catalogo/autori/NILF24027/-anonimo-peter-johnson/"
"NILF24032";"Anonimo (pinocchio Poliziotto), ";"http://www.fantascienza.com/catalogo/autori/NILF24032/-anonimo-pinocchio-poliziotto/"
"NILF24083";"Anonimo (russo), ";"http://www.fantascienza.com/catalogo/autori/NILF24083/-anonimo-russo/"
"NILF21433";"Anonimo (sir Ralf Clifford), ";"http://www.fantascienza.com/catalogo/autori/NILF21433/-anonimo-sir-ralf-clifford/"
"NILF20733";"Anonimo (spazio 1999), ";"http://www.fantascienza.com/catalogo/autori/NILF20733/-anonimo-spazio-1999/"
"NILF22211";"Anonimo (su Aeternum), ";"http://www.fantascienza.com/catalogo/autori/NILF22211/-anonimo-su-aeternum/"
"NILF20803";"Anonimo (su Astrotau), ";"http://www.fantascienza.com/catalogo/autori/NILF20803/-anonimo-su-astrotau/"
"NILF22686";"Anonimo (su Avventure Dell'Aria), ";"http://www.fantascienza.com/catalogo/autori/NILF22686/-anonimo-su-avventure-dell-aria/"
"NILF20738";"Anonimo (su Buffalo Bill), ";"http://www.fantascienza.com/catalogo/autori/NILF20738/-anonimo-su-buffalo-bill/"
"NILF22676";"Anonimo (su Circe 3), ";"http://www.fantascienza.com/catalogo/autori/NILF22676/-anonimo-su-circe-3/"
"NILF17596";"Anonimo (su Cyberpunkline), ";"http://www.fantascienza.com/catalogo/autori/NILF17596/-anonimo-su-cyberpunkline/"
"NILF22283";"Anonimo (su Fiabesca 56), ";"http://www.fantascienza.com/catalogo/autori/NILF22283/-anonimo-su-fiabesca-56/"
"NILF11268";"Anonimo (su Horror 10), ";"http://www.fantascienza.com/catalogo/autori/NILF11268/-anonimo-su-horror-10/"
"NILF11269";"Anonimo (su Horror Story 4), ";"http://www.fantascienza.com/catalogo/autori/NILF11269/-anonimo-su-horror-story-4/"
"NILF11270";"Anonimo (su Horror Story 5), ";"http://www.fantascienza.com/catalogo/autori/NILF11270/-anonimo-su-horror-story-5/"
"NILF11271";"Anonimo (su Horror Story 6), ";"http://www.fantascienza.com/catalogo/autori/NILF11271/-anonimo-su-horror-story-6/"
"NILF17542";"Anonimo (su I Mammut 51), ";"http://www.fantascienza.com/catalogo/autori/NILF17542/-anonimo-su-i-mammut-51/"
"NILF20486";"Anonimo (su I Romanzi Del Terrore), ";"http://www.fantascienza.com/catalogo/autori/NILF20486/-anonimo-su-i-romanzi-del-terrore/"
"NILF23941";"Anonimo (su Il Balilla), ";"http://www.fantascienza.com/catalogo/autori/NILF23941/-anonimo-su-il-balilla/"
"NILF23933";"Anonimo (su Il Cerchio Verde), ";"http://www.fantascienza.com/catalogo/autori/NILF23933/-anonimo-su-il-cerchio-verde/"
"NILF22690";"Anonimo (su Il Dominatore Dell'Aria), ";"http://www.fantascienza.com/catalogo/autori/NILF22690/-anonimo-su-il-dominatore-dell-aria/"
"NILF11272";"Anonimo (su Il Giallo D'Epoca 9), ";"http://www.fantascienza.com/catalogo/autori/NILF11272/-anonimo-su-il-giallo-d-epoca-9/"
"NILF23931";"Anonimo (su Intrepido), ";"http://www.fantascienza.com/catalogo/autori/NILF23931/-anonimo-su-intrepido/"
"NILF18910";"Anonimo (su Kama), ";"http://www.fantascienza.com/catalogo/autori/NILF18910/-anonimo-su-kama/"
"NILF18725";"Anonimo (su Kkk), ";"http://www.fantascienza.com/catalogo/autori/NILF18725/-anonimo-su-kkk/"
"NILF21482";"Anonimo (su Kkk), ";"http://www.fantascienza.com/catalogo/autori/NILF21482/-anonimo-su-kkk/"
"NILF24030";"Anonimo (su L'Illustrazione Dei Piccoli), ";"http://www.fantascienza.com/catalogo/autori/NILF24030/-anonimo-su-l-illustrazione-dei-piccoli/"
"NILF24042";"Anonimo (su Le Avventure Sensazionali), ";"http://www.fantascienza.com/catalogo/autori/NILF24042/-anonimo-su-le-avventure-sensazionali/"
"NILF21317";"Anonimo (su Mystero), ";"http://www.fantascienza.com/catalogo/autori/NILF21317/-anonimo-su-mystero/"
"NILF11274";"Anonimo (su Oscar Narrativa 1149), ";"http://www.fantascienza.com/catalogo/autori/NILF11274/-anonimo-su-oscar-narrativa-1149/"
"NILF20893";"Anonimo (su Profondo Nero), ";"http://www.fantascienza.com/catalogo/autori/NILF20893/-anonimo-su-profondo-nero/"
"NILF23970";"Anonimo (su Racconta Novelle), ";"http://www.fantascienza.com/catalogo/autori/NILF23970/-anonimo-su-racconta-novelle/"
"NILF17624";"Anonimo (su Racconti Stregati), ";"http://www.fantascienza.com/catalogo/autori/NILF17624/-anonimo-su-racconti-stregati/"
"NILF18890";"Anonimo (su Storie Vere Del Mondo Occulto), ";"http://www.fantascienza.com/catalogo/autori/NILF18890/-anonimo-su-storie-vere-del-mondo-occulto/"
"NILF16276";"Anonimo (su Super Fantascienza Illustrata), ";"http://www.fantascienza.com/catalogo/autori/NILF16276/-anonimo-su-super-fantascienza-illustrata/"
"NILF20457";"Anonimo (su Suspiria), ";"http://www.fantascienza.com/catalogo/autori/NILF20457/-anonimo-su-suspiria/"
"NILF21812";"Anonimo (su Test), ";"http://www.fantascienza.com/catalogo/autori/NILF21812/-anonimo-su-test/"
"NILF24003";"Anonimo (su Viaggi E Avventure), ";"http://www.fantascienza.com/catalogo/autori/NILF24003/-anonimo-su-viaggi-e-avventure/"
"NILF20460";"Anonimo (veneto), ";"http://www.fantascienza.com/catalogo/autori/NILF20460/-anonimo-veneto/"
"NILF23637";"Anonimo (vichingo), ";"http://www.fantascienza.com/catalogo/autori/NILF23637/-anonimo-vichingo/"
"NILF24038";"Anonimo (william King), ";"http://www.fantascienza.com/catalogo/autori/NILF24038/-anonimo-william-king/"
"NILF11261";"Anonimo (xiv Secolo), ";"http://www.fantascienza.com/catalogo/autori/NILF11261/-anonimo-xiv-secolo/"
"NILF18750";"Anonimo (xix Secolo), ";"http://www.fantascienza.com/catalogo/autori/NILF18750/-anonimo-xix-secolo/"
"NILF11262";"Anonimo (xix Secolo; Italiano), ";"http://www.fantascienza.com/catalogo/autori/NILF11262/-anonimo-xix-secolo-italiano/"
"NILF24590";"Anonimo (xv Secolo; Russo), ";"http://www.fantascienza.com/catalogo/autori/NILF24590/-anonimo-xv-secolo-russo/"
"NILF24591";"Anonimo (xv Secolo; Tedesco), ";"http://www.fantascienza.com/catalogo/autori/NILF24591/-anonimo-xv-secolo-tedesco/"
"NILF11263";"Anonimo (xviii Secolo), ";"http://www.fantascienza.com/catalogo/autori/NILF11263/-anonimo-xviii-secolo/"
"NILF11264";"Anonimo (xx Secolo), ";"http://www.fantascienza.com/catalogo/autori/NILF11264/-anonimo-xx-secolo/"
"NILF11265";"Anonimo (xx Secolo; Italiano), ";"http://www.fantascienza.com/catalogo/autori/NILF11265/-anonimo-xx-secolo-italiano/"
"NILF16477";"Anonimo Cinese (dinastia T'Ang), ";"http://www.fantascienza.com/catalogo/autori/NILF16477/-anonimo-cinese-dinastia-t-ang/"
"NILF11267";"Anonimo Del Xxxi Secolo, ";"http://www.fantascienza.com/catalogo/autori/NILF11267/-anonimo-del-xxxi-secolo/"
"NILF23526";"Anonimo Fiammingo, ";"http://www.fantascienza.com/catalogo/autori/NILF23526/-anonimo-fiammingo/"
"NILF26621";"Anonimo Romano, ";"http://www.fantascienza.com/catalogo/autori/NILF26621/-anonimo-romano/"
"NILF11277";"Anscombe, Roderick";"http://www.fantascienza.com/catalogo/autori/NILF11277/roderick-anscombe/"
"NILF21880";"Anseli, Michele";"http://www.fantascienza.com/catalogo/autori/NILF21880/michele-anseli/"
"NILF11278";"Anselmi, Luciano";"http://www.fantascienza.com/catalogo/autori/NILF11278/luciano-anselmi/"
"NILF23620";"Anselmi, Riccardo";"http://www.fantascienza.com/catalogo/autori/NILF23620/riccardo-anselmi/"
"NILF22664";"Anson, Jay";"http://www.fantascienza.com/catalogo/autori/NILF22664/jay-anson/"
"NILF11279";"Anstey, F.";"http://www.fantascienza.com/catalogo/autori/NILF11279/f-anstey/"
"NILF22075";"Anthares, ";"http://www.fantascienza.com/catalogo/autori/NILF22075/-anthares/"
"NILF11281";"Anthony, John";"http://www.fantascienza.com/catalogo/autori/NILF11281/john-anthony/"
"NILF11282";"Anthony, Mark";"http://www.fantascienza.com/catalogo/autori/NILF11282/mark-anthony/"
"NILF11283";"Anthony, Patricia";"http://www.fantascienza.com/catalogo/autori/NILF11283/patricia-anthony/"
"NILF11284";"Anthony, Piers";"http://www.fantascienza.com/catalogo/autori/NILF11284/piers-anthony/"
"NILF19330";"Antichi, Elisabetta";"http://www.fantascienza.com/catalogo/autori/NILF19330/elisabetta-antichi/"
"NILF11285";"Antieau, Kim";"http://www.fantascienza.com/catalogo/autori/NILF11285/kim-antieau/"
"NILF24831";"Antignani, Patrizia";"http://www.fantascienza.com/catalogo/autori/NILF24831/patrizia-antignani/"
"NILF20927";"Antoine, ";"http://www.fantascienza.com/catalogo/autori/NILF20927/-antoine/"
"NILF25236";"Antonaz, Roberto";"http://www.fantascienza.com/catalogo/autori/NILF25236/roberto-antonaz/"
"NILF23321";"Antonelli, Lucilla";"http://www.fantascienza.com/catalogo/autori/NILF23321/lucilla-antonelli/"
"NILF11286";"Antonelli, Luigi";"http://www.fantascienza.com/catalogo/autori/NILF11286/luigi-antonelli/"
"NILF21925";"Antonelli, Sara";"http://www.fantascienza.com/catalogo/autori/NILF21925/sara-antonelli/"
"NILF11287";"Antonetti, Maurizio";"http://www.fantascienza.com/catalogo/autori/NILF11287/maurizio-antonetti/"
"NILF22405";"Antonetto, Roberto";"http://www.fantascienza.com/catalogo/autori/NILF22405/roberto-antonetto/"
"NILF22874";"Antoni, Mino";"http://www.fantascienza.com/catalogo/autori/NILF22874/mino-antoni/"
"NILF26030";"Antonicelli, Franco";"http://www.fantascienza.com/catalogo/autori/NILF26030/franco-antonicelli/"
"NILF11288";"Antonielli, Sergio";"http://www.fantascienza.com/catalogo/autori/NILF11288/sergio-antonielli/"
"NILF24453";"Antonini, Christian";"http://www.fantascienza.com/catalogo/autori/NILF24453/christian-antonini/"
"NILF11289";"Antonioli, Giandomenico";"http://www.fantascienza.com/catalogo/autori/NILF11289/giandomenico-antonioli/"
"NILF21924";"Antrim, Donald";"http://www.fantascienza.com/catalogo/autori/NILF21924/donald-antrim/"
"NILF26710";"Antuzi, Marco";"http://www.fantascienza.com/catalogo/autori/NILF26710/marco-antuzi/"
"NILF11290";"Anvil, Christopher";"http://www.fantascienza.com/catalogo/autori/NILF11290/christopher-anvil/"
"NILF23058";"Anzaghi, Davide";"http://www.fantascienza.com/catalogo/autori/NILF23058/davide-anzaghi/"
"NILF24935";"Anzalone, Antonella";"http://www.fantascienza.com/catalogo/autori/NILF24935/antonella-anzalone/"
"NILF16761";"Anzilotti, Rolando";"http://www.fantascienza.com/catalogo/autori/NILF16761/rolando-anzilotti/"
"NILF11291";"Apollinaire, Guillame";"http://www.fantascienza.com/catalogo/autori/NILF11291/guillame-apollinaire/"
"NILF19320";"Apollonio, Carla";"http://www.fantascienza.com/catalogo/autori/NILF19320/carla-apollonio/"
"NILF19428";"Apollonio, Fulvio";"http://www.fantascienza.com/catalogo/autori/NILF19428/fulvio-apollonio/"
"NILF11292";"Apollonio, Mario";"http://www.fantascienza.com/catalogo/autori/NILF11292/mario-apollonio/"
"NILF18199";"Apone, Claudio";"http://www.fantascienza.com/catalogo/autori/NILF18199/claudio-apone/"
"NILF11293";"Apostolides, Alex";"http://www.fantascienza.com/catalogo/autori/NILF11293/alex-apostolides/"
"NILF26422";"Appiani, Virginio";"http://www.fantascienza.com/catalogo/autori/NILF26422/virginio-appiani/"
"NILF24025";"Apple, A. E.";"http://www.fantascienza.com/catalogo/autori/NILF24025/a-e-apple/"
"NILF17717";"Applegate, K. A.";"http://www.fantascienza.com/catalogo/autori/NILF17717/k-a-applegate/"
"NILF11295";"Appleton Ii, Victor";"http://www.fantascienza.com/catalogo/autori/NILF11295/victor-appleton-ii/"
"NILF19386";"Aprea, Stefano";"http://www.fantascienza.com/catalogo/autori/NILF19386/stefano-aprea/"
"NILF24963";"Apreda, Alessandro";"http://www.fantascienza.com/catalogo/autori/NILF24963/alessandro-apreda/"
"NILF11296";"April, Jean-Pierre";"http://www.fantascienza.com/catalogo/autori/NILF11296/jean-pierre-april/"
"NILF11297";"Apuchtin, Aleksej";"http://www.fantascienza.com/catalogo/autori/NILF11297/aleksej-apuchtin/"
"NILF11298";"Apuleio, ";"http://www.fantascienza.com/catalogo/autori/NILF11298/-apuleio/"
"NILF23357";"Aquilino, ";"http://www.fantascienza.com/catalogo/autori/NILF23357/-aquilino/"
"NILF17534";"Aquino, John T.";"http://www.fantascienza.com/catalogo/autori/NILF17534/john-t-aquino/"
"NILF21341";"Arango, Angel";"http://www.fantascienza.com/catalogo/autori/NILF21341/angel-arango/"
"NILF11300";"Araquistain, Luis";"http://www.fantascienza.com/catalogo/autori/NILF11300/luis-araquistain/"
"NILF17919";"Arbasino, Alberto";"http://www.fantascienza.com/catalogo/autori/NILF17919/alberto-arbasino/"
"NILF11303";"Arbitro, Gaio Petronio";"http://www.fantascienza.com/catalogo/autori/NILF11303/gaio-petronio-arbitro/"
"NILF19477";"Arcari, Alessandra";"http://www.fantascienza.com/catalogo/autori/NILF19477/alessandra-arcari/"
"NILF21776";"Arcellaschi, Monica";"http://www.fantascienza.com/catalogo/autori/NILF21776/monica-arcellaschi/"
"NILF11304";"Arch, E. L.";"http://www.fantascienza.com/catalogo/autori/NILF11304/e-l-arch/"
"NILF11305";"Archdeacon, E. M.";"http://www.fantascienza.com/catalogo/autori/NILF11305/e-m-archdeacon/"
"NILF24207";"Archer, Chris";"http://www.fantascienza.com/catalogo/autori/NILF24207/chris-archer/"
"NILF11306";"Archer, Jeffrey";"http://www.fantascienza.com/catalogo/autori/NILF11306/jeffrey-archer/"
"NILF11307";"Archette, Guy";"http://www.fantascienza.com/catalogo/autori/NILF11307/guy-archette/"
"NILF16707";"Archibald, David J.";"http://www.fantascienza.com/catalogo/autori/NILF16707/david-j-archibald/"
"NILF11308";"Archibugi, Albertina";"http://www.fantascienza.com/catalogo/autori/NILF11308/albertina-archibugi/"
"NILF22563";"Ardemagni, Luca";"http://www.fantascienza.com/catalogo/autori/NILF22563/luca-ardemagni/"
"NILF11309";"Arden, Joe";"http://www.fantascienza.com/catalogo/autori/NILF11309/joe-arden/"
"NILF19481";"Ardiccioni, Renzo";"http://www.fantascienza.com/catalogo/autori/NILF19481/renzo-ardiccioni/"
"NILF24392";"Ardito, Davide";"http://www.fantascienza.com/catalogo/autori/NILF24392/davide-ardito/"
"NILF21591";"Ardolino, Emiliano";"http://www.fantascienza.com/catalogo/autori/NILF21591/emiliano-ardolino/"
"NILF20222";"Arena, Leonardo Vittorio";"http://www.fantascienza.com/catalogo/autori/NILF20222/leonardo-vittorio-arena/"
"NILF16532";"Arena, Maria Paola";"http://www.fantascienza.com/catalogo/autori/NILF16532/maria-paola-arena/"
"NILF11310";"Aresi, Paolo";"http://www.fantascienza.com/catalogo/autori/NILF11310/paolo-aresi/"
"NILF19292";"Arganese, Giovanni";"http://www.fantascienza.com/catalogo/autori/NILF19292/giovanni-arganese/"
"NILF25747";"Argentieri, Giuseppe";"http://www.fantascienza.com/catalogo/autori/NILF25747/giuseppe-argentieri/"
"NILF16135";"Argento, Dario";"http://www.fantascienza.com/catalogo/autori/NILF16135/dario-argento/"
"NILF18299";"Argilli, Marcello";"http://www.fantascienza.com/catalogo/autori/NILF18299/marcello-argilli/"
"NILF24170";"Arguedas, José María";"http://www.fantascienza.com/catalogo/autori/NILF24170/jos-e-mar-ia-arguedas/"
"NILF25897";"Argüello, Javier";"http://www.fantascienza.com/catalogo/autori/NILF25897/javier-arguello/"
"NILF11311";"Arienti, Angelo";"http://www.fantascienza.com/catalogo/autori/NILF11311/angelo-arienti/"
"NILF25170";"Ariola, Danilo";"http://www.fantascienza.com/catalogo/autori/NILF25170/danilo-ariola/"
"NILF16360";"Ariosto, Ludovico";"http://www.fantascienza.com/catalogo/autori/NILF16360/ludovico-ariosto/"
"NILF17932";"Aristofane, ";"http://www.fantascienza.com/catalogo/autori/NILF17932/-aristofane/"
"NILF16850";"Arkhipov, Anatolij";"http://www.fantascienza.com/catalogo/autori/NILF16850/anatolij-arkhipov/"
"NILF11312";"Arkin, Alan";"http://www.fantascienza.com/catalogo/autori/NILF11312/alan-arkin/"
"NILF20735";"Arley, Catherine";"http://www.fantascienza.com/catalogo/autori/NILF20735/catherine-arley/"
"NILF18808";"Arlt, Roberto";"http://www.fantascienza.com/catalogo/autori/NILF18808/roberto-arlt/"
"NILF25892";"Armato, Cristiano";"http://www.fantascienza.com/catalogo/autori/NILF25892/cristiano-armato/"
"NILF16645";"Armellini, Guido";"http://www.fantascienza.com/catalogo/autori/NILF16645/guido-armellini/"
"NILF11314";"Armen, Margaret";"http://www.fantascienza.com/catalogo/autori/NILF11314/margaret-armen/"
"NILF16117";"Armenia, Giovanni";"http://www.fantascienza.com/catalogo/autori/NILF16117/giovanni-armenia/"
"NILF11315";"Armer, Karl-Michael";"http://www.fantascienza.com/catalogo/autori/NILF11315/karl-michael-armer/"
"NILF21777";"Armezzani, Giuseppe";"http://www.fantascienza.com/catalogo/autori/NILF21777/giuseppe-armezzani/"
"NILF23592";"Armistead, Barbara M.";"http://www.fantascienza.com/catalogo/autori/NILF23592/barbara-m-armistead/"
"NILF17531";"Armstrong, Anthony";"http://www.fantascienza.com/catalogo/autori/NILF17531/anthony-armstrong/"
"NILF11317";"Armstrong, Priscilla W.";"http://www.fantascienza.com/catalogo/autori/NILF11317/priscilla-w-armstrong/"
"NILF11318";"Armstrong-Jones, Lynne";"http://www.fantascienza.com/catalogo/autori/NILF11318/lynne-armstrong-jones/"
"NILF11319";"Arnason, Eleanor";"http://www.fantascienza.com/catalogo/autori/NILF11319/eleanor-arnason/"
"NILF22095";"Arnaud, Noël";"http://www.fantascienza.com/catalogo/autori/NILF22095/noel-arnaud/"
"NILF23574";"Arnold, Alan";"http://www.fantascienza.com/catalogo/autori/NILF23574/alan-arnold/"
"NILF17000";"Arnold, Arnold";"http://www.fantascienza.com/catalogo/autori/NILF17000/arnold-arnold/"
"NILF19444";"Arnold, Edwin Lester";"http://www.fantascienza.com/catalogo/autori/NILF19444/edwin-lester-arnold/"
"NILF11321";"Arnold, H. F.";"http://www.fantascienza.com/catalogo/autori/NILF11321/h-f-arnold/"
"NILF20327";"Arnold, Jack";"http://www.fantascienza.com/catalogo/autori/NILF20327/jack-arnold/"
"NILF17725";"Arnold, Mark";"http://www.fantascienza.com/catalogo/autori/NILF17725/mark-arnold/"
"NILF24810";"Arnoldi, Ferruccio";"http://www.fantascienza.com/catalogo/autori/NILF24810/ferruccio-arnoldi/"
"NILF20234";"Arnone, Arturo Napoletano";"http://www.fantascienza.com/catalogo/autori/NILF20234/arturo-napoletano-arnone/"
"NILF11323";"Aroeste, Jean Lisette";"http://www.fantascienza.com/catalogo/autori/NILF11323/jean-lisette-aroeste/"
"NILF11324";"Aroldi, Andrea";"http://www.fantascienza.com/catalogo/autori/NILF11324/andrea-aroldi/"
"NILF17820";"Aroldi, Edmondo";"http://www.fantascienza.com/catalogo/autori/NILF17820/edmondo-aroldi/"
"NILF11325";"Arona, Danilo";"http://www.fantascienza.com/catalogo/autori/NILF11325/danilo-arona/"
"NILF26351";"Arosio, Stefano";"http://www.fantascienza.com/catalogo/autori/NILF26351/stefano-arosio/"
"NILF11326";"Arpino, Giovanni";"http://www.fantascienza.com/catalogo/autori/NILF11326/giovanni-arpino/"
"NILF11327";"Arr, Stephen";"http://www.fantascienza.com/catalogo/autori/NILF11327/stephen-arr/"
"NILF11328";"Arrighi, Cletto";"http://www.fantascienza.com/catalogo/autori/NILF11328/cletto-arrighi/"
"NILF20237";"Arrobbio, Elio e Vanna";"http://www.fantascienza.com/catalogo/autori/NILF20237/elio-e-vanna-arrobbio/"
"NILF11329";"Arrufat, Anton";"http://www.fantascienza.com/catalogo/autori/NILF11329/anton-arrufat/"
"NILF23143";"Arruga, Lorenzo";"http://www.fantascienza.com/catalogo/autori/NILF23143/lorenzo-arruga/"
"NILF20312";"Arsan, Emmanuelle";"http://www.fantascienza.com/catalogo/autori/NILF20312/emmanuelle-arsan/"
"NILF22627";"Arscone, Tommaso";"http://www.fantascienza.com/catalogo/autori/NILF22627/tommaso-arscone/"
"NILF26420";"Arslan, Antonia";"http://www.fantascienza.com/catalogo/autori/NILF26420/antonia-arslan/"
"NILF16409";"Artaud, Antonin";"http://www.fantascienza.com/catalogo/autori/NILF16409/antonin-artaud/"
"NILF11331";"Arthur, Robert";"http://www.fantascienza.com/catalogo/autori/NILF11331/robert-arthur/"
"NILF11332";"Arthurs, Bruce D.";"http://www.fantascienza.com/catalogo/autori/NILF11332/bruce-d-arthurs/"
"NILF18528";"Artieri, Giovanni";"http://www.fantascienza.com/catalogo/autori/NILF18528/giovanni-artieri/"
"NILF11333";"Artner, Robert";"http://www.fantascienza.com/catalogo/autori/NILF11333/robert-artner/"
"NILF21514";"Artosi, Alberto";"http://www.fantascienza.com/catalogo/autori/NILF21514/alberto-artosi/"
"NILF22553";"Artusi, Giulio";"http://www.fantascienza.com/catalogo/autori/NILF22553/giulio-artusi/"
"NILF22439";"Arunca, Silvio";"http://www.fantascienza.com/catalogo/autori/NILF22439/silvio-arunca/"
"NILF19505";"Arvigo, Roberto";"http://www.fantascienza.com/catalogo/autori/NILF19505/roberto-arvigo/"
"NILF20710";"Arzola, Silvia";"http://www.fantascienza.com/catalogo/autori/NILF20710/silvia-arzola/"
"NILF23755";"Asagure Mitsufumi, ";"http://www.fantascienza.com/catalogo/autori/NILF23755/-asagure-mitsufumi/"
"NILF24493";"Asamatsu Ken, ";"http://www.fantascienza.com/catalogo/autori/NILF24493/-asamatsu-ken/"
"NILF17259";"Asaro, Catherine";"http://www.fantascienza.com/catalogo/autori/NILF17259/catherine-asaro/"
"NILF26054";"Asborno, Federico";"http://www.fantascienza.com/catalogo/autori/NILF26054/federico-asborno/"
"NILF22285";"Ascari, Maurizio";"http://www.fantascienza.com/catalogo/autori/NILF22285/maurizio-ascari/"
"NILF11334";"Ascheri, Andrea";"http://www.fantascienza.com/catalogo/autori/NILF11334/andrea-ascheri/"
"NILF20374";"Ascione, Ciro";"http://www.fantascienza.com/catalogo/autori/NILF20374/ciro-ascione/"
"NILF19222";"Ascione, Mario";"http://www.fantascienza.com/catalogo/autori/NILF19222/mario-ascione/"
"NILF11335";"Asciuti, Claudio";"http://www.fantascienza.com/catalogo/autori/NILF11335/claudio-asciuti/"
"NILF25106";"Asensi, Matilde";"http://www.fantascienza.com/catalogo/autori/NILF25106/matilde-asensi/"
"NILF11337";"Ash, Sarah";"http://www.fantascienza.com/catalogo/autori/NILF11337/sarah-ash/"
"NILF26285";"Asher, Jay";"http://www.fantascienza.com/catalogo/autori/NILF26285/jay-asher/"
"NILF20165";"Asher, Neal";"http://www.fantascienza.com/catalogo/autori/NILF20165/neal-asher/"
"NILF16169";"Ashley, Mike";"http://www.fantascienza.com/catalogo/autori/NILF16169/mike-ashley/"
"NILF11339";"Ashton, Francis L";"http://www.fantascienza.com/catalogo/autori/NILF11339/francis-l-ashton/"
"NILF11340";"Ashton, J.";"http://www.fantascienza.com/catalogo/autori/NILF11340/j-ashton/"
"NILF11341";"Ashton, Jay";"http://www.fantascienza.com/catalogo/autori/NILF11341/jay-ashton/"
"NILF19796";"Ashton-Haiste, Brad";"http://www.fantascienza.com/catalogo/autori/NILF19796/brad-ashton-haiste/"
"NILF18953";"Asilov, Hedel";"http://www.fantascienza.com/catalogo/autori/NILF18953/hedel-asilov/"
"NILF10133";"Asimov, Isaac";"http://www.fantascienza.com/catalogo/autori/NILF10133/isaac-asimov/"
"NILF10134";"Asimov, Janet";"http://www.fantascienza.com/catalogo/autori/NILF10134/janet-asimov/"
"NILF10135";"Askew, Alice e Claude";"http://www.fantascienza.com/catalogo/autori/NILF10135/alice-e-claude-askew/"
"NILF23063";"Askildsen, Kiell";"http://www.fantascienza.com/catalogo/autori/NILF23063/kiell-askildsen/"
"NILF10136";"Asnin, Scott";"http://www.fantascienza.com/catalogo/autori/NILF10136/scott-asnin/"
"NILF24807";"Asperti, Gianantonio";"http://www.fantascienza.com/catalogo/autori/NILF24807/gianantonio-asperti/"
"NILF19478";"Aspesi, Andrea";"http://www.fantascienza.com/catalogo/autori/NILF19478/andrea-aspesi/"
"NILF10137";"Asprin, Robert L.";"http://www.fantascienza.com/catalogo/autori/NILF10137/robert-l-asprin/"
"NILF10138";"Asquith, Cynthia";"http://www.fantascienza.com/catalogo/autori/NILF10138/cynthia-asquith/"
"NILF10139";"Asselineau, Charles";"http://www.fantascienza.com/catalogo/autori/NILF10139/charles-asselineau/"
"NILF17756";"Assini, Adriana";"http://www.fantascienza.com/catalogo/autori/NILF17756/adriana-assini/"
"NILF19253";"Associazione Astronauti Autonomi, ";"http://www.fantascienza.com/catalogo/autori/NILF19253/-associazione-astronauti-autonomi/"
"NILF18123";"Assollant, [Jean-Baptiste-]Alfred";"http://www.fantascienza.com/catalogo/autori/NILF18123/jean-baptiste-alfred-assollant/"
"NILF16519";"Astaldi, Maria Luisa";"http://www.fantascienza.com/catalogo/autori/NILF16519/maria-luisa-astaldi/"
"NILF10140";"Astarita, Gioacchino";"http://www.fantascienza.com/catalogo/autori/NILF10140/gioacchino-astarita/"
"NILF26074";"Astic, Guy";"http://www.fantascienza.com/catalogo/autori/NILF26074/guy-astic/"
"NILF23367";"Astolfi, Enrico";"http://www.fantascienza.com/catalogo/autori/NILF23367/enrico-astolfi/"
"NILF10141";"Astor, John Jacob";"http://www.fantascienza.com/catalogo/autori/NILF10141/john-jacob-astor/"
"NILF22647";"Astori, Cristiana";"http://www.fantascienza.com/catalogo/autori/NILF22647/cristiana-astori/"
"NILF18164";"Astracedi, Andrea";"http://www.fantascienza.com/catalogo/autori/NILF18164/andrea-astracedi/"
"NILF10142";"Astuni, Antonino";"http://www.fantascienza.com/catalogo/autori/NILF10142/antonino-astuni/"
"NILF10143";"Asturias, Miguel Angel";"http://www.fantascienza.com/catalogo/autori/NILF10143/miguel-angel-asturias/"
"NILF26157";"Aterini, Giordano";"http://www.fantascienza.com/catalogo/autori/NILF26157/giordano-aterini/"
"NILF24524";"Athans, Philip";"http://www.fantascienza.com/catalogo/autori/NILF24524/philip-athans/"
"NILF10144";"Atherton, Gertrude";"http://www.fantascienza.com/catalogo/autori/NILF10144/gertrude-atherton/"
"NILF10145";"Athkins, D. E";"http://www.fantascienza.com/catalogo/autori/NILF10145/d-e-athkins/"
"NILF10146";"Atkins, Peter";"http://www.fantascienza.com/catalogo/autori/NILF10146/peter-atkins/"
"NILF10147";"Attanasio, A. A.";"http://www.fantascienza.com/catalogo/autori/NILF10147/a-a-attanasio/"
"NILF20469";"Attanasio, Maria";"http://www.fantascienza.com/catalogo/autori/NILF20469/maria-attanasio/"
"NILF26364";"Attardo, Luca";"http://www.fantascienza.com/catalogo/autori/NILF26364/luca-attardo/"
"NILF10148";"Atwood, Margaret";"http://www.fantascienza.com/catalogo/autori/NILF10148/margaret-atwood/"
"NILF21698";"Atxaga, Bernardo";"http://www.fantascienza.com/catalogo/autori/NILF21698/bernardo-atxaga/"
"NILF18638";"Aubernay, Francis";"http://www.fantascienza.com/catalogo/autori/NILF18638/francis-aubernay/"
"NILF18691";"Aubier, Fernando";"http://www.fantascienza.com/catalogo/autori/NILF18691/fernando-aubier/"
"NILF20447";"Aubrey, Edmund";"http://www.fantascienza.com/catalogo/autori/NILF20447/edmund-aubrey/"
"NILF16461";"Aubrey, John";"http://www.fantascienza.com/catalogo/autori/NILF16461/john-aubrey/"
"NILF10149";"Auchincloss, Louis";"http://www.fantascienza.com/catalogo/autori/NILF10149/louis-auchincloss/"
"NILF18487";"Auden, Renee";"http://www.fantascienza.com/catalogo/autori/NILF18487/renee-auden/"
"NILF23532";"Auden, W[ystan] H[ugh]";"http://www.fantascienza.com/catalogo/autori/NILF23532/wystan-hugh-auden/"
"NILF19660";"Audibert, Jean-Marie";"http://www.fantascienza.com/catalogo/autori/NILF19660/jean-marie-audibert/"
"NILF22376";"Audley, Anselm";"http://www.fantascienza.com/catalogo/autori/NILF22376/anselm-audley/"
"NILF24342";"Audouin-Mamikonian, Sophie";"http://www.fantascienza.com/catalogo/autori/NILF24342/sophie-audouin-mamikonian/"
"NILF10150";"Auel, Jean M.";"http://www.fantascienza.com/catalogo/autori/NILF10150/jean-m-auel/"
"NILF10151";"Auerbach, Arnold";"http://www.fantascienza.com/catalogo/autori/NILF10151/arnold-auerbach/"
"NILF23253";"Augias, Corrado";"http://www.fantascienza.com/catalogo/autori/NILF23253/corrado-augias/"
"NILF10153";"Augustin, Ernst";"http://www.fantascienza.com/catalogo/autori/NILF10153/ernst-augustin/"
"NILF25171";"Augustyn, Michael";"http://www.fantascienza.com/catalogo/autori/NILF25171/michael-augustyn/"
"NILF10154";"Auld, William";"http://www.fantascienza.com/catalogo/autori/NILF10154/william-auld/"
"NILF10156";"Aumonier, Stacy";"http://www.fantascienza.com/catalogo/autori/NILF10156/stacy-aumonier/"
"NILF24999";"Aura, P.";"http://www.fantascienza.com/catalogo/autori/NILF24999/p-aura/"
"NILF16525";"Austen, Henry";"http://www.fantascienza.com/catalogo/autori/NILF16525/henry-austen/"
"NILF10158";"Austen, Jane";"http://www.fantascienza.com/catalogo/autori/NILF10158/jane-austen/"
"NILF10159";"Austen, Sidney";"http://www.fantascienza.com/catalogo/autori/NILF10159/sidney-austen/"
"NILF10160";"Auster, Paul";"http://www.fantascienza.com/catalogo/autori/NILF10160/paul-auster/"
"NILF10161";"Austin, A. J.";"http://www.fantascienza.com/catalogo/autori/NILF10161/a-j-austin/"
"NILF10162";"Austin, F. Britten";"http://www.fantascienza.com/catalogo/autori/NILF10162/f-britten-austin/"
"NILF18454";"Austin, Omar";"http://www.fantascienza.com/catalogo/autori/NILF18454/omar-austin/"
"NILF19649";"Austin, William";"http://www.fantascienza.com/catalogo/autori/NILF19649/william-austin/"
"NILF19007";"Authier, Gabriel";"http://www.fantascienza.com/catalogo/autori/NILF19007/gabriel-authier/"
"NILF25655";"Autieri, Massimo";"http://www.fantascienza.com/catalogo/autori/NILF25655/massimo-autieri/"
"NILF25960";"Autiero, Giuseppe";"http://www.fantascienza.com/catalogo/autori/NILF25960/giuseppe-autiero/"
"NILF19381";"Avagliano, Andrea";"http://www.fantascienza.com/catalogo/autori/NILF19381/andrea-avagliano/"
"NILF10163";"Avallone, Michael";"http://www.fantascienza.com/catalogo/autori/NILF10163/michael-avallone/"
"NILF26718";"Avanzato, Maria Silvia";"http://www.fantascienza.com/catalogo/autori/NILF26718/maria-silvia-avanzato/"
"NILF23412";"Avanzi, Paolo";"http://www.fantascienza.com/catalogo/autori/NILF23412/paolo-avanzi/"
"NILF22383";"Avati, Pupi";"http://www.fantascienza.com/catalogo/autori/NILF22383/pupi-avati/"
"NILF25137";"Avella, Aniello Angelo";"http://www.fantascienza.com/catalogo/autori/NILF25137/aniello-angelo-avella/"
"NILF19411";"Aversano, Vincenzo";"http://www.fantascienza.com/catalogo/autori/NILF19411/vincenzo-aversano/"
"NILF10164";"Avery, Chel";"http://www.fantascienza.com/catalogo/autori/NILF10164/chel-avery/"
"NILF18028";"Aveta, Michela";"http://www.fantascienza.com/catalogo/autori/NILF18028/michela-aveta/"
"NILF22309";"Avoledo, Tullio";"http://www.fantascienza.com/catalogo/autori/NILF22309/tullio-avoledo/"
"NILF10167";"Awlinson, Richard";"http://www.fantascienza.com/catalogo/autori/NILF10167/richard-awlinson/"
"NILF10168";"Axler, James";"http://www.fantascienza.com/catalogo/autori/NILF10168/james-axler/"
"NILF10169";"Axpe, Luisa";"http://www.fantascienza.com/catalogo/autori/NILF10169/luisa-axpe/"
"NILF18418";"Ayer Jr., Frederick";"http://www.fantascienza.com/catalogo/autori/NILF18418/frederick-ayer-jr/"
"NILF17204";"Ayerdhal, ";"http://www.fantascienza.com/catalogo/autori/NILF17204/-ayerdhal/"
"NILF10171";"Aymé, Marcel";"http://www.fantascienza.com/catalogo/autori/NILF10171/marcel-aym-e/"
"NILF21228";"Azione Universitaria, ";"http://www.fantascienza.com/catalogo/autori/NILF21228/-azione-universitaria/"
"NILF26589";"Azzaroli, Silvia";"http://www.fantascienza.com/catalogo/autori/NILF26589/silvia-azzaroli/"
"NILF26681";"Azzolini, Paola";"http://www.fantascienza.com/catalogo/autori/NILF26681/paola-azzolini/"
