"NILF25448";"D'Abbruzzi, Marco";"http://www.fantascienza.com/catalogo/autori/NILF25448/marco-d-abbruzzi/"
"NILF20915";"D'Afflitto, Isabella Camera";"http://www.fantascienza.com/catalogo/autori/NILF20915/isabella-camera-d-afflitto/"
"NILF19105";"D'Agata, Federico";"http://www.fantascienza.com/catalogo/autori/NILF19105/federico-d-agata/"
"NILF11343";"D'Agata, Giuseppe";"http://www.fantascienza.com/catalogo/autori/NILF11343/giuseppe-d-agata/"
"NILF24597";"D'Agostini, Maria Enrica";"http://www.fantascienza.com/catalogo/autori/NILF24597/maria-enrica-d-agostini/"
"NILF22867";"D'Agostino, Bruno";"http://www.fantascienza.com/catalogo/autori/NILF22867/bruno-d-agostino/"
"NILF11344";"D'Agraives , Jean";"http://www.fantascienza.com/catalogo/autori/NILF11344/jean-d-agraives/"
"NILF15964";"D'Alcamo, Cielo";"http://www.fantascienza.com/catalogo/autori/NILF15964/cielo-d-alcamo/"
"NILF19055";"D'Alessandro, Jaime";"http://www.fantascienza.com/catalogo/autori/NILF19055/jaime-d-alessandro/"
"NILF26107";"D'Alessandro, Maria Paola";"http://www.fantascienza.com/catalogo/autori/NILF26107/maria-paola-d-alessandro/"
"NILF11345";"D'Alessio, Franco";"http://www.fantascienza.com/catalogo/autori/NILF11345/franco-d-alessio/"
"NILF26259";"D'Alò, Enzo";"http://www.fantascienza.com/catalogo/autori/NILF26259/enzo-d-alo/"
"NILF19141";"D'Ambra, Lucio";"http://www.fantascienza.com/catalogo/autori/NILF19141/lucio-d-ambra/"
"NILF16580";"D'Amelia, Antonella";"http://www.fantascienza.com/catalogo/autori/NILF16580/antonella-d-amelia/"
"NILF24534";"D'Amelio, Ludovica Cirrincione";"http://www.fantascienza.com/catalogo/autori/NILF24534/ludovica-cirrincione-d-amelio/"
"NILF16328";"D'Amico, Masolino";"http://www.fantascienza.com/catalogo/autori/NILF16328/masolino-d-amico/"
"NILF11347";"D'Amicone, Giulio";"http://www.fantascienza.com/catalogo/autori/NILF11347/giulio-d-amicone/"
"NILF11348";"D'Andrea, Fabio";"http://www.fantascienza.com/catalogo/autori/NILF11348/fabio-d-andrea/"
"NILF26330";"D'Andrea G.l., ";"http://www.fantascienza.com/catalogo/autori/NILF26330/-d-andrea-gl/"
"NILF11349";"D'Andria, Emilio Salvatore";"http://www.fantascienza.com/catalogo/autori/NILF11349/emilio-salvatore-d-andria/"
"NILF21246";"D'Angelo, Andrea";"http://www.fantascienza.com/catalogo/autori/NILF21246/andrea-d-angelo/"
"NILF11350";"D'Angelo, Giuseppe";"http://www.fantascienza.com/catalogo/autori/NILF11350/giuseppe-d-angelo/"
"NILF25597";"D'Angiò, Carlo";"http://www.fantascienza.com/catalogo/autori/NILF25597/carlo-d-angio/"
"NILF20620";"D'Anna, Riccardo";"http://www.fantascienza.com/catalogo/autori/NILF20620/riccardo-d-anna/"
"NILF24297";"D'Anna, Stefano E.";"http://www.fantascienza.com/catalogo/autori/NILF24297/stefano-e-d-anna/"
"NILF11351";"D'Annunzio, Gabriele";"http://www.fantascienza.com/catalogo/autori/NILF11351/gabriele-d-annunzio/"
"NILF26732";"D'Anza, Alessandro";"http://www.fantascienza.com/catalogo/autori/NILF26732/alessandro-d-anza/"
"NILF11352";"D'Aquino, Renato";"http://www.fantascienza.com/catalogo/autori/NILF11352/renato-d-aquino/"
"NILF16439";"D'Arcais, Maurizio Flores";"http://www.fantascienza.com/catalogo/autori/NILF16439/maurizio-flores-d-arcais/"
"NILF25791";"D'Arcangelo, Adele";"http://www.fantascienza.com/catalogo/autori/NILF25791/adele-d-arcangelo/"
"NILF16394";"D'Arcangelo, Lucio";"http://www.fantascienza.com/catalogo/autori/NILF16394/lucio-d-arcangelo/"
"NILF22877";"D'Arco, Vittorio";"http://www.fantascienza.com/catalogo/autori/NILF22877/vittorio-d-arco/"
"NILF11353";"D'Aria, Pina";"http://www.fantascienza.com/catalogo/autori/NILF11353/pina-d-aria/"
"NILF22063";"D'Armerina, Giovanni";"http://www.fantascienza.com/catalogo/autori/NILF22063/giovanni-d-armerina/"
"NILF26733";"D'Arrigo, Gabriele";"http://www.fantascienza.com/catalogo/autori/NILF26733/gabriele-d-arrigo/"
"NILF26028";"D'Arzo, Silvio";"http://www.fantascienza.com/catalogo/autori/NILF26028/silvio-d-arzo/"
"NILF26475";"D'Ascani, Federica";"http://www.fantascienza.com/catalogo/autori/NILF26475/federica-d-ascani/"
"NILF25629";"D'Ascia, Salvatore Luca";"http://www.fantascienza.com/catalogo/autori/NILF25629/salvatore-luca-d-ascia/"
"NILF22088";"D'Ath, Justin";"http://www.fantascienza.com/catalogo/autori/NILF22088/justin-d-ath/"
"NILF11354";"D'Augusta, Alpa";"http://www.fantascienza.com/catalogo/autori/NILF11354/alpa-d-augusta/"
"NILF11355";"D'Aulnoy, Madame";"http://www.fantascienza.com/catalogo/autori/NILF11355/madame-d-aulnoy/"
"NILF11356";"D'Aurevilly, Jules Barbey";"http://www.fantascienza.com/catalogo/autori/NILF11356/jules-barbey-d-aurevilly/"
"NILF21114";"D'Avino, Maria Valeria";"http://www.fantascienza.com/catalogo/autori/NILF21114/maria-valeria-d-avino/"
"NILF24957";"D'Avino, Mauro";"http://www.fantascienza.com/catalogo/autori/NILF24957/mauro-d-avino/"
"NILF25957";"D'Elia, Antonio";"http://www.fantascienza.com/catalogo/autori/NILF25957/antonio-d-elia/"
"NILF21135";"D'Elia, Gaetano";"http://www.fantascienza.com/catalogo/autori/NILF21135/gaetano-d-elia/"
"NILF23462";"D'Elia, Sandro";"http://www.fantascienza.com/catalogo/autori/NILF23462/sandro-d-elia/"
"NILF23123";"D'Epinot, Jacques";"http://www.fantascienza.com/catalogo/autori/NILF23123/jacques-d-epinot/"
"NILF11357";"D'Eramo, Luce";"http://www.fantascienza.com/catalogo/autori/NILF11357/luce-d-eramo/"
"NILF23714";"D'Erme, Giovanni";"http://www.fantascienza.com/catalogo/autori/NILF23714/giovanni-d-erme/"
"NILF11358";"D'Errico, Corrado";"http://www.fantascienza.com/catalogo/autori/NILF11358/corrado-d-errico/"
"NILF18944";"D'Ettorre, Claudio";"http://www.fantascienza.com/catalogo/autori/NILF18944/claudio-d-ettorre/"
"NILF22826";"D'Ettorre, Silvio";"http://www.fantascienza.com/catalogo/autori/NILF22826/silvio-d-ettorre/"
"NILF22609";"D'Eugenio, Davide";"http://www.fantascienza.com/catalogo/autori/NILF22609/davide-d-eugenio/"
"NILF18801";"D'Halmar, Augusto";"http://www.fantascienza.com/catalogo/autori/NILF18801/augusto-d-halmar/"
"NILF18701";"D'Hée, Luigi";"http://www.fantascienza.com/catalogo/autori/NILF18701/luigi-d-h-ee/"
"NILF18235";"D'Intra, Ezio";"http://www.fantascienza.com/catalogo/autori/NILF18235/ezio-d-intra/"
"NILF20386";"D'Ippolito, Gennaro";"http://www.fantascienza.com/catalogo/autori/NILF20386/gennaro-d-ippolito/"
"NILF19624";"D'Italia, Girolamo";"http://www.fantascienza.com/catalogo/autori/NILF19624/girolamo-d-italia/"
"NILF11359";"D'Ivoi, Paul";"http://www.fantascienza.com/catalogo/autori/NILF11359/paul-d-ivoi/"
"NILF19420";"D'Oliveira, Emanuele Correa";"http://www.fantascienza.com/catalogo/autori/NILF19420/emanuele-correa-d-oliveira/"
"NILF16904";"D'Onofrio, Roberto";"http://www.fantascienza.com/catalogo/autori/NILF16904/roberto-d-onofrio/"
"NILF24965";"D'Orazi, Daniele";"http://www.fantascienza.com/catalogo/autori/NILF24965/daniele-d-orazi/"
"NILF20453";"D'Ormesson, Jean";"http://www.fantascienza.com/catalogo/autori/NILF20453/jean-d-ormesson/"
"NILF21501";"D'Orta, Marcello";"http://www.fantascienza.com/catalogo/autori/NILF21501/marcello-d-orta/"
"NILF19168";"D'Ovidio, Franco";"http://www.fantascienza.com/catalogo/autori/NILF19168/franco-d-ovidio/"
"NILF23044";"D'Ursi, Annamaria";"http://www.fantascienza.com/catalogo/autori/NILF23044/annamaria-d-ursi/"
"NILF16668";"D'Urso, Marcella";"http://www.fantascienza.com/catalogo/autori/NILF16668/marcella-d-urso/"
"NILF19773";"D., F.";"http://www.fantascienza.com/catalogo/autori/NILF19773/f-d/"
"NILF20523";"D., Gastone Rossi";"http://www.fantascienza.com/catalogo/autori/NILF20523/gastone-rossi-d/"
"NILF24599";"D., Lucy";"http://www.fantascienza.com/catalogo/autori/NILF24599/lucy-d/"
"NILF21072";"D. G., G";"http://www.fantascienza.com/catalogo/autori/NILF21072/g-d-g/"
"NILF25024";"D.n.j., ";"http://www.fantascienza.com/catalogo/autori/NILF25024/-dnj/"
"NILF11361";"Da Prato, Vittorio";"http://www.fantascienza.com/catalogo/autori/NILF11361/vittorio-da-prato/"
"NILF23923";"Da Varano, Gino";"http://www.fantascienza.com/catalogo/autori/NILF23923/gino-da-varano/"
"NILF11362";"Da Vinci, Leonardo";"http://www.fantascienza.com/catalogo/autori/NILF11362/leonardo-da-vinci/"
"NILF25733";"Dabbene, Arnaldo";"http://www.fantascienza.com/catalogo/autori/NILF25733/arnaldo-dabbene/"
"NILF11363";"Dabbs, Daniell E.";"http://www.fantascienza.com/catalogo/autori/NILF11363/daniell-e-dabbs/"
"NILF11364";"Dabove, Santiago";"http://www.fantascienza.com/catalogo/autori/NILF11364/santiago-dabove/"
"NILF11365";"Daccò, Ivana";"http://www.fantascienza.com/catalogo/autori/NILF11365/ivana-dacco/"
"NILF22254";"Dacrema, Andrea";"http://www.fantascienza.com/catalogo/autori/NILF22254/andrea-dacrema/"
"NILF16777";"Dadò, Patrizia";"http://www.fantascienza.com/catalogo/autori/NILF16777/patrizia-dado/"
"NILF11366";"Dadone, Carlo";"http://www.fantascienza.com/catalogo/autori/NILF11366/carlo-dadone/"
"NILF19233";"Daemon, Shira";"http://www.fantascienza.com/catalogo/autori/NILF19233/shira-daemon/"
"NILF11368";"Dafichi, Daniele";"http://www.fantascienza.com/catalogo/autori/NILF11368/daniele-dafichi/"
"NILF11369";"Dahl, Roald";"http://www.fantascienza.com/catalogo/autori/NILF11369/roald-dahl/"
"NILF25394";"Dahlquist, Gordon";"http://www.fantascienza.com/catalogo/autori/NILF25394/gordon-dahlquist/"
"NILF16536";"Daiches, David";"http://www.fantascienza.com/catalogo/autori/NILF16536/david-daiches/"
"NILF26405";"Dainese, Ida";"http://www.fantascienza.com/catalogo/autori/NILF26405/ida-dainese/"
"NILF25097";"Daini, Marco";"http://www.fantascienza.com/catalogo/autori/NILF25097/marco-daini/"
"NILF22064";"Dairel, Gustavo";"http://www.fantascienza.com/catalogo/autori/NILF22064/gustavo-dairel/"
"NILF15930";"Dal Dan, Anna";"http://www.fantascienza.com/catalogo/autori/NILF15930/anna-dal-dan/"
"NILF11537";"Dal Fabbro, Beniamino";"http://www.fantascienza.com/catalogo/autori/NILF11537/beniamino-dal-fabbro/"
"NILF18847";"Dal Lago, Brunamaria";"http://www.fantascienza.com/catalogo/autori/NILF18847/brunamaria-dal-lago/"
"NILF19185";"Dal Zotto, Gianni";"http://www.fantascienza.com/catalogo/autori/NILF19185/gianni-dal-zotto/"
"NILF20404";"Dalboni, Dario";"http://www.fantascienza.com/catalogo/autori/NILF20404/dario-dalboni/"
"NILF16602";"Dalby, Richard";"http://www.fantascienza.com/catalogo/autori/NILF16602/richard-dalby/"
"NILF23611";"Dale, Anna";"http://www.fantascienza.com/catalogo/autori/NILF23611/anna-dale/"
"NILF11372";"Daley, Brian";"http://www.fantascienza.com/catalogo/autori/NILF11372/brian-daley/"
"NILF11373";"Daley, Donald F.";"http://www.fantascienza.com/catalogo/autori/NILF11373/donald-f-daley/"
"NILF18549";"Dalia, Albert A.";"http://www.fantascienza.com/catalogo/autori/NILF18549/albert-a-dalia/"
"NILF25550";"Dall, Heidi";"http://www.fantascienza.com/catalogo/autori/NILF25550/heidi-dall/"
"NILF19632";"Dall'Orto, Giovanni";"http://www.fantascienza.com/catalogo/autori/NILF19632/giovanni-dall-orto/"
"NILF26652";"Dalla Spezia, Marina Bacchiani";"http://www.fantascienza.com/catalogo/autori/NILF26652/marina-bacchiani-dalla-spezia/"
"NILF21200";"Dalla Valle, Giovanni";"http://www.fantascienza.com/catalogo/autori/NILF21200/giovanni-dalla-valle/"
"NILF23011";"Dalla Vigna, Pierre";"http://www.fantascienza.com/catalogo/autori/NILF23011/pierre-dalla-vigna/"
"NILF22629";"Dallari, Lisa";"http://www.fantascienza.com/catalogo/autori/NILF22629/lisa-dallari/"
"NILF11375";"Dallas, Paul V.";"http://www.fantascienza.com/catalogo/autori/NILF11375/paul-v-dallas/"
"NILF23416";"Dallavalle, Stefano";"http://www.fantascienza.com/catalogo/autori/NILF23416/stefano-dallavalle/"
"NILF16815";"Dalle Mille E Una Notte, ";"http://www.fantascienza.com/catalogo/autori/NILF16815/-dalle-mille-e-una-notte/"
"NILF26448";"Dalle Molle, Giampiero";"http://www.fantascienza.com/catalogo/autori/NILF26448/giampiero-dalle-molle/"
"NILF11377";"Dalmas, John";"http://www.fantascienza.com/catalogo/autori/NILF11377/john-dalmas/"
"NILF11378";"Dalmatico, Leo";"http://www.fantascienza.com/catalogo/autori/NILF11378/leo-dalmatico/"
"NILF25643";"Dalto, Michelangelo";"http://www.fantascienza.com/catalogo/autori/NILF25643/michelangelo-dalto/"
"NILF25478";"Dalton-Woodbury, Kathleen";"http://www.fantascienza.com/catalogo/autori/NILF25478/kathleen-dalton-woodbury/"
"NILF11379";"Daly, Carrol John";"http://www.fantascienza.com/catalogo/autori/NILF11379/carrol-john-daly/"
"NILF11380";"Daly, Dan";"http://www.fantascienza.com/catalogo/autori/NILF11380/dan-daly/"
"NILF24752";"Damiani, Angelo";"http://www.fantascienza.com/catalogo/autori/NILF24752/angelo-damiani/"
"NILF11382";"Damm, Ivàn";"http://www.fantascienza.com/catalogo/autori/NILF11382/ivan-damm/"
"NILF11383";"Damonti, Henry";"http://www.fantascienza.com/catalogo/autori/NILF11383/henry-damonti/"
"NILF20953";"Daniel, Antoine B.";"http://www.fantascienza.com/catalogo/autori/NILF20953/antoine-b-daniel/"
"NILF11385";"Daniel, G.";"http://www.fantascienza.com/catalogo/autori/NILF11385/g-daniel/"
"NILF11386";"Daniel, Lucius";"http://www.fantascienza.com/catalogo/autori/NILF11386/lucius-daniel/"
"NILF11387";"Daniel, Tony";"http://www.fantascienza.com/catalogo/autori/NILF11387/tony-daniel/"
"NILF26385";"Daniele, Alessandra";"http://www.fantascienza.com/catalogo/autori/NILF26385/alessandra-daniele/"
"NILF21876";"Daniele, Antonio";"http://www.fantascienza.com/catalogo/autori/NILF21876/antonio-daniele/"
"NILF22937";"Daniele, Lorenzo";"http://www.fantascienza.com/catalogo/autori/NILF22937/lorenzo-daniele/"
"NILF22871";"Daniele, Serena";"http://www.fantascienza.com/catalogo/autori/NILF22871/serena-daniele/"
"NILF20216";"Danielewski, Mark Z.";"http://www.fantascienza.com/catalogo/autori/NILF20216/mark-z-danielewski/"
"NILF11388";"Daniell, Tina";"http://www.fantascienza.com/catalogo/autori/NILF11388/tina-daniell/"
"NILF11389";"Daniels, Allen";"http://www.fantascienza.com/catalogo/autori/NILF11389/allen-daniels/"
"NILF11390";"Daniels, John";"http://www.fantascienza.com/catalogo/autori/NILF11390/john-daniels/"
"NILF11391";"Daniels, Les";"http://www.fantascienza.com/catalogo/autori/NILF11391/les-daniels/"
"NILF23608";"Dankovčeva, Anna";"http://www.fantascienza.com/catalogo/autori/NILF23608/anna-dankovceva/"
"NILF23600";"Danks, Denise";"http://www.fantascienza.com/catalogo/autori/NILF23600/denise-danks/"
"NILF11394";"Dann, Jack";"http://www.fantascienza.com/catalogo/autori/NILF11394/jack-dann/"
"NILF16976";"Dann, Joshua";"http://www.fantascienza.com/catalogo/autori/NILF16976/joshua-dann/"
"NILF18980";"Danrit, Capitano";"http://www.fantascienza.com/catalogo/autori/NILF18980/capitano-danrit/"
"NILF17269";"Dantec, Maurice";"http://www.fantascienza.com/catalogo/autori/NILF17269/maurice-dantec/"
"NILF11396";"Danvers, Jack";"http://www.fantascienza.com/catalogo/autori/NILF11396/jack-danvers/"
"NILF24750";"Dardano, Mariano";"http://www.fantascienza.com/catalogo/autori/NILF24750/mariano-dardano/"
"NILF21815";"Daretti, U[go]";"http://www.fantascienza.com/catalogo/autori/NILF21815/ugo-daretti/"
"NILF24143";"Darien, Georges";"http://www.fantascienza.com/catalogo/autori/NILF24143/georges-darien/"
"NILF11399";"Dario, Rubén";"http://www.fantascienza.com/catalogo/autori/NILF11399/rub-en-dario/"
"NILF11400";"Darlington, Daniel A.";"http://www.fantascienza.com/catalogo/autori/NILF11400/daniel-a-darlington/"
"NILF11401";"Darnay, Arsen";"http://www.fantascienza.com/catalogo/autori/NILF11401/arsen-darnay/"
"NILF17657";"Darnton, John";"http://www.fantascienza.com/catalogo/autori/NILF17657/john-darnton/"
"NILF22010";"Dart-Thornton, Cecilia";"http://www.fantascienza.com/catalogo/autori/NILF22010/cecilia-dart-thornton/"
"NILF16808";"Darwin, Charles";"http://www.fantascienza.com/catalogo/autori/NILF16808/charles-darwin/"
"NILF11402";"Dassart, André";"http://www.fantascienza.com/catalogo/autori/NILF11402/andr-e-dassart/"
"NILF11403";"Dastier, Dan";"http://www.fantascienza.com/catalogo/autori/NILF11403/dan-dastier/"
"NILF16401";"Datlow, Ellen";"http://www.fantascienza.com/catalogo/autori/NILF16401/ellen-datlow/"
"NILF20925";"Datteroni, Fabiano";"http://www.fantascienza.com/catalogo/autori/NILF20925/fabiano-datteroni/"
"NILF11404";"Daubeny, Ulric";"http://www.fantascienza.com/catalogo/autori/NILF11404/ulric-daubeny/"
"NILF11405";"Daudet, Alphonse";"http://www.fantascienza.com/catalogo/autori/NILF11405/alphonse-daudet/"
"NILF11406";"Daudet, Leon";"http://www.fantascienza.com/catalogo/autori/NILF11406/leon-daudet/"
"NILF11407";"Daulton, George";"http://www.fantascienza.com/catalogo/autori/NILF11407/george-daulton/"
"NILF11408";"Daumal, René";"http://www.fantascienza.com/catalogo/autori/NILF11408/ren-e-daumal/"
"NILF18974";"Davanzati, Domenico Forges";"http://www.fantascienza.com/catalogo/autori/NILF18974/domenico-forges-davanzati/"
"NILF18961";"Davanzati, Giuseppe";"http://www.fantascienza.com/catalogo/autori/NILF18961/giuseppe-davanzati/"
"NILF11410";"Daventry, Leonard";"http://www.fantascienza.com/catalogo/autori/NILF11410/leonard-daventry/"
"NILF17819";"Davico, Guido";"http://www.fantascienza.com/catalogo/autori/NILF17819/guido-davico/"
"NILF18678";"David, James F.";"http://www.fantascienza.com/catalogo/autori/NILF18678/james-f-david/"
"NILF11411";"David, Jean";"http://www.fantascienza.com/catalogo/autori/NILF11411/jean-david/"
"NILF17805";"David, Michel";"http://www.fantascienza.com/catalogo/autori/NILF17805/michel-david/"
"NILF11412";"David, Peter";"http://www.fantascienza.com/catalogo/autori/NILF11412/peter-david/"
"NILF16465";"David-Neel, Alexandra";"http://www.fantascienza.com/catalogo/autori/NILF16465/alexandra-david-neel/"
"NILF25761";"Davide, Marco";"http://www.fantascienza.com/catalogo/autori/NILF25761/marco-davide/"
"NILF11413";"Davidson, Avram";"http://www.fantascienza.com/catalogo/autori/NILF11413/avram-davidson/"
"NILF21718";"Davidson, Charles";"http://www.fantascienza.com/catalogo/autori/NILF21718/charles-davidson/"
"NILF11415";"Davidson, Michael";"http://www.fantascienza.com/catalogo/autori/NILF11415/michael-davidson/"
"NILF22547";"Davie, Elspeth";"http://www.fantascienza.com/catalogo/autori/NILF22547/elspeth-davie/"
"NILF11416";"Davies, L. P.";"http://www.fantascienza.com/catalogo/autori/NILF11416/l-p-davies/"
"NILF11417";"Davies, Pete";"http://www.fantascienza.com/catalogo/autori/NILF11417/pete-davies/"
"NILF20155";"Davis, Carol Anne";"http://www.fantascienza.com/catalogo/autori/NILF20155/carol-anne-davis/"
"NILF11418";"Davis, Chan";"http://www.fantascienza.com/catalogo/autori/NILF11418/chan-davis/"
"NILF11419";"Davis, Dorothy Salisbury";"http://www.fantascienza.com/catalogo/autori/NILF11419/dorothy-salisbury-davis/"
"NILF11420";"Davis, Gerry";"http://www.fantascienza.com/catalogo/autori/NILF11420/gerry-davis/"
"NILF11421";"Davis, Grania";"http://www.fantascienza.com/catalogo/autori/NILF11421/grania-davis/"
"NILF11422";"Davis, Hassoldt";"http://www.fantascienza.com/catalogo/autori/NILF11422/hassoldt-davis/"
"NILF21128";"Davis, Mike";"http://www.fantascienza.com/catalogo/autori/NILF21128/mike-davis/"
"NILF11423";"Davis, R. Harding";"http://www.fantascienza.com/catalogo/autori/NILF11423/r-harding-davis/"
"NILF22557";"Davis, Richard";"http://www.fantascienza.com/catalogo/autori/NILF22557/richard-davis/"
"NILF20354";"Davis, Sonia H.";"http://www.fantascienza.com/catalogo/autori/NILF20354/sonia-h-davis/"
"NILF21012";"Davoli, Massimo";"http://www.fantascienza.com/catalogo/autori/NILF21012/massimo-davoli/"
"NILF11424";"Dawa, Zhaxi";"http://www.fantascienza.com/catalogo/autori/NILF11424/zhaxi-dawa/"
"NILF18979";"Dawe, Carlton";"http://www.fantascienza.com/catalogo/autori/NILF18979/carlton-dawe/"
"NILF21716";"Dawkins, Richard";"http://www.fantascienza.com/catalogo/autori/NILF21716/richard-dawkins/"
"NILF22299";"Day, David";"http://www.fantascienza.com/catalogo/autori/NILF22299/david-day/"
"NILF11426";"Day, Price";"http://www.fantascienza.com/catalogo/autori/NILF11426/price-day/"
"NILF22978";"Dazai Osamu, ";"http://www.fantascienza.com/catalogo/autori/NILF22978/-dazai-osamu/"
"NILF16969";"Dazieri, Sandrone";"http://www.fantascienza.com/catalogo/autori/NILF16969/sandrone-dazieri/"
"NILF25424";"Dazzi, Alfonso";"http://www.fantascienza.com/catalogo/autori/NILF25424/alfonso-dazzi/"
"NILF25310";"Dazzi, Isabella";"http://www.fantascienza.com/catalogo/autori/NILF25310/isabella-dazzi/"
"NILF11427";"De Alarcon, Pedro Antonio";"http://www.fantascienza.com/catalogo/autori/NILF11427/pedro-antonio-de-alarcon/"
"NILF11428";"De Ambrosis, Luciano";"http://www.fantascienza.com/catalogo/autori/NILF11428/luciano-de-ambrosis/"
"NILF18871";"De Amicis, Edmondo";"http://www.fantascienza.com/catalogo/autori/NILF18871/edmondo-de-amicis/"
"NILF25224";"De Amicis, Igor";"http://www.fantascienza.com/catalogo/autori/NILF25224/igor-de-amicis/"
"NILF19418";"De Amicis, Ugo";"http://www.fantascienza.com/catalogo/autori/NILF19418/ugo-de-amicis/"
"NILF17989";"De Angelis, Enrico";"http://www.fantascienza.com/catalogo/autori/NILF17989/enrico-de-angelis/"
"NILF23418";"De Angelis, Lorenzo";"http://www.fantascienza.com/catalogo/autori/NILF23418/lorenzo-de-angelis/"
"NILF11430";"De Angelis, Marcello";"http://www.fantascienza.com/catalogo/autori/NILF11430/marcello-de-angelis/"
"NILF22465";"De Angelis, Massimo";"http://www.fantascienza.com/catalogo/autori/NILF22465/massimo-de-angelis/"
"NILF16515";"De Angelis, Pietro";"http://www.fantascienza.com/catalogo/autori/NILF16515/pietro-de-angelis/"
"NILF15874";"De Angelis, Raoul M.";"http://www.fantascienza.com/catalogo/autori/NILF15874/raoul-m-de-angelis/"
"NILF24317";"De Angelis, Roberto";"http://www.fantascienza.com/catalogo/autori/NILF24317/roberto-de-angelis/"
"NILF19680";"De Angelis, Valerio Massimo";"http://www.fantascienza.com/catalogo/autori/NILF19680/valerio-massimo-de-angelis/"
"NILF25026";"De Angelis, Vanna";"http://www.fantascienza.com/catalogo/autori/NILF25026/vanna-de-angelis/"
"NILF11432";"De Anna, Luigi";"http://www.fantascienza.com/catalogo/autori/NILF11432/luigi-de-anna/"
"NILF19035";"De Antoni, Gloria";"http://www.fantascienza.com/catalogo/autori/NILF19035/gloria-de-antoni/"
"NILF22440";"De Assis, Màchado";"http://www.fantascienza.com/catalogo/autori/NILF22440/machado-de-assis/"
"NILF18085";"De Assis, Suzanne";"http://www.fantascienza.com/catalogo/autori/NILF18085/suzanne-de-assis/"
"NILF11433";"De Balzac, Honoré";"http://www.fantascienza.com/catalogo/autori/NILF11433/honor-e-de-balzac/"
"NILF17688";"De Barba, Ornella";"http://www.fantascienza.com/catalogo/autori/NILF17688/ornella-de-barba/"
"NILF22501";"De Begnac, Yvon";"http://www.fantascienza.com/catalogo/autori/NILF22501/yvon-de-begnac/"
"NILF18471";"De Benedetti, A. M.";"http://www.fantascienza.com/catalogo/autori/NILF18471/a-m-de-benedetti/"
"NILF11436";"De Bergerac, Cyrano";"http://www.fantascienza.com/catalogo/autori/NILF11436/cyrano-de-bergerac/"
"NILF11437";"De Bill, Walter C.";"http://www.fantascienza.com/catalogo/autori/NILF11437/walter-c-de-bill/"
"NILF18273";"De Blasio, Vincenzo";"http://www.fantascienza.com/catalogo/autori/NILF18273/vincenzo-de-blasio/"
"NILF21205";"De Boccard, Enrico";"http://www.fantascienza.com/catalogo/autori/NILF21205/enrico-de-boccard/"
"NILF26649";"De Bona, Glauco";"http://www.fantascienza.com/catalogo/autori/NILF26649/glauco-de-bona/"
"NILF11439";"De Camp, Catherine Crook";"http://www.fantascienza.com/catalogo/autori/NILF11439/catherine-crook-de-camp/"
"NILF11440";"De Camp, L. Sprague";"http://www.fantascienza.com/catalogo/autori/NILF11440/l-sprague-de-camp/"
"NILF23711";"De Caprio, Caterina";"http://www.fantascienza.com/catalogo/autori/NILF23711/caterina-de-caprio/"
"NILF16074";"De Carlo, Valentino";"http://www.fantascienza.com/catalogo/autori/NILF16074/valentino-de-carlo/"
"NILF11442";"De Castro, Adolfo";"http://www.fantascienza.com/catalogo/autori/NILF11442/adolfo-de-castro/"
"NILF11443";"De Ceglie, Angelo";"http://www.fantascienza.com/catalogo/autori/NILF11443/angelo-de-ceglie/"
"NILF19015";"De Chevriers, A.";"http://www.fantascienza.com/catalogo/autori/NILF19015/a-de-chevriers/"
"NILF16125";"De Chirico, Ketty";"http://www.fantascienza.com/catalogo/autori/NILF16125/ketty-de-chirico/"
"NILF16449";"De Crescenzo, Luciano";"http://www.fantascienza.com/catalogo/autori/NILF16449/luciano-de-crescenzo/"
"NILF11447";"De Diesbach, Ghislain";"http://www.fantascienza.com/catalogo/autori/NILF11447/ghislain-de-diesbach/"
"NILF25635";"De Falco, Vincenzo";"http://www.fantascienza.com/catalogo/autori/NILF25635/vincenzo-de-falco/"
"NILF25449";"De Felice, Giuseppe";"http://www.fantascienza.com/catalogo/autori/NILF25449/giuseppe-de-felice/"
"NILF11449";"De Felitta, Frank";"http://www.fantascienza.com/catalogo/autori/NILF11449/frank-de-felitta/"
"NILF21785";"De Feo, Giovanni";"http://www.fantascienza.com/catalogo/autori/NILF21785/giovanni-de-feo/"
"NILF21117";"De Feo, Linda";"http://www.fantascienza.com/catalogo/autori/NILF21117/linda-de-feo/"
"NILF21730";"De Feo, Massimo";"http://www.fantascienza.com/catalogo/autori/NILF21730/massimo-de-feo/"
"NILF19555";"De Finetti, Diego Arich";"http://www.fantascienza.com/catalogo/autori/NILF19555/diego-arich-de-finetti/"
"NILF23304";"De Florentiis, Giuseppe";"http://www.fantascienza.com/catalogo/autori/NILF23304/giuseppe-de-florentiis/"
"NILF20843";"De Foigny, Gabriel";"http://www.fantascienza.com/catalogo/autori/NILF20843/gabriel-de-foigny/"
"NILF25359";"De Fombelle, Timothée";"http://www.fantascienza.com/catalogo/autori/NILF25359/timoth-ee-de-fombelle/"
"NILF24308";"De Fontenelle, Bernard";"http://www.fantascienza.com/catalogo/autori/NILF24308/bernard-de-fontenelle/"
"NILF11450";"De Forbes, Raoul";"http://www.fantascienza.com/catalogo/autori/NILF11450/raoul-de-forbes/"
"NILF11451";"De Ford, Miriam Allen";"http://www.fantascienza.com/catalogo/autori/NILF11451/miriam-allen-de-ford/"
"NILF11452";"De Francesco, Gianmarco";"http://www.fantascienza.com/catalogo/autori/NILF11452/gianmarco-de-francesco/"
"NILF11453";"De Franchi, Marco";"http://www.fantascienza.com/catalogo/autori/NILF11453/marco-de-franchi/"
"NILF23929";"De Garros, Paolo";"http://www.fantascienza.com/catalogo/autori/NILF23929/paolo-de-garros/"
"NILF25212";"De Gavardo, Vittoria";"http://www.fantascienza.com/catalogo/autori/NILF25212/vittoria-de-gavardo/"
"NILF11454";"De Ghelderode, Michel";"http://www.fantascienza.com/catalogo/autori/NILF11454/michel-de-ghelderode/"
"NILF25618";"De Giovanni, Maurizio";"http://www.fantascienza.com/catalogo/autori/NILF25618/maurizio-de-giovanni/"
"NILF19110";"De Giuli, Luisa";"http://www.fantascienza.com/catalogo/autori/NILF19110/luisa-de-giuli/"
"NILF23409";"De Gobbi, Giorgio";"http://www.fantascienza.com/catalogo/autori/NILF23409/giorgio-de-gobbi/"
"NILF22836";"De Gourmont, Rémy";"http://www.fantascienza.com/catalogo/autori/NILF22836/r-emy-de-gourmont/"
"NILF11455";"De Graffigny, Henry";"http://www.fantascienza.com/catalogo/autori/NILF11455/henry-de-graffigny/"
"NILF11456";"De Grassi, Aurelio";"http://www.fantascienza.com/catalogo/autori/NILF11456/aurelio-de-grassi/"
"NILF22484";"De Gregori, Francesco";"http://www.fantascienza.com/catalogo/autori/NILF22484/francesco-de-gregori/"
"NILF11457";"De Guerin, Maurice";"http://www.fantascienza.com/catalogo/autori/NILF11457/maurice-de-guerin/"
"NILF24275";"De Guzman, Michael";"http://www.fantascienza.com/catalogo/autori/NILF24275/michael-de-guzman/"
"NILF22346";"De Haan, Germaine M.A.";"http://www.fantascienza.com/catalogo/autori/NILF22346/germaine-ma-de-haan/"
"NILF11458";"De Haven, Tom";"http://www.fantascienza.com/catalogo/autori/NILF11458/tom-de-haven/"
"NILF23016";"De Hoyos Y Vinent, Antonio";"http://www.fantascienza.com/catalogo/autori/NILF23016/antonio-de-hoyos-y-vinent/"
"NILF19073";"De Jacques, Charles";"http://www.fantascienza.com/catalogo/autori/NILF19073/charles-de-jacques/"
"NILF24685";"De Judicibus, Dario";"http://www.fantascienza.com/catalogo/autori/NILF24685/dario-de-judicibus/"
"NILF11460";"De La Barca, Demòn";"http://www.fantascienza.com/catalogo/autori/NILF11460/demon-de-la-barca/"
"NILF11461";"De La Bretonne, Restif";"http://www.fantascienza.com/catalogo/autori/NILF11461/restif-de-la-bretonne/"
"NILF19742";"De La Bruyere, Eugenio";"http://www.fantascienza.com/catalogo/autori/NILF19742/eugenio-de-la-bruyere/"
"NILF23480";"De La Casa, Ricard";"http://www.fantascienza.com/catalogo/autori/NILF23480/ricard-de-la-casa/"
"NILF18810";"De La Cuadra, José";"http://www.fantascienza.com/catalogo/autori/NILF18810/jos-e-de-la-cuadra/"
"NILF11463";"De La Hire, Jean";"http://www.fantascienza.com/catalogo/autori/NILF11463/jean-de-la-hire/"
"NILF11464";"De La Mare, Walter";"http://www.fantascienza.com/catalogo/autori/NILF11464/walter-de-la-mare/"
"NILF18807";"De La Parra, Teresa";"http://www.fantascienza.com/catalogo/autori/NILF18807/teresa-de-la-parra/"
"NILF16156";"De La Ree, Gerry";"http://www.fantascienza.com/catalogo/autori/NILF16156/gerry-de-la-ree/"
"NILF16468";"De La Serna, Rámon Gómez";"http://www.fantascienza.com/catalogo/autori/NILF16468/r-amon-g-omez-de-la-serna/"
"NILF18697";"De Larmandie, Léonce";"http://www.fantascienza.com/catalogo/autori/NILF18697/l-eonce-de-larmandie/"
"NILF11465";"De Larrabeiti, Michael";"http://www.fantascienza.com/catalogo/autori/NILF11465/michael-de-larrabeiti/"
"NILF19285";"De Lauretis, Teresa";"http://www.fantascienza.com/catalogo/autori/NILF19285/teresa-de-lauretis/"
"NILF11466";"De Lint, Charles";"http://www.fantascienza.com/catalogo/autori/NILF11466/charles-de-lint/"
"NILF18131";"De Lorde, Andrea";"http://www.fantascienza.com/catalogo/autori/NILF18131/andrea-de-lorde/"
"NILF11467";"De Los Rios, Riccardo jr";"http://www.fantascienza.com/catalogo/autori/NILF11467/riccardo-jr-de-los-rios/"
"NILF25792";"De Luca, Arianna";"http://www.fantascienza.com/catalogo/autori/NILF25792/arianna-de-luca/"
"NILF11468";"De Luca, Liana";"http://www.fantascienza.com/catalogo/autori/NILF11468/liana-de-luca/"
"NILF19373";"De Luca, Nino";"http://www.fantascienza.com/catalogo/autori/NILF19373/nino-de-luca/"
"NILF11469";"De Luca, Pasquale";"http://www.fantascienza.com/catalogo/autori/NILF11469/pasquale-de-luca/"
"NILF11471";"De Luigi, Mario jr.";"http://www.fantascienza.com/catalogo/autori/NILF11471/mario-jr-de-luigi/"
"NILF11472";"De Luna, Guglielmo Folliero";"http://www.fantascienza.com/catalogo/autori/NILF11472/guglielmo-folliero-de-luna/"
"NILF11473";"De Lusarreta, Pilar";"http://www.fantascienza.com/catalogo/autori/NILF11473/pilar-de-lusarreta/"
"NILF11474";"De Madariaga, Salvador";"http://www.fantascienza.com/catalogo/autori/NILF11474/salvador-de-madariaga/"
"NILF22438";"De Maisières, Païen";"http://www.fantascienza.com/catalogo/autori/NILF22438/paien-de-maisieres/"
"NILF11475";"De Mandiargues, André Pieyre";"http://www.fantascienza.com/catalogo/autori/NILF11475/andr-e-pieyre-de-mandiargues/"
"NILF11476";"De Marchi, Emilio";"http://www.fantascienza.com/catalogo/autori/NILF11476/emilio-de-marchi/"
"NILF22400";"De Marchi, Luigi";"http://www.fantascienza.com/catalogo/autori/NILF22400/luigi-de-marchi/"
"NILF16597";"De Marchi, Pietro";"http://www.fantascienza.com/catalogo/autori/NILF16597/pietro-de-marchi/"
"NILF21545";"De Marchis, Giorgio";"http://www.fantascienza.com/catalogo/autori/NILF21545/giorgio-de-marchis/"
"NILF25078";"De Marco, Linda";"http://www.fantascienza.com/catalogo/autori/NILF25078/linda-de-marco/"
"NILF24424";"De Mari, Silvana";"http://www.fantascienza.com/catalogo/autori/NILF24424/silvana-de-mari/"
"NILF25788";"De Maria, Luciano";"http://www.fantascienza.com/catalogo/autori/NILF25788/luciano-de-maria/"
"NILF23935";"De Maricourt, Baron";"http://www.fantascienza.com/catalogo/autori/NILF23935/baron-de-maricourt/"
"NILF11478";"De Marinis, Rick";"http://www.fantascienza.com/catalogo/autori/NILF11478/rick-de-marinis/"
"NILF25590";"De Martino, Giulio";"http://www.fantascienza.com/catalogo/autori/NILF25590/giulio-de-martino/"
"NILF26354";"De Martino, Mario";"http://www.fantascienza.com/catalogo/autori/NILF26354/mario-de-martino/"
"NILF22903";"De Mattei, Rodolfo";"http://www.fantascienza.com/catalogo/autori/NILF22903/rodolfo-de-mattei/"
"NILF24713";"De Matteo, Giovanni";"http://www.fantascienza.com/catalogo/autori/NILF24713/giovanni-de-matteo/"
"NILF11479";"De Maupassant, Guy";"http://www.fantascienza.com/catalogo/autori/NILF11479/guy-de-maupassant/"
"NILF19401";"De Mei, Cristiano";"http://www.fantascienza.com/catalogo/autori/NILF19401/cristiano-de-mei/"
"NILF21983";"De Mercurio, Mara";"http://www.fantascienza.com/catalogo/autori/NILF21983/mara-de-mercurio/"
"NILF17733";"De Mers, Joe";"http://www.fantascienza.com/catalogo/autori/NILF17733/joe-de-mers/"
"NILF24159";"De Micheli, Giuseppe";"http://www.fantascienza.com/catalogo/autori/NILF24159/giuseppe-de-micheli/"
"NILF25216";"De Michelis, Jacopo";"http://www.fantascienza.com/catalogo/autori/NILF25216/jacopo-de-michelis/"
"NILF20889";"De Montgon, Albert";"http://www.fantascienza.com/catalogo/autori/NILF20889/albert-de-montgon/"
"NILF11481";"De Morgan, Mary";"http://www.fantascienza.com/catalogo/autori/NILF11481/mary-de-morgan/"
"NILF19314";"De Mucci, Nicola";"http://www.fantascienza.com/catalogo/autori/NILF19314/nicola-de-mucci/"
"NILF24172";"De Murúa, Martin";"http://www.fantascienza.com/catalogo/autori/NILF24172/martin-de-mur-ua/"
"NILF11483";"De Nardi, Claudio";"http://www.fantascienza.com/catalogo/autori/NILF11483/claudio-de-nardi/"
"NILF21808";"De Nardis, Luisa";"http://www.fantascienza.com/catalogo/autori/NILF21808/luisa-de-nardis/"
"NILF25019";"De Nardis, Matteo";"http://www.fantascienza.com/catalogo/autori/NILF25019/matteo-de-nardis/"
"NILF23360";"De Navery, Raoul";"http://www.fantascienza.com/catalogo/autori/NILF23360/raoul-de-navery/"
"NILF11484";"De Nerval, Gérard";"http://www.fantascienza.com/catalogo/autori/NILF11484/g-erard-de-nerval/"
"NILF11485";"De Nictolis, Paolo";"http://www.fantascienza.com/catalogo/autori/NILF11485/paolo-de-nictolis/"
"NILF11486";"De Noux, O'Neil";"http://www.fantascienza.com/catalogo/autori/NILF11486/o-neil-de-noux/"
"NILF20917";"De Obaldia, René";"http://www.fantascienza.com/catalogo/autori/NILF20917/ren-e-de-obaldia/"
"NILF18773";"De Palol, Miquel";"http://www.fantascienza.com/catalogo/autori/NILF18773/miquel-de-palol/"
"NILF18928";"De Parville, E[nrico]";"http://www.fantascienza.com/catalogo/autori/NILF18928/enrico-de-parville/"
"NILF21687";"De Pascalis, Andrea";"http://www.fantascienza.com/catalogo/autori/NILF21687/andrea-de-pascalis/"
"NILF11487";"De Pascalis, Luigi";"http://www.fantascienza.com/catalogo/autori/NILF11487/luigi-de-pascalis/"
"NILF23660";"De Pasquali, Paolo";"http://www.fantascienza.com/catalogo/autori/NILF23660/paolo-de-pasquali/"
"NILF20445";"De Petro, Antonio";"http://www.fantascienza.com/catalogo/autori/NILF20445/antonio-de-petro/"
"NILF22267";"De Pol, Roberto";"http://www.fantascienza.com/catalogo/autori/NILF22267/roberto-de-pol/"
"NILF11488";"De Poli, Franco";"http://www.fantascienza.com/catalogo/autori/NILF11488/franco-de-poli/"
"NILF16713";"De Propris, Fabio";"http://www.fantascienza.com/catalogo/autori/NILF16713/fabio-de-propris/"
"NILF11490";"De Queiroz, Eça";"http://www.fantascienza.com/catalogo/autori/NILF11490/eca-de-queiroz/"
"NILF11491";"De Quincey, Thomas";"http://www.fantascienza.com/catalogo/autori/NILF11491/thomas-de-quincey/"
"NILF11492";"De Quirielle, Jean";"http://www.fantascienza.com/catalogo/autori/NILF11492/jean-de-quirielle/"
"NILF24789";"De Regny, Emanuele Vinassa";"http://www.fantascienza.com/catalogo/autori/NILF24789/emanuele-vinassa-de-regny/"
"NILF17983";"De Reigner, Henri";"http://www.fantascienza.com/catalogo/autori/NILF17983/henri-de-reigner/"
"NILF11494";"De Rigo, Giorgio";"http://www.fantascienza.com/catalogo/autori/NILF11494/giorgio-de-rigo/"
"NILF24314";"De Risio, Carlo";"http://www.fantascienza.com/catalogo/autori/NILF24314/carlo-de-risio/"
"NILF11496";"De Roberto, Federico";"http://www.fantascienza.com/catalogo/autori/NILF11496/federico-de-roberto/"
"NILF11497";"De Roberto, Ugo";"http://www.fantascienza.com/catalogo/autori/NILF11497/ugo-de-roberto/"
"NILF18477";"De Rosa, Giuseppe";"http://www.fantascienza.com/catalogo/autori/NILF18477/giuseppe-de-rosa/"
"NILF23048";"De Rossi, Alessandro";"http://www.fantascienza.com/catalogo/autori/NILF23048/alessandro-de-rossi/"
"NILF23049";"De Rossi, Danilo";"http://www.fantascienza.com/catalogo/autori/NILF23049/danilo-de-rossi/"
"NILF11498";"De Rugeriis, Dino";"http://www.fantascienza.com/catalogo/autori/NILF11498/dino-de-rugeriis/"
"NILF18205";"De Ruynes, Pierre";"http://www.fantascienza.com/catalogo/autori/NILF18205/pierre-de-ruynes/"
"NILF11499";"De Sade, D. A. F.";"http://www.fantascienza.com/catalogo/autori/NILF11499/d-a-f-de-sade/"
"NILF20244";"De Sanctis, Nino";"http://www.fantascienza.com/catalogo/autori/NILF20244/nino-de-sanctis/"
"NILF18338";"De Santi, LUCA";"http://www.fantascienza.com/catalogo/autori/NILF18338/luca-de-santi/"
"NILF17760";"De Santis, Armando";"http://www.fantascienza.com/catalogo/autori/NILF17760/armando-de-santis/"
"NILF11500";"De Santis, Claudio";"http://www.fantascienza.com/catalogo/autori/NILF11500/claudio-de-santis/"
"NILF11501";"De Santis, Dario";"http://www.fantascienza.com/catalogo/autori/NILF11501/dario-de-santis/"
"NILF11502";"De Santis, Gino";"http://www.fantascienza.com/catalogo/autori/NILF11502/gino-de-santis/"
"NILF16573";"De Santis, Gualtiero";"http://www.fantascienza.com/catalogo/autori/NILF16573/gualtiero-de-santis/"
"NILF23060";"De Santis, Guido";"http://www.fantascienza.com/catalogo/autori/NILF23060/guido-de-santis/"
"NILF16741";"De Santis, Marco I.";"http://www.fantascienza.com/catalogo/autori/NILF16741/marco-i-de-santis/"
"NILF24748";"De Santis, Pablo";"http://www.fantascienza.com/catalogo/autori/NILF24748/pablo-de-santis/"
"NILF11503";"De Sario, Emanuele";"http://www.fantascienza.com/catalogo/autori/NILF11503/emanuele-de-sario/"
"NILF25403";"De Sica, Manuel";"http://www.fantascienza.com/catalogo/autori/NILF25403/manuel-de-sica/"
"NILF11504";"De Siebert, Nora";"http://www.fantascienza.com/catalogo/autori/NILF11504/nora-de-siebert/"
"NILF11505";"De Silva, Pietro";"http://www.fantascienza.com/catalogo/autori/NILF11505/pietro-de-silva/"
"NILF19166";"De Simone, Celestino";"http://www.fantascienza.com/catalogo/autori/NILF19166/celestino-de-simone/"
"NILF11506";"De Simone, Vanni";"http://www.fantascienza.com/catalogo/autori/NILF11506/vanni-de-simone/"
"NILF11507";"De Stael, Madame";"http://www.fantascienza.com/catalogo/autori/NILF11507/madame-de-stael/"
"NILF11508";"De Stefani, Livia";"http://www.fantascienza.com/catalogo/autori/NILF11508/livia-de-stefani/"
"NILF18404";"De Teramond, Guy";"http://www.fantascienza.com/catalogo/autori/NILF18404/guy-de-teramond/"
"NILF22436";"De Troyes, Chrétien";"http://www.fantascienza.com/catalogo/autori/NILF22436/chr-etien-de-troyes/"
"NILF11509";"De Turris, Gianfranco";"http://www.fantascienza.com/catalogo/autori/NILF11509/gianfranco-de-turris/"
"NILF11510";"De Turris, Pierluigi";"http://www.fantascienza.com/catalogo/autori/NILF11510/pierluigi-de-turris/"
"NILF18911";"De V., Don Luis";"http://www.fantascienza.com/catalogo/autori/NILF18911/don-luis-de-v/"
"NILF19777";"De Vecchi, Omero";"http://www.fantascienza.com/catalogo/autori/NILF19777/omero-de-vecchi/"
"NILF23766";"De Vecchis, Giovanni";"http://www.fantascienza.com/catalogo/autori/NILF23766/giovanni-de-vecchis/"
"NILF22659";"De Vere, H.";"http://www.fantascienza.com/catalogo/autori/NILF22659/h-de-vere/"
"NILF11511";"De Vet, Charles V.";"http://www.fantascienza.com/catalogo/autori/NILF11511/charles-v-de-vet/"
"NILF19685";"De Vettor, Luisa";"http://www.fantascienza.com/catalogo/autori/NILF19685/luisa-de-vettor/"
"NILF18794";"De Viana, Javier";"http://www.fantascienza.com/catalogo/autori/NILF18794/javier-de-viana/"
"NILF22279";"De Vincenti, Giorgio";"http://www.fantascienza.com/catalogo/autori/NILF22279/giorgio-de-vincenti/"
"NILF18043";"De Vincenzo (emiunu), Bernardino";"http://www.fantascienza.com/catalogo/autori/NILF18043/bernardino-de-vincenzo-emiunu/"
"NILF11512";"De Vita, Davide";"http://www.fantascienza.com/catalogo/autori/NILF11512/davide-de-vita/"
"NILF11514";"De Wohl, Louis";"http://www.fantascienza.com/catalogo/autori/NILF11514/louis-de-wohl/"
"NILF18704";"De Zigno, Federico";"http://www.fantascienza.com/catalogo/autori/NILF18704/federico-de-zigno/"
"NILF17829";"De Zordo, Ornella";"http://www.fantascienza.com/catalogo/autori/NILF17829/ornella-de-zordo/"
"NILF20841";"De [salignac De La Mothe-] Fénelon, François";"http://www.fantascienza.com/catalogo/autori/NILF20841/francois-de-salignac-de-la-mothe--f-enelon/"
"NILF21362";"De' gislimberti, Adriana";"http://www.fantascienza.com/catalogo/autori/NILF21362/adriana-de-gislimberti/"
"NILF18770";"De' grandi, Gabriella";"http://www.fantascienza.com/catalogo/autori/NILF18770/gabriella-de-grandi/"
"NILF19240";"De' medici, Carlo H.";"http://www.fantascienza.com/catalogo/autori/NILF19240/carlo-h-de-medici/"
"NILF11515";"De' rossignoli, Emilio";"http://www.fantascienza.com/catalogo/autori/NILF11515/emilio-de-rossignoli/"
"NILF20204";"Dea, Giulia";"http://www.fantascienza.com/catalogo/autori/NILF20204/giulia-dea/"
"NILF17448";"Deaglio, Enrico";"http://www.fantascienza.com/catalogo/autori/NILF17448/enrico-deaglio/"
"NILF24302";"Deakin, Basil";"http://www.fantascienza.com/catalogo/autori/NILF24302/basil-deakin/"
"NILF22530";"Deason, Lisa";"http://www.fantascienza.com/catalogo/autori/NILF22530/lisa-deason/"
"NILF26443";"Deaver, Jeffery";"http://www.fantascienza.com/catalogo/autori/NILF26443/jeffery-deaver/"
"NILF19068";"Debenedetti, Antonio";"http://www.fantascienza.com/catalogo/autori/NILF19068/antonio-debenedetti/"
"NILF11518";"Debenedetti, Milena";"http://www.fantascienza.com/catalogo/autori/NILF11518/milena-debenedetti/"
"NILF11519";"Debra, Juan";"http://www.fantascienza.com/catalogo/autori/NILF11519/juan-debra/"
"NILF19043";"Debrandt, Don";"http://www.fantascienza.com/catalogo/autori/NILF19043/don-debrandt/"
"NILF23998";"Debure, H.";"http://www.fantascienza.com/catalogo/autori/NILF23998/h-debure/"
"NILF26729";"Decandia, Marco";"http://www.fantascienza.com/catalogo/autori/NILF26729/marco-decandia/"
"NILF11521";"Dechancie, John";"http://www.fantascienza.com/catalogo/autori/NILF11521/john-dechancie/"
"NILF24510";"Deckard, Rick";"http://www.fantascienza.com/catalogo/autori/NILF24510/rick-deckard/"
"NILF17071";"Dedman, Stephen";"http://www.fantascienza.com/catalogo/autori/NILF17071/stephen-dedman/"
"NILF11522";"Dee, Roger";"http://www.fantascienza.com/catalogo/autori/NILF11522/roger-dee/"
"NILF11523";"Dee, Ron";"http://www.fantascienza.com/catalogo/autori/NILF11523/ron-dee/"
"NILF11524";"Deegan, Frances M.";"http://www.fantascienza.com/catalogo/autori/NILF11524/frances-m-deegan/"
"NILF11526";"Deeley, Roger";"http://www.fantascienza.com/catalogo/autori/NILF11526/roger-deeley/"
"NILF26307";"Deeny, Leander";"http://www.fantascienza.com/catalogo/autori/NILF26307/leander-deeny/"
"NILF15875";"Deese, Frank";"http://www.fantascienza.com/catalogo/autori/NILF15875/frank-deese/"
"NILF19721";"Defilippi, Alessandro";"http://www.fantascienza.com/catalogo/autori/NILF19721/alessandro-defilippi/"
"NILF11527";"Defoe, Daniel";"http://www.fantascienza.com/catalogo/autori/NILF11527/daniel-defoe/"
"NILF23688";"Defreitas, Dr. Leo John";"http://www.fantascienza.com/catalogo/autori/NILF23688/dr-leo-john-defreitas/"
"NILF11529";"Degasperi, Alessandra Postal";"http://www.fantascienza.com/catalogo/autori/NILF11529/alessandra-postal-degasperi/"
"NILF18113";"Degiorgi, Giuliana";"http://www.fantascienza.com/catalogo/autori/NILF18113/giuliana-degiorgi/"
"NILF11530";"Degli Espinosa, Francesco";"http://www.fantascienza.com/catalogo/autori/NILF11530/francesco-degli-espinosa/"
"NILF23514";"Degrez, Honorine";"http://www.fantascienza.com/catalogo/autori/NILF23514/honorine-degrez/"
"NILF20980";"Dei, Adele";"http://www.fantascienza.com/catalogo/autori/NILF20980/adele-dei/"
"NILF11531";"Dei, Annamaria";"http://www.fantascienza.com/catalogo/autori/NILF11531/annamaria-dei/"
"NILF24994";"Deias, Riccardo";"http://www.fantascienza.com/catalogo/autori/NILF24994/riccardo-deias/"
"NILF11532";"Deighton, Len";"http://www.fantascienza.com/catalogo/autori/NILF11532/len-deighton/"
"NILF21339";"Déjacque, Joseph";"http://www.fantascienza.com/catalogo/autori/NILF21339/joseph-d-ejacque/"
"NILF11535";"Dek, Liven";"http://www.fantascienza.com/catalogo/autori/NILF11535/liven-dek/"
"NILF18780";"Del Bianco, Mauro";"http://www.fantascienza.com/catalogo/autori/NILF18780/mauro-del-bianco/"
"NILF16252";"Del Buono, Oreste";"http://www.fantascienza.com/catalogo/autori/NILF16252/oreste-del-buono/"
"NILF20240";"Del Cañizo, José A.";"http://www.fantascienza.com/catalogo/autori/NILF20240/jos-e-a-del-canizo/"
"NILF19437";"Del Castillo, R.";"http://www.fantascienza.com/catalogo/autori/NILF19437/r-del-castillo/"
"NILF24600";"Del Corso, Lucio";"http://www.fantascienza.com/catalogo/autori/NILF24600/lucio-del-corso/"
"NILF24723";"Del Duca, Claudio";"http://www.fantascienza.com/catalogo/autori/NILF24723/claudio-del-duca/"
"NILF26658";"Del Duca, Massimiliano";"http://www.fantascienza.com/catalogo/autori/NILF26658/massimiliano-del-duca/"
"NILF11538";"Del Fiore, Ettore";"http://www.fantascienza.com/catalogo/autori/NILF11538/ettore-del-fiore/"
"NILF18534";"Del Frate, Aurelia";"http://www.fantascienza.com/catalogo/autori/NILF18534/aurelia-del-frate/"
"NILF20939";"Del Freo, Marco";"http://www.fantascienza.com/catalogo/autori/NILF20939/marco-del-freo/"
"NILF23491";"Del Gaudio, Alessandro";"http://www.fantascienza.com/catalogo/autori/NILF23491/alessandro-del-gaudio/"
"NILF11539";"Del Giudice, Attilio";"http://www.fantascienza.com/catalogo/autori/NILF11539/attilio-del-giudice/"
"NILF16907";"Del Maso, Claudio";"http://www.fantascienza.com/catalogo/autori/NILF16907/claudio-del-maso/"
"NILF25247";"Del Monte, Christian";"http://www.fantascienza.com/catalogo/autori/NILF25247/christian-del-monte/"
"NILF11542";"Del Pizzo, Massimo";"http://www.fantascienza.com/catalogo/autori/NILF11542/massimo-del-pizzo/"
"NILF19356";"Del Ponte, Giovanni";"http://www.fantascienza.com/catalogo/autori/NILF19356/giovanni-del-ponte/"
"NILF18120";"Del Re, Giancarlo";"http://www.fantascienza.com/catalogo/autori/NILF18120/giancarlo-del-re/"
"NILF23716";"Del Re, Michel C.";"http://www.fantascienza.com/catalogo/autori/NILF23716/michel-c-del-re/"
"NILF16268";"Del Rey, Judy-Lynn";"http://www.fantascienza.com/catalogo/autori/NILF16268/judy-lynn-del-rey/"
"NILF11543";"Del Rey, Lester";"http://www.fantascienza.com/catalogo/autori/NILF11543/lester-del-rey/"
"NILF17394";"Del Santo, Maurizio";"http://www.fantascienza.com/catalogo/autori/NILF17394/maurizio-del-santo/"
"NILF22276";"Del Sapio Garbero, Maria";"http://www.fantascienza.com/catalogo/autori/NILF22276/maria-del-sapio-garbero/"
"NILF16239";"Del Tanaro, Teobaldo";"http://www.fantascienza.com/catalogo/autori/NILF16239/teobaldo-del-tanaro/"
"NILF25844";"Delacroix, Ian";"http://www.fantascienza.com/catalogo/autori/NILF25844/ian-delacroix/"
"NILF11544";"Delafosse, Bernard";"http://www.fantascienza.com/catalogo/autori/NILF11544/bernard-delafosse/"
"NILF23731";"Delaidini, Rossella";"http://www.fantascienza.com/catalogo/autori/NILF23731/rossella-delaidini/"
"NILF25583";"Delalande, Arnaud";"http://www.fantascienza.com/catalogo/autori/NILF25583/arnaud-delalande/"
"NILF19040";"Delancie, John";"http://www.fantascienza.com/catalogo/autori/NILF19040/john-delancie/"
"NILF23790";"Delaney, Joseph";"http://www.fantascienza.com/catalogo/autori/NILF23790/joseph-delaney/"
"NILF11545";"Delaney, Joseph H.";"http://www.fantascienza.com/catalogo/autori/NILF11545/joseph-h-delaney/"
"NILF11546";"Delaney, Laurence";"http://www.fantascienza.com/catalogo/autori/NILF11546/laurence-delaney/"
"NILF21451";"Delano, Jamie";"http://www.fantascienza.com/catalogo/autori/NILF21451/jamie-delano/"
"NILF11547";"Delany, Samuel R.";"http://www.fantascienza.com/catalogo/autori/NILF11547/samuel-r-delany/"
"NILF11549";"Delaplace, Barbara";"http://www.fantascienza.com/catalogo/autori/NILF11549/barbara-delaplace/"
"NILF11550";"Delbosq, Roberto";"http://www.fantascienza.com/catalogo/autori/NILF11550/roberto-delbosq/"
"NILF24559";"Delcorno, Carlo";"http://www.fantascienza.com/catalogo/autori/NILF24559/carlo-delcorno/"
"NILF11551";"Deledda, Grazia";"http://www.fantascienza.com/catalogo/autori/NILF11551/grazia-deledda/"
"NILF24157";"Delfabro, Sivio";"http://www.fantascienza.com/catalogo/autori/NILF24157/sivio-delfabro/"
"NILF11553";"Delfini, Antonio";"http://www.fantascienza.com/catalogo/autori/NILF11553/antonio-delfini/"
"NILF11554";"Delfino, Mario";"http://www.fantascienza.com/catalogo/autori/NILF11554/mario-delfino/"
"NILF11555";"Delforno, Carlo Cristiano";"http://www.fantascienza.com/catalogo/autori/NILF11555/carlo-cristiano-delforno/"
"NILF16736";"Delgado, Gustavo";"http://www.fantascienza.com/catalogo/autori/NILF16736/gustavo-delgado/"
"NILF17369";"Deligia, Sabrina";"http://www.fantascienza.com/catalogo/autori/NILF17369/sabrina-deligia/"
"NILF17859";"Delillo, Don";"http://www.fantascienza.com/catalogo/autori/NILF17859/don-delillo/"
"NILF11556";"Dell'Angelo, Bruno";"http://www.fantascienza.com/catalogo/autori/NILF11556/bruno-dell-angelo/"
"NILF18462";"Dell'Oro, Vincenzo";"http://www.fantascienza.com/catalogo/autori/NILF18462/vincenzo-dell-oro/"
"NILF16888";"Dell'Orso, Claudio";"http://www.fantascienza.com/catalogo/autori/NILF16888/claudio-dell-orso/"
"NILF24511";"Dell'Utri, Marcello";"http://www.fantascienza.com/catalogo/autori/NILF24511/marcello-dell-utri/"
"NILF24071";"Della Bella, Cristiano";"http://www.fantascienza.com/catalogo/autori/NILF24071/cristiano-della-bella/"
"NILF11557";"Della Casa, Antonino";"http://www.fantascienza.com/catalogo/autori/NILF11557/antonino-della-casa/"
"NILF21512";"Della Casa, Stefano";"http://www.fantascienza.com/catalogo/autori/NILF21512/stefano-della-casa/"
"NILF11558";"Della Corte, Carlo";"http://www.fantascienza.com/catalogo/autori/NILF11558/carlo-della-corte/"
"NILF20176";"Della Corte, Marco";"http://www.fantascienza.com/catalogo/autori/NILF20176/marco-della-corte/"
"NILF11559";"Della Mea, Ivan";"http://www.fantascienza.com/catalogo/autori/NILF11559/ivan-della-mea/"
"NILF11560";"Della Miraglia, Emanuele Navarro";"http://www.fantascienza.com/catalogo/autori/NILF11560/emanuele-navarro-della-miraglia/"
"NILF17809";"Della Riva, Piero Gondolo";"http://www.fantascienza.com/catalogo/autori/NILF17809/piero-gondolo-della-riva/"
"NILF25983";"Della Rossa, Alberto";"http://www.fantascienza.com/catalogo/autori/NILF25983/alberto-della-rossa/"
"NILF25843";"Della Rovere, Alessandra";"http://www.fantascienza.com/catalogo/autori/NILF25843/alessandra-della-rovere/"
"NILF11561";"Della Sala Spada, Agostino";"http://www.fantascienza.com/catalogo/autori/NILF11561/agostino-della-sala-spada/"
"NILF11562";"Della Torre, Ada";"http://www.fantascienza.com/catalogo/autori/NILF11562/ada-della-torre/"
"NILF23487";"Dellamonica, A. M.";"http://www.fantascienza.com/catalogo/autori/NILF23487/a-m-dellamonica/"
"NILF22349";"Delle Rupi, Fiorenzo";"http://www.fantascienza.com/catalogo/autori/NILF22349/fiorenzo-delle-rupi/"
"NILF24192";"Delle Selve, Stefania";"http://www.fantascienza.com/catalogo/autori/NILF24192/stefania-delle-selve/"
"NILF11563";"Dellfos, ";"http://www.fantascienza.com/catalogo/autori/NILF11563/-dellfos/"
"NILF11564";"Dellinger, Paul";"http://www.fantascienza.com/catalogo/autori/NILF11564/paul-dellinger/"
"NILF19460";"Dello Russo, Marco";"http://www.fantascienza.com/catalogo/autori/NILF19460/marco-dello-russo/"
"NILF24636";"Dello Strologo, Saulla";"http://www.fantascienza.com/catalogo/autori/NILF24636/saulla-dello-strologo/"
"NILF26445";"Delmiglio, Emanuele";"http://www.fantascienza.com/catalogo/autori/NILF26445/emanuele-delmiglio/"
"NILF17377";"Delsemme, Serge";"http://www.fantascienza.com/catalogo/autori/NILF17377/serge-delsemme/"
"NILF24645";"Delval, Jacques";"http://www.fantascienza.com/catalogo/autori/NILF24645/jacques-delval/"
"NILF24644";"Delval, Marie Helene";"http://www.fantascienza.com/catalogo/autori/NILF24644/marie-helene-delval/"
"NILF19462";"Delvino, Nicola";"http://www.fantascienza.com/catalogo/autori/NILF19462/nicola-delvino/"
"NILF18163";"Demarchi, Andrea";"http://www.fantascienza.com/catalogo/autori/NILF18163/andrea-demarchi/"
"NILF16414";"Demby, Lucia Drury";"http://www.fantascienza.com/catalogo/autori/NILF16414/lucia-drury-demby/"
"NILF19187";"Demetrio, Arnaldo";"http://www.fantascienza.com/catalogo/autori/NILF19187/arnaldo-demetrio/"
"NILF19106";"Demicheli, Cristiano";"http://www.fantascienza.com/catalogo/autori/NILF19106/cristiano-demicheli/"
"NILF11567";"Demichelis, Armando";"http://www.fantascienza.com/catalogo/autori/NILF11567/armando-demichelis/"
"NILF26440";"Demille, Nelson";"http://www.fantascienza.com/catalogo/autori/NILF26440/nelson-demille/"
"NILF11569";"Demuth, Michel";"http://www.fantascienza.com/catalogo/autori/NILF11569/michel-demuth/"
"NILF22606";"Denaro, Domenico";"http://www.fantascienza.com/catalogo/autori/NILF22606/domenico-denaro/"
"NILF11570";"Denevi, Marco";"http://www.fantascienza.com/catalogo/autori/NILF11570/marco-denevi/"
"NILF20064";"Denis, Sylvie";"http://www.fantascienza.com/catalogo/autori/NILF20064/sylvie-denis/"
"NILF11571";"Dennett, Daniel C.";"http://www.fantascienza.com/catalogo/autori/NILF11571/daniel-c-dennett/"
"NILF25202";"Denney, Jim";"http://www.fantascienza.com/catalogo/autori/NILF25202/jim-denney/"
"NILF11572";"Dennies, Les";"http://www.fantascienza.com/catalogo/autori/NILF11572/les-dennies/"
"NILF11573";"Denning, Troy";"http://www.fantascienza.com/catalogo/autori/NILF11573/troy-denning/"
"NILF22641";"Denti, Marco";"http://www.fantascienza.com/catalogo/autori/NILF22641/marco-denti/"
"NILF20264";"Denti, Roberto";"http://www.fantascienza.com/catalogo/autori/NILF20264/roberto-denti/"
"NILF11576";"Denton, Bradley";"http://www.fantascienza.com/catalogo/autori/NILF11576/bradley-denton/"
"NILF11577";"Denton, Derek";"http://www.fantascienza.com/catalogo/autori/NILF11577/derek-denton/"
"NILF21502";"Denunzio, Fabrizio";"http://www.fantascienza.com/catalogo/autori/NILF21502/fabrizio-denunzio/"
"NILF20942";"Deplano, Marco";"http://www.fantascienza.com/catalogo/autori/NILF20942/marco-deplano/"
"NILF19375";"Deplano, Vindice";"http://www.fantascienza.com/catalogo/autori/NILF19375/vindice-deplano/"
"NILF16073";"Deprez, Daniel";"http://www.fantascienza.com/catalogo/autori/NILF16073/daniel-deprez/"
"NILF11578";"Derevanchuk, Gordon";"http://www.fantascienza.com/catalogo/autori/NILF11578/gordon-derevanchuk/"
"NILF16157";"Derleth, April R.";"http://www.fantascienza.com/catalogo/autori/NILF16157/april-r-derleth/"
"NILF11579";"Derleth, August";"http://www.fantascienza.com/catalogo/autori/NILF11579/august-derleth/"
"NILF11580";"Dermèze, Yves";"http://www.fantascienza.com/catalogo/autori/NILF11580/yves-dermeze/"
"NILF26103";"Derosas, Fabrizio";"http://www.fantascienza.com/catalogo/autori/NILF26103/fabrizio-derosas/"
"NILF16275";"Derossi, Renata";"http://www.fantascienza.com/catalogo/autori/NILF16275/renata-derossi/"
"NILF21064";"Derrey, François";"http://www.fantascienza.com/catalogo/autori/NILF21064/francois-derrey/"
"NILF11581";"Déry Tibor, ";"http://www.fantascienza.com/catalogo/autori/NILF11581/-d-ery-tibor/"
"NILF11582";"Desiato, Luca";"http://www.fantascienza.com/catalogo/autori/NILF11582/luca-desiato/"
"NILF16513";"Desideri, Fabrizio";"http://www.fantascienza.com/catalogo/autori/NILF16513/fabrizio-desideri/"
"NILF16783";"Desiderio, Francesco";"http://www.fantascienza.com/catalogo/autori/NILF16783/francesco-desiderio/"
"NILF15975";"Desnos, Robert";"http://www.fantascienza.com/catalogo/autori/NILF15975/robert-desnos/"
"NILF25462";"Desogus, Arianna";"http://www.fantascienza.com/catalogo/autori/NILF25462/arianna-desogus/"
"NILF20804";"Despain, Dezra";"http://www.fantascienza.com/catalogo/autori/NILF20804/dezra-despain/"
"NILF18680";"Despentes, Virginie";"http://www.fantascienza.com/catalogo/autori/NILF18680/virginie-despentes/"
"NILF24429";"Desplechin, Marie";"http://www.fantascienza.com/catalogo/autori/NILF24429/marie-desplechin/"
"NILF22224";"Desrosiers, Sylvie";"http://www.fantascienza.com/catalogo/autori/NILF22224/sylvie-desrosiers/"
"NILF21877";"Desti, Rita";"http://www.fantascienza.com/catalogo/autori/NILF21877/rita-desti/"
"NILF16132";"Dettore, Ugo";"http://www.fantascienza.com/catalogo/autori/NILF16132/ugo-dettore/"
"NILF25337";"Detwiller, Dennis";"http://www.fantascienza.com/catalogo/autori/NILF25337/dennis-detwiller/"
"NILF19053";"Deutermann, P. T.";"http://www.fantascienza.com/catalogo/autori/NILF19053/p-t-deutermann/"
"NILF11584";"Deutsch, A. J.";"http://www.fantascienza.com/catalogo/autori/NILF11584/a-j-deutsch/"
"NILF11585";"Devaux, Pierre";"http://www.fantascienza.com/catalogo/autori/NILF11585/pierre-devaux/"
"NILF11586";"Dever, Joe";"http://www.fantascienza.com/catalogo/autori/NILF11586/joe-dever/"
"NILF21701";"Devil, Francis";"http://www.fantascienza.com/catalogo/autori/NILF21701/francis-devil/"
"NILF11587";"Devis, Liliane";"http://www.fantascienza.com/catalogo/autori/NILF11587/liliane-devis/"
"NILF11588";"Devlin, Dean";"http://www.fantascienza.com/catalogo/autori/NILF11588/dean-devlin/"
"NILF25050";"Devoti, Leonardo";"http://www.fantascienza.com/catalogo/autori/NILF25050/leonardo-devoti/"
"NILF24318";"Devoti, Patrizia";"http://www.fantascienza.com/catalogo/autori/NILF24318/patrizia-devoti/"
"NILF11589";"Dewees, Christine";"http://www.fantascienza.com/catalogo/autori/NILF11589/christine-dewees/"
"NILF11590";"Deweese, Gene";"http://www.fantascienza.com/catalogo/autori/NILF11590/gene-deweese/"
"NILF11592";"Dewey, Gordon G.";"http://www.fantascienza.com/catalogo/autori/NILF11592/gordon-g-dewey/"
"NILF24838";"Dewey, Thomas B.";"http://www.fantascienza.com/catalogo/autori/NILF24838/thomas-b-dewey/"
"NILF26334";"Dewitt, Carl A.";"http://www.fantascienza.com/catalogo/autori/NILF26334/carl-a-dewitt/"
"NILF11594";"Dexter, Susan";"http://www.fantascienza.com/catalogo/autori/NILF11594/susan-dexter/"
"NILF21948";"Dezi, Alessandro";"http://www.fantascienza.com/catalogo/autori/NILF21948/alessandro-dezi/"
"NILF26312";"Di Addario, Enrico";"http://www.fantascienza.com/catalogo/autori/NILF26312/enrico-di-addario/"
"NILF18016";"Di Belmonte, Rudello";"http://www.fantascienza.com/catalogo/autori/NILF18016/rudello-di-belmonte/"
"NILF25351";"Di Benedetto, Marta";"http://www.fantascienza.com/catalogo/autori/NILF25351/marta-di-benedetto/"
"NILF23094";"Di Blasi, Franco";"http://www.fantascienza.com/catalogo/autori/NILF23094/franco-di-blasi/"
"NILF20313";"Di Caprio, Umberto";"http://www.fantascienza.com/catalogo/autori/NILF20313/umberto-di-caprio/"
"NILF22722";"Di Carlo, Margherita";"http://www.fantascienza.com/catalogo/autori/NILF22722/margherita-di-carlo/"
"NILF17883";"Di Caro, Roberto";"http://www.fantascienza.com/catalogo/autori/NILF17883/roberto-di-caro/"
"NILF22551";"Di Cesare, Luigi";"http://www.fantascienza.com/catalogo/autori/NILF22551/luigi-di-cesare/"
"NILF26673";"Di Cesare, Vittorio";"http://www.fantascienza.com/catalogo/autori/NILF26673/vittorio-di-cesare/"
"NILF22555";"Di Costanzo, Giuseppe";"http://www.fantascienza.com/catalogo/autori/NILF22555/giuseppe-di-costanzo/"
"NILF25077";"Di Credico, Maurizio";"http://www.fantascienza.com/catalogo/autori/NILF25077/maurizio-di-credico/"
"NILF21799";"Di Dio, Valter";"http://www.fantascienza.com/catalogo/autori/NILF21799/valter-di-dio/"
"NILF11596";"Di Donna, Giuseppe";"http://www.fantascienza.com/catalogo/autori/NILF11596/giuseppe-di-donna/"
"NILF19620";"Di Fabio, Silvia";"http://www.fantascienza.com/catalogo/autori/NILF19620/silvia-di-fabio/"
"NILF18714";"Di Falco, Laura";"http://www.fantascienza.com/catalogo/autori/NILF18714/laura-di-falco/"
"NILF25345";"Di Fazio, Elena";"http://www.fantascienza.com/catalogo/autori/NILF25345/elena-di-fazio/"
"NILF23698";"Di Fazio, Margherita";"http://www.fantascienza.com/catalogo/autori/NILF23698/margherita-di-fazio/"
"NILF11597";"Di Filippo, Paul";"http://www.fantascienza.com/catalogo/autori/NILF11597/paul-di-filippo/"
"NILF25487";"Di Fratta, Gianluca";"http://www.fantascienza.com/catalogo/autori/NILF25487/gianluca-di-fratta/"
"NILF26170";"Di Fulvio, Luca";"http://www.fantascienza.com/catalogo/autori/NILF26170/luca-di-fulvio/"
"NILF11598";"Di Furia, Fulvio";"http://www.fantascienza.com/catalogo/autori/NILF11598/fulvio-di-furia/"
"NILF11599";"Di Gennaro, Ercole";"http://www.fantascienza.com/catalogo/autori/NILF11599/ercole-di-gennaro/"
"NILF11600";"Di Giacomo, Salvatore";"http://www.fantascienza.com/catalogo/autori/NILF11600/salvatore-di-giacomo/"
"NILF26109";"Di Gialleonardo, Luca";"http://www.fantascienza.com/catalogo/autori/NILF26109/luca-di-gialleonardo/"
"NILF23219";"Di Giammatteo, Fernaldo";"http://www.fantascienza.com/catalogo/autori/NILF23219/fernaldo-di-giammatteo/"
"NILF18168";"Di Gianni, Lucio";"http://www.fantascienza.com/catalogo/autori/NILF18168/lucio-di-gianni/"
"NILF15958";"Di Giorgio, Antonino";"http://www.fantascienza.com/catalogo/autori/NILF15958/antonino-di-giorgio/"
"NILF24507";"Di Giovanni, Massimo";"http://www.fantascienza.com/catalogo/autori/NILF24507/massimo-di-giovanni/"
"NILF26245";"Di Girolamo, Sara";"http://www.fantascienza.com/catalogo/autori/NILF26245/sara-di-girolamo/"
"NILF24845";"Di Giura, Giovanni";"http://www.fantascienza.com/catalogo/autori/NILF24845/giovanni-di-giura/"
"NILF24844";"Di Giura, Ludovico Nicola";"http://www.fantascienza.com/catalogo/autori/NILF24844/ludovico-nicola-di-giura/"
"NILF18468";"Di Grazia, Umberto";"http://www.fantascienza.com/catalogo/autori/NILF18468/umberto-di-grazia/"
"NILF23668";"Di Gregorio, Domenico";"http://www.fantascienza.com/catalogo/autori/NILF23668/domenico-di-gregorio/"
"NILF25200";"Di Gristina, Emilio";"http://www.fantascienza.com/catalogo/autori/NILF25200/emilio-di-gristina/"
"NILF26386";"Di Iacovo, Giovanni";"http://www.fantascienza.com/catalogo/autori/NILF26386/giovanni-di-iacovo/"
"NILF24126";"Di Lascia, Maria Teresa";"http://www.fantascienza.com/catalogo/autori/NILF24126/maria-teresa-di-lascia/"
"NILF22645";"Di Lello, Aldo";"http://www.fantascienza.com/catalogo/autori/NILF22645/aldo-di-lello/"
"NILF11601";"Di Leone, Pasquale";"http://www.fantascienza.com/catalogo/autori/NILF11601/pasquale-di-leone/"
"NILF26654";"Di Lieto, Fulvio";"http://www.fantascienza.com/catalogo/autori/NILF26654/fulvio-di-lieto/"
"NILF23803";"Di Lorenzo, Edoardo";"http://www.fantascienza.com/catalogo/autori/NILF23803/edoardo-di-lorenzo/"
"NILF11602";"Di Lorenzo, Laura";"http://www.fantascienza.com/catalogo/autori/NILF11602/laura-di-lorenzo/"
"NILF23805";"Di Lorenzo, Renato";"http://www.fantascienza.com/catalogo/autori/NILF23805/renato-di-lorenzo/"
"NILF21747";"Di Loreto, Sonia";"http://www.fantascienza.com/catalogo/autori/NILF21747/sonia-di-loreto/"
"NILF23662";"Di Luigi, Francesco";"http://www.fantascienza.com/catalogo/autori/NILF23662/francesco-di-luigi/"
"NILF25072";"Di Lupo, Alberto";"http://www.fantascienza.com/catalogo/autori/NILF25072/alberto-di-lupo/"
"NILF17011";"Di Luzio, Alessandra";"http://www.fantascienza.com/catalogo/autori/NILF17011/alessandra-di-luzio/"
"NILF16643";"Di Maio, Mariella";"http://www.fantascienza.com/catalogo/autori/NILF16643/mariella-di-maio/"
"NILF11603";"Di Maio, Paolo";"http://www.fantascienza.com/catalogo/autori/NILF11603/paolo-di-maio/"
"NILF11604";"Di Majo, Paolo";"http://www.fantascienza.com/catalogo/autori/NILF11604/paolo-di-majo/"
"NILF25075";"Di Marcello, Bruno";"http://www.fantascienza.com/catalogo/autori/NILF25075/bruno-di-marcello/"
"NILF11605";"Di Marino, Stefano";"http://www.fantascienza.com/catalogo/autori/NILF11605/stefano-di-marino/"
"NILF24480";"Di Martino, Antonella";"http://www.fantascienza.com/catalogo/autori/NILF24480/antonella-di-martino/"
"NILF25625";"Di Martino, Renata";"http://www.fantascienza.com/catalogo/autori/NILF25625/renata-di-martino/"
"NILF22763";"Di Massimo, Andrea";"http://www.fantascienza.com/catalogo/autori/NILF22763/andrea-di-massimo/"
"NILF20417";"Di Mattia, Vincenzo";"http://www.fantascienza.com/catalogo/autori/NILF20417/vincenzo-di-mattia/"
"NILF19340";"Di Mauro, Enzo";"http://www.fantascienza.com/catalogo/autori/NILF19340/enzo-di-mauro/"
"NILF19287";"Di Michele, Laura";"http://www.fantascienza.com/catalogo/autori/NILF19287/laura-di-michele/"
"NILF11606";"Di Monda, Renato";"http://www.fantascienza.com/catalogo/autori/NILF11606/renato-di-monda/"
"NILF26258";"Di Monopoli, Omar";"http://www.fantascienza.com/catalogo/autori/NILF26258/omar-di-monopoli/"
"NILF16547";"Di Munno, Amina";"http://www.fantascienza.com/catalogo/autori/NILF16547/amina-di-munno/"
"NILF25740";"Di Natale, Stefania";"http://www.fantascienza.com/catalogo/autori/NILF25740/stefania-di-natale/"
"NILF11607";"Di Navarra, Margherita";"http://www.fantascienza.com/catalogo/autori/NILF11607/margherita-di-navarra/"
"NILF19719";"Di Nocera, Alessandro";"http://www.fantascienza.com/catalogo/autori/NILF19719/alessandro-di-nocera/"
"NILF23313";"Di Nola, Alfonso M.";"http://www.fantascienza.com/catalogo/autori/NILF23313/alfonso-m-di-nola/"
"NILF11608";"Di Orazio, Paolo";"http://www.fantascienza.com/catalogo/autori/NILF11608/paolo-di-orazio/"
"NILF18740";"Di Pierro, Antonio";"http://www.fantascienza.com/catalogo/autori/NILF18740/antonio-di-pierro/"
"NILF24730";"Di Pietro, Concetta";"http://www.fantascienza.com/catalogo/autori/NILF24730/concetta-di-pietro/"
"NILF16238";"Di Pietro, Roberto";"http://www.fantascienza.com/catalogo/autori/NILF16238/roberto-di-pietro/"
"NILF25453";"Di Pinto, Vito";"http://www.fantascienza.com/catalogo/autori/NILF25453/vito-di-pinto/"
"NILF11609";"Di Poppa Volture, Enzio";"http://www.fantascienza.com/catalogo/autori/NILF11609/enzio-di-poppa-volture/"
"NILF22771";"Di Raco, Alberto";"http://www.fantascienza.com/catalogo/autori/NILF22771/alberto-di-raco/"
"NILF16900";"Di Ricaldone, Aldo";"http://www.fantascienza.com/catalogo/autori/NILF16900/aldo-di-ricaldone/"
"NILF18208";"Di Rienzo, Maria G.";"http://www.fantascienza.com/catalogo/autori/NILF18208/maria-g-di-rienzo/"
"NILF21667";"Di Rosa, Giuseppe";"http://www.fantascienza.com/catalogo/autori/NILF21667/giuseppe-di-rosa/"
"NILF19408";"Di Santo, Daniela";"http://www.fantascienza.com/catalogo/autori/NILF19408/daniela-di-santo/"
"NILF22935";"Di Scala, Roberto";"http://www.fantascienza.com/catalogo/autori/NILF22935/roberto-di-scala/"
"NILF26108";"Di Stasio, Giannino";"http://www.fantascienza.com/catalogo/autori/NILF26108/giannino-di-stasio/"
"NILF23036";"Di Stefano, Enrico";"http://www.fantascienza.com/catalogo/autori/NILF23036/enrico-di-stefano/"
"NILF20433";"Di Stefano, Giovanni";"http://www.fantascienza.com/catalogo/autori/NILF20433/giovanni-di-stefano/"
"NILF25149";"Di Taranto, Enzo";"http://www.fantascienza.com/catalogo/autori/NILF25149/enzo-di-taranto/"
"NILF19440";"Di Terzet, F. B.";"http://www.fantascienza.com/catalogo/autori/NILF19440/f-b-di-terzet/"
"NILF22646";"Diabolico Dottor Horror, ";"http://www.fantascienza.com/catalogo/autori/NILF22646/-diabolico-dottor-horror/"
"NILF11611";"Diamanti, Alberto";"http://www.fantascienza.com/catalogo/autori/NILF11611/alberto-diamanti/"
"NILF26290";"Diana, Graziano";"http://www.fantascienza.com/catalogo/autori/NILF26290/graziano-diana/"
"NILF19541";"Dibell, Ansen";"http://www.fantascienza.com/catalogo/autori/NILF19541/ansen-dibell/"
"NILF19780";"Dibene, Jonny";"http://www.fantascienza.com/catalogo/autori/NILF19780/jonny-dibene/"
"NILF23273";"Dicamillo, Kate";"http://www.fantascienza.com/catalogo/autori/NILF23273/kate-dicamillo/"
"NILF11612";"Dichario, Nicholas A.";"http://www.fantascienza.com/catalogo/autori/NILF11612/nicholas-a-dichario/"
"NILF23350";"Diciassette, Sebastiano";"http://www.fantascienza.com/catalogo/autori/NILF23350/sebastiano-diciassette/"
"NILF11613";"Dick, Philip K.";"http://www.fantascienza.com/catalogo/autori/NILF11613/philip-k-dick/"
"NILF24324";"Dick, Tessa";"http://www.fantascienza.com/catalogo/autori/NILF24324/tessa-dick/"
"NILF11615";"Dickens, Charles";"http://www.fantascienza.com/catalogo/autori/NILF11615/charles-dickens/"
"NILF11616";"Dickinson, Peter";"http://www.fantascienza.com/catalogo/autori/NILF11616/peter-dickinson/"
"NILF11619";"Dickson, Gordon R.";"http://www.fantascienza.com/catalogo/autori/NILF11619/gordon-r-dickson/"
"NILF11620";"Didelot, Francis";"http://www.fantascienza.com/catalogo/autori/NILF11620/francis-didelot/"
"NILF21330";"Diderot, Denis";"http://www.fantascienza.com/catalogo/autori/NILF21330/denis-diderot/"
"NILF11621";"Diefendorf, David";"http://www.fantascienza.com/catalogo/autori/NILF11621/david-diefendorf/"
"NILF23957";"Dietherle, Kim";"http://www.fantascienza.com/catalogo/autori/NILF23957/kim-dietherle/"
"NILF19597";"Dietrich, William";"http://www.fantascienza.com/catalogo/autori/NILF19597/william-dietrich/"
"NILF18023";"Dieudonné, Serge";"http://www.fantascienza.com/catalogo/autori/NILF18023/serge-dieudonn-e/"
"NILF21121";"Diez, Julian";"http://www.fantascienza.com/catalogo/autori/NILF21121/julian-diez/"
"NILF11624";"Diffin, Charles Willard";"http://www.fantascienza.com/catalogo/autori/NILF11624/charles-willard-diffin/"
"NILF20437";"Diffloth, Gérard";"http://www.fantascienza.com/catalogo/autori/NILF20437/g-erard-diffloth/"
"NILF21874";"Dilaghi, Andrea";"http://www.fantascienza.com/catalogo/autori/NILF21874/andrea-dilaghi/"
"NILF11625";"Diliberto, Franco";"http://www.fantascienza.com/catalogo/autori/NILF11625/franco-diliberto/"
"NILF11626";"Diliberto, Marco";"http://www.fantascienza.com/catalogo/autori/NILF11626/marco-diliberto/"
"NILF19188";"Dilillo, Costantino";"http://www.fantascienza.com/catalogo/autori/NILF19188/costantino-dilillo/"
"NILF11627";"Dillard, J. M.";"http://www.fantascienza.com/catalogo/autori/NILF11627/j-m-dillard/"
"NILF25799";"Dillon, Grace L.";"http://www.fantascienza.com/catalogo/autori/NILF25799/grace-l-dillon/"
"NILF11629";"Dilov, Lyuben";"http://www.fantascienza.com/catalogo/autori/NILF11629/lyuben-dilov/"
"NILF22579";"Dimercurio, Michael";"http://www.fantascienza.com/catalogo/autori/NILF22579/michael-dimercurio/"
"NILF25207";"Dimitri, Francesco";"http://www.fantascienza.com/catalogo/autori/NILF25207/francesco-dimitri/"
"NILF21832";"Dimonopoli, Omar";"http://www.fantascienza.com/catalogo/autori/NILF21832/omar-dimonopoli/"
"NILF23425";"Dinallo, Greg";"http://www.fantascienza.com/catalogo/autori/NILF23425/greg-dinallo/"
"NILF25040";"Dinh, Linh";"http://www.fantascienza.com/catalogo/autori/NILF25040/linh-dinh/"
"NILF24377";"Diociaiuti, Walter";"http://www.fantascienza.com/catalogo/autori/NILF24377/walter-diociaiuti/"
"NILF20983";"Diogene, Antonio";"http://www.fantascienza.com/catalogo/autori/NILF20983/antonio-diogene/"
"NILF18942";"Dionesalvi, Franco";"http://www.fantascienza.com/catalogo/autori/NILF18942/franco-dionesalvi/"
"NILF25294";"Dionisi, Marina";"http://www.fantascienza.com/catalogo/autori/NILF25294/marina-dionisi/"
"NILF18171";"Dionisi, Teresa";"http://www.fantascienza.com/catalogo/autori/NILF18171/teresa-dionisi/"
"NILF21335";"Dionisio Di Mitilene, ";"http://www.fantascienza.com/catalogo/autori/NILF21335/-dionisio-di-mitilene/"
"NILF11631";"Diotaiuti, Rodolfo";"http://www.fantascienza.com/catalogo/autori/NILF11631/rodolfo-diotaiuti/"
"NILF25418";"Dirgo, Craig";"http://www.fantascienza.com/catalogo/autori/NILF25418/craig-dirgo/"
"NILF11633";"Disch, Thomas M.";"http://www.fantascienza.com/catalogo/autori/NILF11633/thomas-m-disch/"
"NILF23118";"Diterlizzi, Tony";"http://www.fantascienza.com/catalogo/autori/NILF23118/tony-diterlizzi/"
"NILF22362";"Ditko, Steve";"http://www.fantascienza.com/catalogo/autori/NILF22362/steve-ditko/"
"NILF18923";"Ditt, John";"http://www.fantascienza.com/catalogo/autori/NILF18923/john-ditt/"
"NILF20759";"Divakaruni, Chitra Bannerjee";"http://www.fantascienza.com/catalogo/autori/NILF20759/chitra-bannerjee-divakaruni/"
"NILF17391";"Divianadin, Marcel";"http://www.fantascienza.com/catalogo/autori/NILF17391/marcel-divianadin/"
"NILF23153";"Dixon, Andy";"http://www.fantascienza.com/catalogo/autori/NILF23153/andy-dixon/"
"NILF11637";"Dixon, Larry";"http://www.fantascienza.com/catalogo/autori/NILF11637/larry-dixon/"
"NILF11638";"Dixon, Roger";"http://www.fantascienza.com/catalogo/autori/NILF11638/roger-dixon/"
"NILF16834";"Djokic, Darije";"http://www.fantascienza.com/catalogo/autori/NILF16834/darije-djokic/"
"NILF11639";"Dneprov, Anatolij";"http://www.fantascienza.com/catalogo/autori/NILF11639/anatolij-dneprov/"
"NILF19269";"Dobie, Charles Caldwell";"http://www.fantascienza.com/catalogo/autori/NILF19269/charles-caldwell-dobie/"
"NILF22857";"Docherty, David";"http://www.fantascienza.com/catalogo/autori/NILF22857/david-docherty/"
"NILF19932";"Doctorow, Cory";"http://www.fantascienza.com/catalogo/autori/NILF19932/cory-doctorow/"
"NILF11641";"Doctorow, E. L.";"http://www.fantascienza.com/catalogo/autori/NILF11641/e-l-doctorow/"
"NILF11642";"Dodge, Fremont";"http://www.fantascienza.com/catalogo/autori/NILF11642/fremont-dodge/"
"NILF16695";"Dodson, Peter";"http://www.fantascienza.com/catalogo/autori/NILF16695/peter-dodson/"
"NILF11644";"Doeblin, Alfred";"http://www.fantascienza.com/catalogo/autori/NILF11644/alfred-doeblin/"
"NILF11645";"Doede, Bill";"http://www.fantascienza.com/catalogo/autori/NILF11645/bill-doede/"
"NILF23289";"Doherty, Berlie";"http://www.fantascienza.com/catalogo/autori/NILF23289/berlie-doherty/"
"NILF16092";"Doherty, G. D.";"http://www.fantascienza.com/catalogo/autori/NILF16092/g-d-doherty/"
"NILF21305";"Doherty, Paul [C.]";"http://www.fantascienza.com/catalogo/autori/NILF21305/paul-c-doherty/"
"NILF17665";"Doherty, Robert";"http://www.fantascienza.com/catalogo/autori/NILF17665/robert-doherty/"
"NILF20997";"Doke, Sara";"http://www.fantascienza.com/catalogo/autori/NILF20997/sara-doke/"
"NILF23023";"Dolby, Karen";"http://www.fantascienza.com/catalogo/autori/NILF23023/karen-dolby/"
"NILF25548";"Dolce, Lina";"http://www.fantascienza.com/catalogo/autori/NILF25548/lina-dolce/"
"NILF19189";"Dolci, Angelo";"http://www.fantascienza.com/catalogo/autori/NILF19189/angelo-dolci/"
"NILF17698";"Dolci, Lorenzo";"http://www.fantascienza.com/catalogo/autori/NILF17698/lorenzo-dolci/"
"NILF16446";"Dolfi, Anna";"http://www.fantascienza.com/catalogo/autori/NILF16446/anna-dolfi/"
"NILF11646";"Dolinsky, Meyer";"http://www.fantascienza.com/catalogo/autori/NILF11646/meyer-dolinsky/"
"NILF21547";"Domanin, Igino";"http://www.fantascienza.com/catalogo/autori/NILF21547/igino-domanin/"
"NILF23712";"Dombroski, Robert S.";"http://www.fantascienza.com/catalogo/autori/NILF23712/robert-s-dombroski/"
"NILF23534";"Domenichelli, Mario";"http://www.fantascienza.com/catalogo/autori/NILF23534/mario-domenichelli/"
"NILF11647";"Domingo, Pedro";"http://www.fantascienza.com/catalogo/autori/NILF11647/pedro-domingo/"
"NILF19722";"Dominici, Jerry";"http://www.fantascienza.com/catalogo/autori/NILF19722/jerry-dominici/"
"NILF19151";"Donadoni, Marco";"http://www.fantascienza.com/catalogo/autori/NILF19151/marco-donadoni/"
"NILF11648";"Donaggio, Emio";"http://www.fantascienza.com/catalogo/autori/NILF11648/emio-donaggio/"
"NILF11650";"Donaldson, Stephen R.";"http://www.fantascienza.com/catalogo/autori/NILF11650/stephen-r-donaldson/"
"NILF11651";"Donati, Cesare";"http://www.fantascienza.com/catalogo/autori/NILF11651/cesare-donati/"
"NILF19693";"Donati, Edgardo";"http://www.fantascienza.com/catalogo/autori/NILF19693/edgardo-donati/"
"NILF21385";"Donati, Sauro";"http://www.fantascienza.com/catalogo/autori/NILF21385/sauro-donati/"
"NILF25529";"Donato, Francesco";"http://www.fantascienza.com/catalogo/autori/NILF25529/francesco-donato/"
"NILF26145";"Donato, Nunzio";"http://www.fantascienza.com/catalogo/autori/NILF26145/nunzio-donato/"
"NILF26202";"Donato, Sergio";"http://www.fantascienza.com/catalogo/autori/NILF26202/sergio-donato/"
"NILF20517";"Donatuti, Attilio";"http://www.fantascienza.com/catalogo/autori/NILF20517/attilio-donatuti/"
"NILF23811";"Donaudy, Augusto";"http://www.fantascienza.com/catalogo/autori/NILF23811/augusto-donaudy/"
"NILF21938";"Dondi, Daniele";"http://www.fantascienza.com/catalogo/autori/NILF21938/daniele-dondi/"
"NILF20715";"Donegan, Greg";"http://www.fantascienza.com/catalogo/autori/NILF20715/greg-donegan/"
"NILF16576";"Donfrancesco, Isabella";"http://www.fantascienza.com/catalogo/autori/NILF16576/isabella-donfrancesco/"
"NILF21338";"Doni, Anton Francesco";"http://www.fantascienza.com/catalogo/autori/NILF21338/anton-francesco-doni/"
"NILF17993";"Doninellli, Luca";"http://www.fantascienza.com/catalogo/autori/NILF17993/luca-doninellli/"
"NILF21211";"Donnel, Marguerite";"http://www.fantascienza.com/catalogo/autori/NILF21211/marguerite-donnel/"
"NILF26161";"Donnelly, Joe";"http://www.fantascienza.com/catalogo/autori/NILF26161/joe-donnelly/"
"NILF16924";"Donnelly, Marcos";"http://www.fantascienza.com/catalogo/autori/NILF16924/marcos-donnelly/"
"NILF21897";"Donnelly, Shannon";"http://www.fantascienza.com/catalogo/autori/NILF21897/shannon-donnelly/"
"NILF22852";"Donnini, Andrea";"http://www.fantascienza.com/catalogo/autori/NILF22852/andrea-donnini/"
"NILF24766";"Donohue, Keith";"http://www.fantascienza.com/catalogo/autori/NILF24766/keith-donohue/"
"NILF22684";"Donovan, Jules";"http://www.fantascienza.com/catalogo/autori/NILF22684/jules-donovan/"
"NILF11653";"Doremieux, Alain";"http://www.fantascienza.com/catalogo/autori/NILF11653/alain-doremieux/"
"NILF15950";"Dorfles, Gillo";"http://www.fantascienza.com/catalogo/autori/NILF15950/gillo-dorfles/"
"NILF22613";"Dorighi, Elena";"http://www.fantascienza.com/catalogo/autori/NILF22613/elena-dorighi/"
"NILF11654";"Dorman, Sonya";"http://www.fantascienza.com/catalogo/autori/NILF11654/sonya-dorman/"
"NILF17642";"Dorr, James S.";"http://www.fantascienza.com/catalogo/autori/NILF17642/james-s-dorr/"
"NILF11655";"Dorrington, Albert";"http://www.fantascienza.com/catalogo/autori/NILF11655/albert-dorrington/"
"NILF25165";"Dosio, Sonia Mengoli";"http://www.fantascienza.com/catalogo/autori/NILF25165/sonia-mengoli-dosio/"
"NILF17806";"Dossena, Gianpaolo";"http://www.fantascienza.com/catalogo/autori/NILF17806/gianpaolo-dossena/"
"NILF11656";"Dossi, Carlo";"http://www.fantascienza.com/catalogo/autori/NILF11656/carlo-dossi/"
"NILF11657";"Dostoevskij, Fëdor M.";"http://www.fantascienza.com/catalogo/autori/NILF11657/fedor-m-dostoevskij/"
"NILF23228";"Dougherty, Kati";"http://www.fantascienza.com/catalogo/autori/NILF23228/kati-dougherty/"
"NILF21181";"Douglas, Carole Nelson";"http://www.fantascienza.com/catalogo/autori/NILF21181/carole-nelson-douglas/"
"NILF11658";"Douglas, John";"http://www.fantascienza.com/catalogo/autori/NILF11658/john-douglas/"
"NILF26302";"Douglas, Kay Morgan";"http://www.fantascienza.com/catalogo/autori/NILF26302/kay-morgan-douglas/"
"NILF11659";"Douglas, Theo.";"http://www.fantascienza.com/catalogo/autori/NILF11659/theo-douglas/"
"NILF11661";"Dowling, Terry";"http://www.fantascienza.com/catalogo/autori/NILF11661/terry-dowling/"
"NILF24434";"Downer, Ann";"http://www.fantascienza.com/catalogo/autori/NILF24434/ann-downer/"
"NILF20822";"Downham, Mark";"http://www.fantascienza.com/catalogo/autori/NILF20822/mark-downham/"
"NILF11662";"Doyle, Debra";"http://www.fantascienza.com/catalogo/autori/NILF11662/debra-doyle/"
"NILF24948";"Doyle, Roddy";"http://www.fantascienza.com/catalogo/autori/NILF24948/roddy-doyle/"
"NILF11663";"Doyle, Sir Arthur Conan";"http://www.fantascienza.com/catalogo/autori/NILF11663/sir-arthur-conan-doyle/"
"NILF11664";"Dozois, Gardner";"http://www.fantascienza.com/catalogo/autori/NILF11664/gardner-dozois/"
"NILF20879";"Dragone, Francesca Bandel";"http://www.fantascienza.com/catalogo/autori/NILF20879/francesca-bandel-dragone/"
"NILF26739";"Dragoni, V. B.";"http://www.fantascienza.com/catalogo/autori/NILF26739/v-b-dragoni/"
"NILF11665";"Drake, David";"http://www.fantascienza.com/catalogo/autori/NILF11665/david-drake/"
"NILF16334";"Drake, H. L.";"http://www.fantascienza.com/catalogo/autori/NILF16334/h-l-drake/"
"NILF16171";"Drake, Leah Bodine";"http://www.fantascienza.com/catalogo/autori/NILF16171/leah-bodine-drake/"
"NILF18696";"Drake, Maurizio";"http://www.fantascienza.com/catalogo/autori/NILF18696/maurizio-drake/"
"NILF11666";"Drake, Nathaniel";"http://www.fantascienza.com/catalogo/autori/NILF11666/nathaniel-drake/"
"NILF11667";"Drake, Raymond W.";"http://www.fantascienza.com/catalogo/autori/NILF11667/raymond-w-drake/"
"NILF26273";"Drake, Salamanda";"http://www.fantascienza.com/catalogo/autori/NILF26273/salamanda-drake/"
"NILF17627";"Drake, Samuel Adams";"http://www.fantascienza.com/catalogo/autori/NILF17627/samuel-adams-drake/"
"NILF11668";"Drammis, Zaira";"http://www.fantascienza.com/catalogo/autori/NILF11668/zaira-drammis/"
"NILF11669";"Dreiser, Theodore";"http://www.fantascienza.com/catalogo/autori/NILF11669/theodore-dreiser/"
"NILF24594";"Drettas, Georges";"http://www.fantascienza.com/catalogo/autori/NILF24594/georges-drettas/"
"NILF11671";"Drew, Wayland";"http://www.fantascienza.com/catalogo/autori/NILF11671/wayland-drew/"
"NILF26115";"Drieu La Rochelle, Pierre";"http://www.fantascienza.com/catalogo/autori/NILF26115/pierre-drieu-la-rochelle/"
"NILF19412";"Driussi, Claudio";"http://www.fantascienza.com/catalogo/autori/NILF19412/claudio-driussi/"
"NILF11672";"Drode, Daniel";"http://www.fantascienza.com/catalogo/autori/NILF11672/daniel-drode/"
"NILF11673";"Drolet, Cynthia";"http://www.fantascienza.com/catalogo/autori/NILF11673/cynthia-drolet/"
"NILF19729";"Drudi, Mauro";"http://www.fantascienza.com/catalogo/autori/NILF19729/mauro-drudi/"
"NILF22334";"Druillet, Philippe";"http://www.fantascienza.com/catalogo/autori/NILF22334/philippe-druillet/"
"NILF23785";"Druse, Eleanor";"http://www.fantascienza.com/catalogo/autori/NILF23785/eleanor-druse/"
"NILF16926";"Dryer, Stan";"http://www.fantascienza.com/catalogo/autori/NILF16926/stan-dryer/"
"NILF11675";"Dryfoos, Dave";"http://www.fantascienza.com/catalogo/autori/NILF11675/dave-dryfoos/"
"NILF26483";"Du Brul, Jack";"http://www.fantascienza.com/catalogo/autori/NILF26483/jack-du-brul/"
"NILF11676";"Du Maurier, Daphne";"http://www.fantascienza.com/catalogo/autori/NILF11676/daphne-du-maurier/"
"NILF24291";"Du Plessis, Laurent Arthur";"http://www.fantascienza.com/catalogo/autori/NILF24291/laurent-arthur-du-plessis/"
"NILF11677";"Du Pont, Diane";"http://www.fantascienza.com/catalogo/autori/NILF11677/diane-du-pont/"
"NILF11678";"Duane, Diane";"http://www.fantascienza.com/catalogo/autori/NILF11678/diane-duane/"
"NILF11679";"Dubbini, Domenico";"http://www.fantascienza.com/catalogo/autori/NILF11679/domenico-dubbini/"
"NILF25323";"Dubois, Allison";"http://www.fantascienza.com/catalogo/autori/NILF25323/allison-dubois/"
"NILF18900";"Dubois, Brendan";"http://www.fantascienza.com/catalogo/autori/NILF18900/brendan-dubois/"
"NILF16280";"Dubois, Jean";"http://www.fantascienza.com/catalogo/autori/NILF16280/jean-dubois/"
"NILF11680";"Dubrowskij, E.";"http://www.fantascienza.com/catalogo/autori/NILF11680/e-dubrowskij/"
"NILF11681";"Ducasse, Isidore";"http://www.fantascienza.com/catalogo/autori/NILF11681/isidore-ducasse/"
"NILF11682";"Duchamp, L. Timmel";"http://www.fantascienza.com/catalogo/autori/NILF11682/l-timmel-duchamp/"
"NILF19002";"Duchâteau, André-Paul";"http://www.fantascienza.com/catalogo/autori/NILF19002/andr-e-paul-duchateau/"
"NILF17854";"Ducornet, Rikki";"http://www.fantascienza.com/catalogo/autori/NILF17854/rikki-ducornet/"
"NILF11683";"Dudinčev, Vladimir";"http://www.fantascienza.com/catalogo/autori/NILF11683/vladimir-dudincev/"
"NILF17294";"Due, Tananarive";"http://www.fantascienza.com/catalogo/autori/NILF17294/tananarive-due/"
"NILF11685";"Duerrenmatt, Friedrich";"http://www.fantascienza.com/catalogo/autori/NILF11685/friedrich-duerrenmatt/"
"NILF11686";"Duff, Douglas V.";"http://www.fantascienza.com/catalogo/autori/NILF11686/douglas-v-duff/"
"NILF11687";"Duffin, Emma S.";"http://www.fantascienza.com/catalogo/autori/NILF11687/emma-s-duffin/"
"NILF11689";"Dugan, John T.";"http://www.fantascienza.com/catalogo/autori/NILF11689/john-t-dugan/"
"NILF23020";"Dughera, Attilio";"http://www.fantascienza.com/catalogo/autori/NILF23020/attilio-dughera/"
"NILF11690";"Duhamel, Georges";"http://www.fantascienza.com/catalogo/autori/NILF11690/georges-duhamel/"
"NILF26272";"Duiker, K. Sello";"http://www.fantascienza.com/catalogo/autori/NILF26272/k-sello-duiker/"
"NILF11692";"Dumas, Alexandre";"http://www.fantascienza.com/catalogo/autori/NILF11692/alexandre-dumas/"
"NILF26374";"Dumont, Jean-Paul";"http://www.fantascienza.com/catalogo/autori/NILF26374/jean-paul-dumont/"
"NILF23761";"Dunbar, Olivia Howard";"http://www.fantascienza.com/catalogo/autori/NILF23761/olivia-howard-dunbar/"
"NILF11693";"Duncan, Dave";"http://www.fantascienza.com/catalogo/autori/NILF11693/dave-duncan/"
"NILF11694";"Duncan, David";"http://www.fantascienza.com/catalogo/autori/NILF11694/david-duncan/"
"NILF24851";"Duncan, Hal";"http://www.fantascienza.com/catalogo/autori/NILF24851/hal-duncan/"
"NILF22313";"Duncan, Paul";"http://www.fantascienza.com/catalogo/autori/NILF22313/paul-duncan/"
"NILF11695";"Duncan, Robert L.";"http://www.fantascienza.com/catalogo/autori/NILF11695/robert-l-duncan/"
"NILF11696";"Duncan, Ronald";"http://www.fantascienza.com/catalogo/autori/NILF11696/ronald-duncan/"
"NILF15876";"Dungate, Pauline E.";"http://www.fantascienza.com/catalogo/autori/NILF15876/pauline-e-dungate/"
"NILF11697";"Dunham, Jere";"http://www.fantascienza.com/catalogo/autori/NILF11697/jere-dunham/"
"NILF18379";"Dunlap, Susan";"http://www.fantascienza.com/catalogo/autori/NILF18379/susan-dunlap/"
"NILF16940";"Dunn, J. R.";"http://www.fantascienza.com/catalogo/autori/NILF16940/j-r-dunn/"
"NILF11698";"Dunn, Katherine";"http://www.fantascienza.com/catalogo/autori/NILF11698/katherine-dunn/"
"NILF24775";"Dunn, Linda J.";"http://www.fantascienza.com/catalogo/autori/NILF24775/linda-j-dunn/"
"NILF11699";"Dunsany, Lord";"http://www.fantascienza.com/catalogo/autori/NILF11699/lord-dunsany/"
"NILF11700";"Duntemann, Jeff";"http://www.fantascienza.com/catalogo/autori/NILF11700/jeff-duntemann/"
"NILF11701";"Dunyach, Jean-Claude";"http://www.fantascienza.com/catalogo/autori/NILF11701/jean-claude-dunyach/"
"NILF23003";"Duprau, Jeanne";"http://www.fantascienza.com/catalogo/autori/NILF23003/jeanne-duprau/"
"NILF11703";"Duprey, Richard";"http://www.fantascienza.com/catalogo/autori/NILF11703/richard-duprey/"
"NILF19709";"Dupuy-Mazuel, H[enry]";"http://www.fantascienza.com/catalogo/autori/NILF19709/henry-dupuy-mazuel/"
"NILF23349";"Durando, Paolo";"http://www.fantascienza.com/catalogo/autori/NILF23349/paolo-durando/"
"NILF16676";"Duranti, Riccardo";"http://www.fantascienza.com/catalogo/autori/NILF16676/riccardo-duranti/"
"NILF18853";"Durbin, Pamela";"http://www.fantascienza.com/catalogo/autori/NILF18853/pamela-durbin/"
"NILF26197";"Durham, David Anthony";"http://www.fantascienza.com/catalogo/autori/NILF26197/david-anthony-durham/"
"NILF23582";"Durrell, Gerald";"http://www.fantascienza.com/catalogo/autori/NILF23582/gerald-durrell/"
"NILF11707";"Durrell, Lawrence";"http://www.fantascienza.com/catalogo/autori/NILF11707/lawrence-durrell/"
"NILF20430";"Dusi, Giovanni";"http://www.fantascienza.com/catalogo/autori/NILF20430/giovanni-dusi/"
"NILF25340";"Duteurtre, Benoît";"http://www.fantascienza.com/catalogo/autori/NILF25340/benoit-duteurtre/"
"NILF11708";"Dutourd, Jean";"http://www.fantascienza.com/catalogo/autori/NILF11708/jean-dutourd/"
"NILF11709";"Duvic, Patrice";"http://www.fantascienza.com/catalogo/autori/NILF11709/patrice-duvic/"
"NILF11710";"Dvorkin, David";"http://www.fantascienza.com/catalogo/autori/NILF11710/david-dvorkin/"
"NILF11711";"Dyalhis, Nictzin";"http://www.fantascienza.com/catalogo/autori/NILF11711/nictzin-dyalhis/"
"NILF11712";"Dye, Charles";"http://www.fantascienza.com/catalogo/autori/NILF11712/charles-dye/"
"NILF11714";"Dyer, Wayne W.";"http://www.fantascienza.com/catalogo/autori/NILF11714/wayne-w-dyer/"
"NILF18883";"Dymmock, Richard";"http://www.fantascienza.com/catalogo/autori/NILF18883/richard-dymmock/"
"NILF20257";"Dynkan, John";"http://www.fantascienza.com/catalogo/autori/NILF20257/john-dynkan/"
"NILF18294";"Dziemianowicz, Stefan S.";"http://www.fantascienza.com/catalogo/autori/NILF18294/stefan-s-dziemianowicz/"
"NILF17842";"D’arpini, Paolo";"http://www.fantascienza.com/catalogo/autori/NILF17842/paolo-d-arpini/"
"NILF20824";"D’eramo, Marco";"http://www.fantascienza.com/catalogo/autori/NILF20824/marco-d-eramo/"
