"NILF15998";"F., E.";"http://www.fantascienza.com/catalogo/autori/NILF15998/e-f/"
"NILF21399";"F., F.";"http://www.fantascienza.com/catalogo/autori/NILF21399/f-f/"
"NILF22853";"F., Fernando";"http://www.fantascienza.com/catalogo/autori/NILF22853/fernando-f/"
"NILF11947";"F. M. W., ";"http://www.fantascienza.com/catalogo/autori/NILF11947/-f-m-w/"
"NILF23806";"Fabbri, Alessandro";"http://www.fantascienza.com/catalogo/autori/NILF23806/alessandro-fabbri/"
"NILF20958";"Fabbri, Edoardo";"http://www.fantascienza.com/catalogo/autori/NILF20958/edoardo-fabbri/"
"NILF22608";"Fabbri, Elena";"http://www.fantascienza.com/catalogo/autori/NILF22608/elena-fabbri/"
"NILF24050";"Fabbri, Gianfranco";"http://www.fantascienza.com/catalogo/autori/NILF24050/gianfranco-fabbri/"
"NILF21926";"Fabbri, Giorgio";"http://www.fantascienza.com/catalogo/autori/NILF21926/giorgio-fabbri/"
"NILF18754";"Fabbri, Marina";"http://www.fantascienza.com/catalogo/autori/NILF18754/marina-fabbri/"
"NILF22724";"Fabbrica, Moreno";"http://www.fantascienza.com/catalogo/autori/NILF22724/moreno-fabbrica/"
"NILF24588";"Fabbrini, Antonella";"http://www.fantascienza.com/catalogo/autori/NILF24588/antonella-fabbrini/"
"NILF23787";"Faber, Michel";"http://www.fantascienza.com/catalogo/autori/NILF23787/michel-faber/"
"NILF20403";"Fabi, Francesco";"http://www.fantascienza.com/catalogo/autori/NILF20403/francesco-fabi/"
"NILF24281";"Fabi, M. Giulia";"http://www.fantascienza.com/catalogo/autori/NILF24281/m-giulia-fabi/"
"NILF20451";"Fabiani, Enzo";"http://www.fantascienza.com/catalogo/autori/NILF20451/enzo-fabiani/"
"NILF19157";"Fabiani, Mario";"http://www.fantascienza.com/catalogo/autori/NILF19157/mario-fabiani/"
"NILF22402";"Fabietti, Ettore";"http://www.fantascienza.com/catalogo/autori/NILF22402/ettore-fabietti/"
"NILF16126";"Fabozzi, Antonio";"http://www.fantascienza.com/catalogo/autori/NILF16126/antonio-fabozzi/"
"NILF17442";"Fabri, Stefania";"http://www.fantascienza.com/catalogo/autori/NILF17442/stefania-fabri/"
"NILF18144";"Fabriani, Lanfranco";"http://www.fantascienza.com/catalogo/autori/NILF18144/lanfranco-fabriani/"
"NILF11827";"Fabrini, Ivano";"http://www.fantascienza.com/catalogo/autori/NILF11827/ivano-fabrini/"
"NILF26323";"Fabris, Sergio";"http://www.fantascienza.com/catalogo/autori/NILF26323/sergio-fabris/"
"NILF22403";"Fabrizioli, Americo";"http://www.fantascienza.com/catalogo/autori/NILF22403/americo-fabrizioli/"
"NILF22772";"Faccaro, Federica";"http://www.fantascienza.com/catalogo/autori/NILF22772/federica-faccaro/"
"NILF11828";"Facco De La Garda, Ugo";"http://www.fantascienza.com/catalogo/autori/NILF11828/ugo-facco-de-la-garda/"
"NILF23010";"Fadini, Ubaldo";"http://www.fantascienza.com/catalogo/autori/NILF23010/ubaldo-fadini/"
"NILF20500";"Faelli, Emma";"http://www.fantascienza.com/catalogo/autori/NILF20500/emma-faelli/"
"NILF24596";"Faeta, Francesco";"http://www.fantascienza.com/catalogo/autori/NILF24596/francesco-faeta/"
"NILF16689";"Faeti, Antonio";"http://www.fantascienza.com/catalogo/autori/NILF16689/antonio-faeti/"
"NILF16047";"Faget, Maxime A.";"http://www.fantascienza.com/catalogo/autori/NILF16047/maxime-a-faget/"
"NILF21238";"Faggella, Mario";"http://www.fantascienza.com/catalogo/autori/NILF21238/mario-faggella/"
"NILF24538";"Faggi, Vico";"http://www.fantascienza.com/catalogo/autori/NILF24538/vico-faggi/"
"NILF22811";"Faggioli, Brunetto";"http://www.fantascienza.com/catalogo/autori/NILF22811/brunetto-faggioli/"
"NILF18231";"Faggioli, Enrico";"http://www.fantascienza.com/catalogo/autori/NILF18231/enrico-faggioli/"
"NILF16715";"Fagiani, Laura";"http://www.fantascienza.com/catalogo/autori/NILF16715/laura-fagiani/"
"NILF25651";"Fagioli, Alessandra";"http://www.fantascienza.com/catalogo/autori/NILF25651/alessandra-fagioli/"
"NILF23075";"Fagnano, Enrico";"http://www.fantascienza.com/catalogo/autori/NILF23075/enrico-fagnano/"
"NILF11830";"Fahy, Patrick";"http://www.fantascienza.com/catalogo/autori/NILF11830/patrick-fahy/"
"NILF26646";"Fahy, Warren";"http://www.fantascienza.com/catalogo/autori/NILF26646/warren-fahy/"
"NILF16209";"Faig, Kenneth W.";"http://www.fantascienza.com/catalogo/autori/NILF16209/kenneth-w-faig/"
"NILF16625";"Faini, Paola";"http://www.fantascienza.com/catalogo/autori/NILF16625/paola-faini/"
"NILF11833";"Fairman, Paul W.";"http://www.fantascienza.com/catalogo/autori/NILF11833/paul-w-fairman/"
"NILF21010";"Faivre D'Arcier, Jeanne";"http://www.fantascienza.com/catalogo/autori/NILF21010/jeanne-faivre-d-arcier/"
"NILF23041";"Falabrino, Gian Luigi";"http://www.fantascienza.com/catalogo/autori/NILF23041/gian-luigi-falabrino/"
"NILF22775";"Falaschi, Giovanni";"http://www.fantascienza.com/catalogo/autori/NILF22775/giovanni-falaschi/"
"NILF21954";"Falcetto, Bruno";"http://www.fantascienza.com/catalogo/autori/NILF21954/bruno-falcetto/"
"NILF11834";"Falchi, Persio";"http://www.fantascienza.com/catalogo/autori/NILF11834/persio-falchi/"
"NILF11835";"Falciatore, Walter";"http://www.fantascienza.com/catalogo/autori/NILF11835/walter-falciatore/"
"NILF26314";"Falcioni, Gabriele";"http://www.fantascienza.com/catalogo/autori/NILF26314/gabriele-falcioni/"
"NILF19507";"Falco, Paolo";"http://www.fantascienza.com/catalogo/autori/NILF19507/paolo-falco/"
"NILF11836";"Falcolini, Antonio";"http://www.fantascienza.com/catalogo/autori/NILF11836/antonio-falcolini/"
"NILF23119";"Falcone, Clara";"http://www.fantascienza.com/catalogo/autori/NILF23119/clara-falcone/"
"NILF11837";"Falconer, Lanoe";"http://www.fantascienza.com/catalogo/autori/NILF11837/lanoe-falconer/"
"NILF25113";"Falconi, Francesco";"http://www.fantascienza.com/catalogo/autori/NILF25113/francesco-falconi/"
"NILF23646";"Falconieri, Fabiola";"http://www.fantascienza.com/catalogo/autori/NILF23646/fabiola-falconieri/"
"NILF11838";"Faldella, Giovanni";"http://www.fantascienza.com/catalogo/autori/NILF11838/giovanni-faldella/"
"NILF11839";"Falessi, Cesare";"http://www.fantascienza.com/catalogo/autori/NILF11839/cesare-falessi/"
"NILF11840";"Falessi, Luca";"http://www.fantascienza.com/catalogo/autori/NILF11840/luca-falessi/"
"NILF26576";"Faletti, Giorgio";"http://www.fantascienza.com/catalogo/autori/NILF26576/giorgio-faletti/"
"NILF11841";"Falivena, Camillo";"http://www.fantascienza.com/catalogo/autori/NILF11841/camillo-falivena/"
"NILF23966";"Falk, U.";"http://www.fantascienza.com/catalogo/autori/NILF23966/u-falk/"
"NILF21282";"Falkner, John Meade";"http://www.fantascienza.com/catalogo/autori/NILF21282/john-meade-falkner/"
"NILF20210";"Fallaci, Paola";"http://www.fantascienza.com/catalogo/autori/NILF20210/paola-fallaci/"
"NILF24740";"Falorni, Simone";"http://www.fantascienza.com/catalogo/autori/NILF24740/simone-falorni/"
"NILF15877";"Falsey, John";"http://www.fantascienza.com/catalogo/autori/NILF15877/john-falsey/"
"NILF24689";"Falzetti, Domenico";"http://www.fantascienza.com/catalogo/autori/NILF24689/domenico-falzetti/"
"NILF24691";"Falzetti, Giulia";"http://www.fantascienza.com/catalogo/autori/NILF24691/giulia-falzetti/"
"NILF24690";"Falzetti, Tommaso";"http://www.fantascienza.com/catalogo/autori/NILF24690/tommaso-falzetti/"
"NILF16385";"Falzon, Alex R.";"http://www.fantascienza.com/catalogo/autori/NILF16385/alex-r-falzon/"
"NILF26707";"Falzone, Rodolfo";"http://www.fantascienza.com/catalogo/autori/NILF26707/rodolfo-falzone/"
"NILF22319";"Falzoni, Giordano";"http://www.fantascienza.com/catalogo/autori/NILF22319/giordano-falzoni/"
"NILF11842";"Fambrini, Alessandro";"http://www.fantascienza.com/catalogo/autori/NILF11842/alessandro-fambrini/"
"NILF23399";"Familiari, Antonio Fabio";"http://www.fantascienza.com/catalogo/autori/NILF23399/antonio-fabio-familiari/"
"NILF11843";"Famoso, Rita";"http://www.fantascienza.com/catalogo/autori/NILF11843/rita-famoso/"
"NILF21726";"Fanasca, Marina";"http://www.fantascienza.com/catalogo/autori/NILF21726/marina-fanasca/"
"NILF11844";"Fancett, Elizabeth";"http://www.fantascienza.com/catalogo/autori/NILF11844/elizabeth-fancett/"
"NILF19523";"Fanciulli, Giuseppe";"http://www.fantascienza.com/catalogo/autori/NILF19523/giuseppe-fanciulli/"
"NILF11848";"Fantasia, Francesco";"http://www.fantascienza.com/catalogo/autori/NILF11848/francesco-fantasia/"
"NILF23249";"Fantelli, Stefano";"http://www.fantascienza.com/catalogo/autori/NILF23249/stefano-fantelli/"
"NILF11849";"Fanthorpe, R. L.";"http://www.fantascienza.com/catalogo/autori/NILF11849/r-l-fanthorpe/"
"NILF20595";"Fantini, Andrea";"http://www.fantascienza.com/catalogo/autori/NILF20595/andrea-fantini/"
"NILF22564";"Fantini, Gabriella Rolli";"http://www.fantascienza.com/catalogo/autori/NILF22564/gabriella-rolli-fantini/"
"NILF11850";"Fantini, Nicola";"http://www.fantascienza.com/catalogo/autori/NILF11850/nicola-fantini/"
"NILF21241";"Fantino, Ivo A.";"http://www.fantascienza.com/catalogo/autori/NILF21241/ivo-a-fantino/"
"NILF20603";"Fantozzi, Federica";"http://www.fantascienza.com/catalogo/autori/NILF20603/federica-fantozzi/"
"NILF16203";"Fanucci, Sergio";"http://www.fantascienza.com/catalogo/autori/NILF16203/sergio-fanucci/"
"NILF11851";"Fanuele, Franco";"http://www.fantascienza.com/catalogo/autori/NILF11851/franco-fanuele/"
"NILF11852";"Faraci, Luca T.";"http://www.fantascienza.com/catalogo/autori/NILF11852/luca-t-faraci/"
"NILF20960";"Farassino, Alberto";"http://www.fantascienza.com/catalogo/autori/NILF20960/alberto-farassino/"
"NILF11853";"Farber, Sharon N.";"http://www.fantascienza.com/catalogo/autori/NILF11853/sharon-n-farber/"
"NILF11854";"Fărcaşăn, Sergiu";"http://www.fantascienza.com/catalogo/autori/NILF11854/sergiu-farcasan/"
"NILF21804";"Faré, Marco Attilio";"http://www.fantascienza.com/catalogo/autori/NILF21804/marco-attilio-far-e/"
"NILF26455";"Farè, Simone";"http://www.fantascienza.com/catalogo/autori/NILF26455/simone-fare/"
"NILF19682";"Fares, Patrizia";"http://www.fantascienza.com/catalogo/autori/NILF19682/patrizia-fares/"
"NILF24574";"Fargione, Daniela";"http://www.fantascienza.com/catalogo/autori/NILF24574/daniela-fargione/"
"NILF11855";"Farina, Alberto";"http://www.fantascienza.com/catalogo/autori/NILF11855/alberto-farina/"
"NILF26452";"Farina, Corrado";"http://www.fantascienza.com/catalogo/autori/NILF26452/corrado-farina/"
"NILF20489";"Farina, R.";"http://www.fantascienza.com/catalogo/autori/NILF20489/r-farina/"
"NILF16604";"Farina, Salvatore";"http://www.fantascienza.com/catalogo/autori/NILF16604/salvatore-farina/"
"NILF17404";"Farinella, Emiliano";"http://www.fantascienza.com/catalogo/autori/NILF17404/emiliano-farinella/"
"NILF22938";"Farinelli, Nicola";"http://www.fantascienza.com/catalogo/autori/NILF22938/nicola-farinelli/"
"NILF26387";"Farinelli, Valerio";"http://www.fantascienza.com/catalogo/autori/NILF26387/valerio-farinelli/"
"NILF24928";"Farinotti, Pino";"http://www.fantascienza.com/catalogo/autori/NILF24928/pino-farinotti/"
"NILF26369";"Farjeon, Clanash";"http://www.fantascienza.com/catalogo/autori/NILF26369/clanash-farjeon/"
"NILF23499";"Farland, David";"http://www.fantascienza.com/catalogo/autori/NILF23499/david-farland/"
"NILF11856";"Farley, Ralph Milne";"http://www.fantascienza.com/catalogo/autori/NILF11856/ralph-milne-farley/"
"NILF18722";"Farm, M. Louise";"http://www.fantascienza.com/catalogo/autori/NILF18722/m-louise-farm/"
"NILF21465";"Farmer, Nancy";"http://www.fantascienza.com/catalogo/autori/NILF21465/nancy-farmer/"
"NILF11857";"Farmer, Philip José";"http://www.fantascienza.com/catalogo/autori/NILF11857/philip-jos-e-farmer/"
"NILF25611";"Farnell, Chris";"http://www.fantascienza.com/catalogo/autori/NILF25611/chris-farnell/"
"NILF23762";"Farnell, David";"http://www.fantascienza.com/catalogo/autori/NILF23762/david-farnell/"
"NILF11859";"Farneti, Mario";"http://www.fantascienza.com/catalogo/autori/NILF11859/mario-farneti/"
"NILF16651";"Farnetti, Monica";"http://www.fantascienza.com/catalogo/autori/NILF16651/monica-farnetti/"
"NILF11860";"Farr, Douglas";"http://www.fantascienza.com/catalogo/autori/NILF11860/douglas-farr/"
"NILF23157";"Farré, Marie-Raymond";"http://www.fantascienza.com/catalogo/autori/NILF23157/marie-raymond-farr-e/"
"NILF24837";"Farrell, Henry";"http://www.fantascienza.com/catalogo/autori/NILF24837/henry-farrell/"
"NILF11861";"Farrell, Joseph";"http://www.fantascienza.com/catalogo/autori/NILF11861/joseph-farrell/"
"NILF11862";"Farrere, Claude";"http://www.fantascienza.com/catalogo/autori/NILF11862/claude-farrere/"
"NILF24841";"Farrington, Fielden";"http://www.fantascienza.com/catalogo/autori/NILF24841/fielden-farrington/"
"NILF15953";"Farriols, Mercedes";"http://www.fantascienza.com/catalogo/autori/NILF15953/mercedes-farriols/"
"NILF24385";"Farris, Clelia";"http://www.fantascienza.com/catalogo/autori/NILF24385/clelia-farris/"
"NILF11863";"Farris, John";"http://www.fantascienza.com/catalogo/autori/NILF11863/john-farris/"
"NILF19046";"Farson, Daniel [Negley]";"http://www.fantascienza.com/catalogo/autori/NILF19046/daniel-negley-farson/"
"NILF11864";"Fasan, Italo";"http://www.fantascienza.com/catalogo/autori/NILF11864/italo-fasan/"
"NILF11865";"Fasanotti, Pier Mario";"http://www.fantascienza.com/catalogo/autori/NILF11865/pier-mario-fasanotti/"
"NILF17757";"Fascetti, Franco";"http://www.fantascienza.com/catalogo/autori/NILF17757/franco-fascetti/"
"NILF24709";"Fasman, Jon";"http://www.fantascienza.com/catalogo/autori/NILF24709/jon-fasman/"
"NILF26675";"Fassina, Luca";"http://www.fantascienza.com/catalogo/autori/NILF26675/luca-fassina/"
"NILF11866";"Fassio, Angela";"http://www.fantascienza.com/catalogo/autori/NILF11866/angela-fassio/"
"NILF25307";"Fassone, Riccardo";"http://www.fantascienza.com/catalogo/autori/NILF25307/riccardo-fassone/"
"NILF11867";"Fast, Howard";"http://www.fantascienza.com/catalogo/autori/NILF11867/howard-fast/"
"NILF11869";"Fast, Jon";"http://www.fantascienza.com/catalogo/autori/NILF11869/jon-fast/"
"NILF11870";"Fast, Jonathan";"http://www.fantascienza.com/catalogo/autori/NILF11870/jonathan-fast/"
"NILF11871";"Fast, Julius";"http://www.fantascienza.com/catalogo/autori/NILF11871/julius-fast/"
"NILF11872";"Fatibene, Mario";"http://www.fantascienza.com/catalogo/autori/NILF11872/mario-fatibene/"
"NILF16624";"Fatica, Ottavio";"http://www.fantascienza.com/catalogo/autori/NILF16624/ottavio-fatica/"
"NILF23082";"Fattiboni, Ezio";"http://www.fantascienza.com/catalogo/autori/NILF23082/ezio-fattiboni/"
"NILF16127";"Fattori, Adolfo";"http://www.fantascienza.com/catalogo/autori/NILF16127/adolfo-fattori/"
"NILF11873";"Faulkner, William";"http://www.fantascienza.com/catalogo/autori/NILF11873/william-faulkner/"
"NILF24575";"Faulkner Wells, Dean";"http://www.fantascienza.com/catalogo/autori/NILF24575/dean-faulkner-wells/"
"NILF18225";"Faust, Christa";"http://www.fantascienza.com/catalogo/autori/NILF18225/christa-faust/"
"NILF22870";"Fava, Claudio G.";"http://www.fantascienza.com/catalogo/autori/NILF22870/claudio-g-fava/"
"NILF25432";"Fava, Francesco";"http://www.fantascienza.com/catalogo/autori/NILF25432/francesco-fava/"
"NILF26606";"Fava, Onorato";"http://www.fantascienza.com/catalogo/autori/NILF26606/onorato-fava/"
"NILF11875";"Fava, Sandro";"http://www.fantascienza.com/catalogo/autori/NILF11875/sandro-fava/"
"NILF21521";"Fava, Susanna";"http://www.fantascienza.com/catalogo/autori/NILF21521/susanna-fava/"
"NILF11876";"Fava, Umberto";"http://www.fantascienza.com/catalogo/autori/NILF11876/umberto-fava/"
"NILF26412";"Favaro, Alice";"http://www.fantascienza.com/catalogo/autori/NILF26412/alice-favaro/"
"NILF16660";"Favilla, Rossana";"http://www.fantascienza.com/catalogo/autori/NILF16660/rossana-favilla/"
"NILF26067";"Favorite, Eileen";"http://www.fantascienza.com/catalogo/autori/NILF26067/eileen-favorite/"
"NILF11877";"Favret, M.";"http://www.fantascienza.com/catalogo/autori/NILF11877/m-favret/"
"NILF11878";"Favretto, Giorgio";"http://www.fantascienza.com/catalogo/autori/NILF11878/giorgio-favretto/"
"NILF11879";"Fawcett, Bill";"http://www.fantascienza.com/catalogo/autori/NILF11879/bill-fawcett/"
"NILF18436";"Fawcett, David";"http://www.fantascienza.com/catalogo/autori/NILF18436/david-fawcett/"
"NILF11880";"Fawcett, F. Dubrez";"http://www.fantascienza.com/catalogo/autori/NILF11880/f-dubrez-fawcett/"
"NILF23778";"Fawer, Adam";"http://www.fantascienza.com/catalogo/autori/NILF23778/adam-fawer/"
"NILF11882";"Fayad, Samy";"http://www.fantascienza.com/catalogo/autori/NILF11882/samy-fayad/"
"NILF11883";"Fayard, Colette";"http://www.fantascienza.com/catalogo/autori/NILF11883/colette-fayard/"
"NILF21593";"Fazio, Antonino";"http://www.fantascienza.com/catalogo/autori/NILF21593/antonino-fazio/"
"NILF25256";"Fazzari, Fabrizio";"http://www.fantascienza.com/catalogo/autori/NILF25256/fabrizio-fazzari/"
"NILF25222";"Fazzari, Fernando";"http://www.fantascienza.com/catalogo/autori/NILF25222/fernando-fazzari/"
"NILF26112";"Fazzi, Chiara";"http://www.fantascienza.com/catalogo/autori/NILF26112/chiara-fazzi/"
"NILF16724";"Fazzi, Giancarlo";"http://www.fantascienza.com/catalogo/autori/NILF16724/giancarlo-fazzi/"
"NILF22820";"Fazzi, Pietro";"http://www.fantascienza.com/catalogo/autori/NILF22820/pietro-fazzi/"
"NILF21161";"Fazzioli, Daniele";"http://www.fantascienza.com/catalogo/autori/NILF21161/daniele-fazzioli/"
"NILF11885";"Fear, W. H.";"http://www.fantascienza.com/catalogo/autori/NILF11885/w-h-fear/"
"NILF11886";"Fearn, John Russell";"http://www.fantascienza.com/catalogo/autori/NILF11886/john-russell-fearn/"
"NILF20306";"Fecchio, Enrico";"http://www.fantascienza.com/catalogo/autori/NILF20306/enrico-fecchio/"
"NILF21375";"Fedele, Christian M.";"http://www.fantascienza.com/catalogo/autori/NILF21375/christian-m-fedele/"
"NILF11888";"Federici, Carlos Maria";"http://www.fantascienza.com/catalogo/autori/NILF11888/carlos-maria-federici/"
"NILF19158";"Federici, Stefano";"http://www.fantascienza.com/catalogo/autori/NILF19158/stefano-federici/"
"NILF26044";"Federighi, Paolo";"http://www.fantascienza.com/catalogo/autori/NILF26044/paolo-federighi/"
"NILF17861";"Federman, Raymond";"http://www.fantascienza.com/catalogo/autori/NILF17861/raymond-federman/"
"NILF24155";"Fedi, Remo";"http://www.fantascienza.com/catalogo/autori/NILF24155/remo-fedi/"
"NILF23008";"Feehan, Christine";"http://www.fantascienza.com/catalogo/autori/NILF23008/christine-feehan/"
"NILF11889";"Feeley, Gregory";"http://www.fantascienza.com/catalogo/autori/NILF11889/gregory-feeley/"
"NILF16756";"Fefè, Simona";"http://www.fantascienza.com/catalogo/autori/NILF16756/simona-fefe/"
"NILF11890";"Feherenbach, R. R.";"http://www.fantascienza.com/catalogo/autori/NILF11890/r-r-feherenbach/"
"NILF18089";"Fehr, Bernhard";"http://www.fantascienza.com/catalogo/autori/NILF18089/bernhard-fehr/"
"NILF22234";"Feifer, George";"http://www.fantascienza.com/catalogo/autori/NILF22234/george-feifer/"
"NILF20336";"Feiling, Carlos Eduardo";"http://www.fantascienza.com/catalogo/autori/NILF20336/carlos-eduardo-feiling/"
"NILF25729";"Feinberg, Barry";"http://www.fantascienza.com/catalogo/autori/NILF25729/barry-feinberg/"
"NILF11891";"Feist, Raymond E.";"http://www.fantascienza.com/catalogo/autori/NILF11891/raymond-e-feist/"
"NILF20392";"Fekete, John";"http://www.fantascienza.com/catalogo/autori/NILF20392/john-fekete/"
"NILF11892";"Feldman, Arthur";"http://www.fantascienza.com/catalogo/autori/NILF11892/arthur-feldman/"
"NILF24832";"Felice, Cristiano";"http://www.fantascienza.com/catalogo/autori/NILF24832/cristiano-felice/"
"NILF11893";"Felice, Cynthia";"http://www.fantascienza.com/catalogo/autori/NILF11893/cynthia-felice/"
"NILF25051";"Felici, Glauco";"http://www.fantascienza.com/catalogo/autori/NILF25051/glauco-felici/"
"NILF24577";"Felici, Lucio";"http://www.fantascienza.com/catalogo/autori/NILF24577/lucio-felici/"
"NILF25140";"Felicioni, Edoardo";"http://www.fantascienza.com/catalogo/autori/NILF25140/edoardo-felicioni/"
"NILF11894";"Felisatti, Massimo";"http://www.fantascienza.com/catalogo/autori/NILF11894/massimo-felisatti/"
"NILF26688";"Feltre, Barbara";"http://www.fantascienza.com/catalogo/autori/NILF26688/barbara-feltre/"
"NILF15992";"Feminò, Fabio";"http://www.fantascienza.com/catalogo/autori/NILF15992/fabio-femino/"
"NILF19442";"Fenoaltea, Giorgio";"http://www.fantascienza.com/catalogo/autori/NILF19442/giorgio-fenoaltea/"
"NILF19635";"Fenoglio, Alberto";"http://www.fantascienza.com/catalogo/autori/NILF19635/alberto-fenoglio/"
"NILF19229";"Fenoglio, Daniele";"http://www.fantascienza.com/catalogo/autori/NILF19229/daniele-fenoglio/"
"NILF11898";"Fenoglio, Mary";"http://www.fantascienza.com/catalogo/autori/NILF11898/mary-fenoglio/"
"NILF18778";"Fenzi, Pier Giuseppe";"http://www.fantascienza.com/catalogo/autori/NILF18778/pier-giuseppe-fenzi/"
"NILF26375";"Ferdowsi, ";"http://www.fantascienza.com/catalogo/autori/NILF26375/-ferdowsi/"
"NILF16572";"Feretto, Goffredo";"http://www.fantascienza.com/catalogo/autori/NILF16572/goffredo-feretto/"
"NILF23930";"Fergus, J. J.";"http://www.fantascienza.com/catalogo/autori/NILF23930/j-j-fergus/"
"NILF11899";"Ferguson, Brad";"http://www.fantascienza.com/catalogo/autori/NILF11899/brad-ferguson/"
"NILF11900";"Ferguson, Malcolm M.";"http://www.fantascienza.com/catalogo/autori/NILF11900/malcolm-m-ferguson/"
"NILF11901";"Ferguson, Syn";"http://www.fantascienza.com/catalogo/autori/NILF11901/syn-ferguson/"
"NILF20498";"Fergusson, Douglas";"http://www.fantascienza.com/catalogo/autori/NILF20498/douglas-fergusson/"
"NILF20509";"Ferioli, Daniela";"http://www.fantascienza.com/catalogo/autori/NILF20509/daniela-ferioli/"
"NILF21955";"Ferlenga, Alberto";"http://www.fantascienza.com/catalogo/autori/NILF21955/alberto-ferlenga/"
"NILF11903";"Ferlosio, Rafael Sánchez";"http://www.fantascienza.com/catalogo/autori/NILF11903/rafael-s-anchez-ferlosio/"
"NILF16357";"Ferman, Edward L.";"http://www.fantascienza.com/catalogo/autori/NILF16357/edward-l-ferman/"
"NILF11904";"Fernagù, Walter";"http://www.fantascienza.com/catalogo/autori/NILF11904/walter-fernagu/"
"NILF22847";"Fernandez, Alessandra";"http://www.fantascienza.com/catalogo/autori/NILF22847/alessandra-fernandez/"
"NILF11905";"Fernández, Macedonio";"http://www.fantascienza.com/catalogo/autori/NILF11905/macedonio-fern-andez/"
"NILF25860";"Fernez, André";"http://www.fantascienza.com/catalogo/autori/NILF25860/andr-e-fernez/"
"NILF23256";"Feroldi, Donata";"http://www.fantascienza.com/catalogo/autori/NILF23256/donata-feroldi/"
"NILF11907";"Ferracin, Antonio Alessandro";"http://www.fantascienza.com/catalogo/autori/NILF11907/antonio-alessandro-ferracin/"
"NILF11908";"Ferracuti, Gianni";"http://www.fantascienza.com/catalogo/autori/NILF11908/gianni-ferracuti/"
"NILF25464";"Ferramosca, Ilaria";"http://www.fantascienza.com/catalogo/autori/NILF25464/ilaria-ferramosca/"
"NILF19800";"Ferrante, Anthony C.";"http://www.fantascienza.com/catalogo/autori/NILF19800/anthony-c-ferrante/"
"NILF11909";"Ferrara, Carlo";"http://www.fantascienza.com/catalogo/autori/NILF11909/carlo-ferrara/"
"NILF16458";"Ferrara, Fernando";"http://www.fantascienza.com/catalogo/autori/NILF16458/fernando-ferrara/"
"NILF19335";"Ferrara, Massimo";"http://www.fantascienza.com/catalogo/autori/NILF19335/massimo-ferrara/"
"NILF23683";"Ferrara, Maurizio";"http://www.fantascienza.com/catalogo/autori/NILF23683/maurizio-ferrara/"
"NILF11911";"Ferrara, Patricia";"http://www.fantascienza.com/catalogo/autori/NILF11911/patricia-ferrara/"
"NILF23767";"Ferrara, Roberto";"http://www.fantascienza.com/catalogo/autori/NILF23767/roberto-ferrara/"
"NILF16856";"Ferrari, Aldo";"http://www.fantascienza.com/catalogo/autori/NILF16856/aldo-ferrari/"
"NILF16344";"Ferrari, Andrea";"http://www.fantascienza.com/catalogo/autori/NILF16344/andrea-ferrari/"
"NILF26429";"Ferrari, Andrea";"http://www.fantascienza.com/catalogo/autori/NILF26429/andrea-ferrari/"
"NILF23917";"Ferrari, Anna";"http://www.fantascienza.com/catalogo/autori/NILF23917/anna-ferrari/"
"NILF11912";"Ferrari, Claudio";"http://www.fantascienza.com/catalogo/autori/NILF11912/claudio-ferrari/"
"NILF11913";"Ferrari, Donatella";"http://www.fantascienza.com/catalogo/autori/NILF11913/donatella-ferrari/"
"NILF19392";"Ferrari, Enrico Maria";"http://www.fantascienza.com/catalogo/autori/NILF19392/enrico-maria-ferrari/"
"NILF11914";"Ferrari, Giorgio";"http://www.fantascienza.com/catalogo/autori/NILF11914/giorgio-ferrari/"
"NILF11915";"Ferrari, Marco";"http://www.fantascienza.com/catalogo/autori/NILF11915/marco-ferrari/"
"NILF11916";"Ferrari, Paolo";"http://www.fantascienza.com/catalogo/autori/NILF11916/paolo-ferrari/"
"NILF11917";"Ferrari, Pinuccia";"http://www.fantascienza.com/catalogo/autori/NILF11917/pinuccia-ferrari/"
"NILF20555";"Ferrari, Pio";"http://www.fantascienza.com/catalogo/autori/NILF20555/pio-ferrari/"
"NILF24617";"Ferrari, Stefano";"http://www.fantascienza.com/catalogo/autori/NILF24617/stefano-ferrari/"
"NILF18074";"Ferrario, Ippolito Edmondo";"http://www.fantascienza.com/catalogo/autori/NILF18074/ippolito-edmondo-ferrario/"
"NILF16659";"Ferrario, Mario";"http://www.fantascienza.com/catalogo/autori/NILF16659/mario-ferrario/"
"NILF19738";"Ferraris, Angiola";"http://www.fantascienza.com/catalogo/autori/NILF19738/angiola-ferraris/"
"NILF25870";"Ferraris, Maurizio";"http://www.fantascienza.com/catalogo/autori/NILF25870/maurizio-ferraris/"
"NILF11919";"Ferraro, Sebastiano";"http://www.fantascienza.com/catalogo/autori/NILF11919/sebastiano-ferraro/"
"NILF24618";"Ferrarotti, Franco";"http://www.fantascienza.com/catalogo/autori/NILF24618/franco-ferrarotti/"
"NILF21380";"Ferrarotti, Maurizio";"http://www.fantascienza.com/catalogo/autori/NILF21380/maurizio-ferrarotti/"
"NILF16356";"Ferrata, Giansiro";"http://www.fantascienza.com/catalogo/autori/NILF16356/giansiro-ferrata/"
"NILF18027";"Ferrato, Michele";"http://www.fantascienza.com/catalogo/autori/NILF18027/michele-ferrato/"
"NILF11920";"Ferrazzi, Bruno";"http://www.fantascienza.com/catalogo/autori/NILF11920/bruno-ferrazzi/"
"NILF24295";"Ferreira, Marie Aline Seabra";"http://www.fantascienza.com/catalogo/autori/NILF24295/marie-aline-seabra-ferreira/"
"NILF17754";"Ferreri, Sergio";"http://www.fantascienza.com/catalogo/autori/NILF17754/sergio-ferreri/"
"NILF24264";"Ferrero, Ernesto";"http://www.fantascienza.com/catalogo/autori/NILF24264/ernesto-ferrero/"
"NILF17578";"Ferret, Tim";"http://www.fantascienza.com/catalogo/autori/NILF17578/tim-ferret/"
"NILF11921";"Ferretti, A. M.";"http://www.fantascienza.com/catalogo/autori/NILF11921/a-m-ferretti/"
"NILF23640";"Ferretti, Francesco";"http://www.fantascienza.com/catalogo/autori/NILF23640/francesco-ferretti/"
"NILF23067";"Ferretti, Piergiorgio";"http://www.fantascienza.com/catalogo/autori/NILF23067/piergiorgio-ferretti/"
"NILF16607";"Ferretto, Goffredo";"http://www.fantascienza.com/catalogo/autori/NILF16607/goffredo-ferretto/"
"NILF16541";"Ferri, Fiorenza";"http://www.fantascienza.com/catalogo/autori/NILF16541/fiorenza-ferri/"
"NILF16571";"Ferri, Giuseppe";"http://www.fantascienza.com/catalogo/autori/NILF16571/giuseppe-ferri/"
"NILF11922";"Ferri, Giustino L.";"http://www.fantascienza.com/catalogo/autori/NILF11922/giustino-l-ferri/"
"NILF25319";"Ferri, Luciano";"http://www.fantascienza.com/catalogo/autori/NILF25319/luciano-ferri/"
"NILF24809";"Ferri, Mauro";"http://www.fantascienza.com/catalogo/autori/NILF24809/mauro-ferri/"
"NILF20378";"Ferrini, Franco";"http://www.fantascienza.com/catalogo/autori/NILF20378/franco-ferrini/"
"NILF23750";"Ferrio, Stefano";"http://www.fantascienza.com/catalogo/autori/NILF23750/stefano-ferrio/"
"NILF11924";"Ferro, Isabella";"http://www.fantascienza.com/catalogo/autori/NILF11924/isabella-ferro/"
"NILF16118";"Ferro, Massimo";"http://www.fantascienza.com/catalogo/autori/NILF16118/massimo-ferro/"
"NILF11925";"Ferron, Jacques";"http://www.fantascienza.com/catalogo/autori/NILF11925/jacques-ferron/"
"NILF17743";"Ferroni, Lucia";"http://www.fantascienza.com/catalogo/autori/NILF17743/lucia-ferroni/"
"NILF11926";"Ferrucci, Franco";"http://www.fantascienza.com/catalogo/autori/NILF11926/franco-ferrucci/"
"NILF22872";"Ferruzzi, Michele Magno";"http://www.fantascienza.com/catalogo/autori/NILF22872/michele-magno-ferruzzi/"
"NILF17985";"Fertonani, Roberto";"http://www.fantascienza.com/catalogo/autori/NILF17985/roberto-fertonani/"
"NILF18172";"Feruglio, Franco";"http://www.fantascienza.com/catalogo/autori/NILF18172/franco-feruglio/"
"NILF16411";"Feslikenian, Franca";"http://www.fantascienza.com/catalogo/autori/NILF16411/franca-feslikenian/"
"NILF22292";"Festa, Al";"http://www.fantascienza.com/catalogo/autori/NILF22292/al-festa/"
"NILF20957";"Festa, Fabrizio";"http://www.fantascienza.com/catalogo/autori/NILF20957/fabrizio-festa/"
"NILF24947";"Festa, Giuseppe";"http://www.fantascienza.com/catalogo/autori/NILF24947/giuseppe-festa/"
"NILF11928";"Festa Campanile, Pasquale";"http://www.fantascienza.com/catalogo/autori/NILF11928/pasquale-festa-campanile/"
"NILF21510";"Festi, Roberto";"http://www.fantascienza.com/catalogo/autori/NILF21510/roberto-festi/"
"NILF16072";"Festino, Giuseppe";"http://www.fantascienza.com/catalogo/autori/NILF16072/giuseppe-festino/"
"NILF17678";"Fetan, Poul";"http://www.fantascienza.com/catalogo/autori/NILF17678/poul-fetan/"
"NILF22796";"Fetjaine, Jean-Louis";"http://www.fantascienza.com/catalogo/autori/NILF22796/jean-louis-fetjaine/"
"NILF11929";"Fetler, Andrew";"http://www.fantascienza.com/catalogo/autori/NILF11929/andrew-fetler/"
"NILF11930";"Feval, Paul";"http://www.fantascienza.com/catalogo/autori/NILF11930/paul-feval/"
"NILF22007";"Fforde, Jasper";"http://www.fantascienza.com/catalogo/autori/NILF22007/jasper-fforde/"
"NILF25456";"Fiabane, Giovanni L. F.";"http://www.fantascienza.com/catalogo/autori/NILF25456/giovanni-l-f-fiabane/"
"NILF11931";"Fialkowski, Konrad";"http://www.fantascienza.com/catalogo/autori/NILF11931/konrad-fialkowski/"
"NILF20700";"Fiamma, Lorenzo";"http://www.fantascienza.com/catalogo/autori/NILF20700/lorenzo-fiamma/"
"NILF22519";"Fiandra, Valerio";"http://www.fantascienza.com/catalogo/autori/NILF22519/valerio-fiandra/"
"NILF16721";"Fiannaca, Caterina Maria";"http://www.fantascienza.com/catalogo/autori/NILF16721/caterina-maria-fiannaca/"
"NILF22958";"Fibbia, Simonetta";"http://www.fantascienza.com/catalogo/autori/NILF22958/simonetta-fibbia/"
"NILF23547";"Ficara, Giorgio";"http://www.fantascienza.com/catalogo/autori/NILF23547/giorgio-ficara/"
"NILF16241";"Fiedler, Leslie A.";"http://www.fantascienza.com/catalogo/autori/NILF16241/leslie-a-fiedler/"
"NILF21014";"Fielding, Henry";"http://www.fantascienza.com/catalogo/autori/NILF21014/henry-fielding/"
"NILF22341";"Fiengo, Maria Silvia";"http://www.fantascienza.com/catalogo/autori/NILF22341/maria-silvia-fiengo/"
"NILF22384";"Fierro, Antonio Malfense";"http://www.fantascienza.com/catalogo/autori/NILF22384/antonio-malfense-fierro/"
"NILF16760";"Figari, G. B. Roberto";"http://www.fantascienza.com/catalogo/autori/NILF16760/g-b-roberto-figari/"
"NILF25117";"Filabozzi, Marco";"http://www.fantascienza.com/catalogo/autori/NILF25117/marco-filabozzi/"
"NILF11933";"Filadoro, Massimiliano";"http://www.fantascienza.com/catalogo/autori/NILF11933/massimiliano-filadoro/"
"NILF22744";"Filagrossi, Christian";"http://www.fantascienza.com/catalogo/autori/NILF22744/christian-filagrossi/"
"NILF11934";"Filastò, Nino";"http://www.fantascienza.com/catalogo/autori/NILF11934/nino-filasto/"
"NILF11935";"Filer, Burt";"http://www.fantascienza.com/catalogo/autori/NILF11935/burt-filer/"
"NILF11936";"Filippazzi, Franco";"http://www.fantascienza.com/catalogo/autori/NILF11936/franco-filippazzi/"
"NILF17399";"Filippini, Angelo";"http://www.fantascienza.com/catalogo/autori/NILF17399/angelo-filippini/"
"NILF11937";"Filippini, Elisabetta";"http://www.fantascienza.com/catalogo/autori/NILF11937/elisabetta-filippini/"
"NILF22880";"Filippini, Luigi";"http://www.fantascienza.com/catalogo/autori/NILF22880/luigi-filippini/"
"NILF21416";"Filofan, ";"http://www.fantascienza.com/catalogo/autori/NILF21416/-filofan/"
"NILF24072";"Filomeno, Maria Letizia";"http://www.fantascienza.com/catalogo/autori/NILF24072/maria-letizia-filomeno/"
"NILF25069";"Filoramo, Giorgio";"http://www.fantascienza.com/catalogo/autori/NILF25069/giorgio-filoramo/"
"NILF11938";"Filosa, Enzo";"http://www.fantascienza.com/catalogo/autori/NILF11938/enzo-filosa/"
"NILF20860";"Fimiani, Mariapaola";"http://www.fantascienza.com/catalogo/autori/NILF20860/mariapaola-fimiani/"
"NILF22625";"Finamore, Matteo";"http://www.fantascienza.com/catalogo/autori/NILF22625/matteo-finamore/"
"NILF23407";"Finch, Guido";"http://www.fantascienza.com/catalogo/autori/NILF23407/guido-finch/"
"NILF18219";"Finch, Paul";"http://www.fantascienza.com/catalogo/autori/NILF18219/paul-finch/"
"NILF17611";"Finch, Phillip";"http://www.fantascienza.com/catalogo/autori/NILF17611/phillip-finch/"
"NILF11939";"Finch, Sheila";"http://www.fantascienza.com/catalogo/autori/NILF11939/sheila-finch/"
"NILF11940";"Finder, Joseph";"http://www.fantascienza.com/catalogo/autori/NILF11940/joseph-finder/"
"NILF11941";"Findlay, D. K.";"http://www.fantascienza.com/catalogo/autori/NILF11941/d-k-findlay/"
"NILF19802";"Findley, Timothy";"http://www.fantascienza.com/catalogo/autori/NILF19802/timothy-findley/"
"NILF24390";"Fine, Anne";"http://www.fantascienza.com/catalogo/autori/NILF24390/anne-fine/"
"NILF26605";"Fini, Massimo";"http://www.fantascienza.com/catalogo/autori/NILF26605/massimo-fini/"
"NILF16716";"Fink, Guido";"http://www.fantascienza.com/catalogo/autori/NILF16716/guido-fink/"
"NILF22374";"Finlay, Charles Coleman";"http://www.fantascienza.com/catalogo/autori/NILF22374/charles-coleman-finlay/"
"NILF23293";"Finlay, Winifred";"http://www.fantascienza.com/catalogo/autori/NILF23293/winifred-finlay/"
"NILF24426";"Finn, Robert";"http://www.fantascienza.com/catalogo/autori/NILF24426/robert-finn/"
"NILF11943";"Finney, Charles G.";"http://www.fantascienza.com/catalogo/autori/NILF11943/charles-g-finney/"
"NILF11944";"Finney, Jack";"http://www.fantascienza.com/catalogo/autori/NILF11944/jack-finney/"
"NILF20461";"Fino, Maria Antonieta BARBARESCHI";"http://www.fantascienza.com/catalogo/autori/NILF20461/maria-antonieta-barbareschi-fino/"
"NILF20315";"Fino, Maria Antonietta Barbareschi";"http://www.fantascienza.com/catalogo/autori/NILF20315/maria-antonietta-barbareschi-fino/"
"NILF11945";"Finta, Csaba";"http://www.fantascienza.com/catalogo/autori/NILF11945/csaba-finta/"
"NILF17903";"Fintushel, Eliot";"http://www.fantascienza.com/catalogo/autori/NILF17903/eliot-fintushel/"
"NILF16322";"Finzi, Alberto";"http://www.fantascienza.com/catalogo/autori/NILF16322/alberto-finzi/"
"NILF11946";"Finzi, Cesare";"http://www.fantascienza.com/catalogo/autori/NILF11946/cesare-finzi/"
"NILF18458";"Finzi, Claudio";"http://www.fantascienza.com/catalogo/autori/NILF18458/claudio-finzi/"
"NILF16579";"Finzi, Gilberto";"http://www.fantascienza.com/catalogo/autori/NILF16579/gilberto-finzi/"
"NILF22036";"Fiocca, Marco";"http://www.fantascienza.com/catalogo/autori/NILF22036/marco-fiocca/"
"NILF18785";"Fiocco, Giuliano";"http://www.fantascienza.com/catalogo/autori/NILF18785/giuliano-fiocco/"
"NILF16407";"Fiorani, Eleonora";"http://www.fantascienza.com/catalogo/autori/NILF16407/eleonora-fiorani/"
"NILF11948";"Fiorani, Fabio";"http://www.fantascienza.com/catalogo/autori/NILF11948/fabio-fiorani/"
"NILF23090";"Fiorani, Lara";"http://www.fantascienza.com/catalogo/autori/NILF23090/lara-fiorani/"
"NILF16759";"Fiorani, Pierangela";"http://www.fantascienza.com/catalogo/autori/NILF16759/pierangela-fiorani/"
"NILF23563";"Fioraso, Roberto";"http://www.fantascienza.com/catalogo/autori/NILF23563/roberto-fioraso/"
"NILF21786";"Fioravanti, Franz";"http://www.fantascienza.com/catalogo/autori/NILF21786/franz-fioravanti/"
"NILF24119";"Fioravanti, Valerio";"http://www.fantascienza.com/catalogo/autori/NILF24119/valerio-fioravanti/"
"NILF20467";"Fiore, Angelo";"http://www.fantascienza.com/catalogo/autori/NILF20467/angelo-fiore/"
"NILF25595";"Fiore, Antonio";"http://www.fantascienza.com/catalogo/autori/NILF25595/antonio-fiore/"
"NILF24800";"Fiore, Barbara";"http://www.fantascienza.com/catalogo/autori/NILF24800/barbara-fiore/"
"NILF20283";"Fiore, Tommaso";"http://www.fantascienza.com/catalogo/autori/NILF20283/tommaso-fiore/"
"NILF22841";"Fiorella, Giuseppe";"http://www.fantascienza.com/catalogo/autori/NILF22841/giuseppe-fiorella/"
"NILF24073";"Fiorelli, Maria Vittoria";"http://www.fantascienza.com/catalogo/autori/NILF24073/maria-vittoria-fiorelli/"
"NILF20299";"Fiorentino, Mario";"http://www.fantascienza.com/catalogo/autori/NILF20299/mario-fiorentino/"
"NILF19397";"Fiori, Gianluca";"http://www.fantascienza.com/catalogo/autori/NILF19397/gianluca-fiori/"
"NILF11950";"Fiori, Giuseppe";"http://www.fantascienza.com/catalogo/autori/NILF11950/giuseppe-fiori/"
"NILF15989";"Fiorili, Piero";"http://www.fantascienza.com/catalogo/autori/NILF15989/piero-fiorili/"
"NILF16700";"Fiorillo, Anthony R.";"http://www.fantascienza.com/catalogo/autori/NILF16700/anthony-r-fiorillo/"
"NILF19399";"Fiorillo, Gianluigi";"http://www.fantascienza.com/catalogo/autori/NILF19399/gianluigi-fiorillo/"
"NILF18110";"Firpo, Lorenzo";"http://www.fantascienza.com/catalogo/autori/NILF18110/lorenzo-firpo/"
"NILF20330";"Firpo, Luigi";"http://www.fantascienza.com/catalogo/autori/NILF20330/luigi-firpo/"
"NILF23021";"Fischel, Emma";"http://www.fantascienza.com/catalogo/autori/NILF23021/emma-fischel/"
"NILF17706";"Fischer, Gabriele";"http://www.fantascienza.com/catalogo/autori/NILF17706/gabriele-fischer/"
"NILF11951";"Fischer, Harry";"http://www.fantascienza.com/catalogo/autori/NILF11951/harry-fischer/"
"NILF11952";"Fischer, Lou";"http://www.fantascienza.com/catalogo/autori/NILF11952/lou-fischer/"
"NILF11953";"Fischer, Michael";"http://www.fantascienza.com/catalogo/autori/NILF11953/michael-fischer/"
"NILF11954";"Fischman, Bernard";"http://www.fantascienza.com/catalogo/autori/NILF11954/bernard-fischman/"
"NILF11955";"Fish, Robert L.";"http://www.fantascienza.com/catalogo/autori/NILF11955/robert-l-fish/"
"NILF11956";"Fisher, David E.";"http://www.fantascienza.com/catalogo/autori/NILF11956/david-e-fisher/"
"NILF25685";"Fisher, Erick";"http://www.fantascienza.com/catalogo/autori/NILF25685/erick-fisher/"
"NILF18556";"Fisher, Herbert Albert Laurens";"http://www.fantascienza.com/catalogo/autori/NILF18556/herbert-albert-laurens-fisher/"
"NILF23471";"Fisher, Jude";"http://www.fantascienza.com/catalogo/autori/NILF23471/jude-fisher/"
"NILF11959";"Fisk, Nicholas";"http://www.fantascienza.com/catalogo/autori/NILF11959/nicholas-fisk/"
"NILF11960";"Fisk, Pauline";"http://www.fantascienza.com/catalogo/autori/NILF11960/pauline-fisk/"
"NILF15920";"Fissore, Valerio";"http://www.fantascienza.com/catalogo/autori/NILF15920/valerio-fissore/"
"NILF22807";"Fittante, Aldo";"http://www.fantascienza.com/catalogo/autori/NILF22807/aldo-fittante/"
"NILF20394";"Fitting, Peter";"http://www.fantascienza.com/catalogo/autori/NILF20394/peter-fitting/"
"NILF11962";"Fitz-Gibbon, Constantine";"http://www.fantascienza.com/catalogo/autori/NILF11962/constantine-fitz-gibbon/"
"NILF11963";"Fitzgerald, Francis Scott";"http://www.fantascienza.com/catalogo/autori/NILF11963/francis-scott-fitzgerald/"
"NILF11964";"Fitzgerald, Gillian";"http://www.fantascienza.com/catalogo/autori/NILF11964/gillian-fitzgerald/"
"NILF11966";"Fiumali, Brenno";"http://www.fantascienza.com/catalogo/autori/NILF11966/brenno-fiumali/"
"NILF11968";"Flagg, Francis";"http://www.fantascienza.com/catalogo/autori/NILF11968/francis-flagg/"
"NILF11969";"Flaiano, Ennio";"http://www.fantascienza.com/catalogo/autori/NILF11969/ennio-flaiano/"
"NILF11970";"Flamini, Gianni";"http://www.fantascienza.com/catalogo/autori/NILF11970/gianni-flamini/"
"NILF11971";"Flammarion, Camille";"http://www.fantascienza.com/catalogo/autori/NILF11971/camille-flammarion/"
"NILF24239";"Flanagan, John";"http://www.fantascienza.com/catalogo/autori/NILF24239/john-flanagan/"
"NILF11974";"Flaubert, Gustave";"http://www.fantascienza.com/catalogo/autori/NILF11974/gustave-flaubert/"
"NILF11976";"Fleischer, Leonore";"http://www.fantascienza.com/catalogo/autori/NILF11976/leonore-fleischer/"
"NILF19464";"Fleming, Ian";"http://www.fantascienza.com/catalogo/autori/NILF19464/ian-fleming/"
"NILF11977";"Fleming, Peter";"http://www.fantascienza.com/catalogo/autori/NILF11977/peter-fleming/"
"NILF20784";"Fleming, Thomas";"http://www.fantascienza.com/catalogo/autori/NILF20784/thomas-fleming/"
"NILF25385";"Fletcher, Charlie";"http://www.fantascienza.com/catalogo/autori/NILF25385/charlie-fletcher/"
"NILF17524";"Fletcher, Jo";"http://www.fantascienza.com/catalogo/autori/NILF17524/jo-fletcher/"
"NILF11978";"Fletcher, Joseph S.";"http://www.fantascienza.com/catalogo/autori/NILF11978/joseph-s-fletcher/"
"NILF25012";"Fletcher, Mary Ellen";"http://www.fantascienza.com/catalogo/autori/NILF25012/mary-ellen-fletcher/"
"NILF25743";"Fletcher, Susan";"http://www.fantascienza.com/catalogo/autori/NILF25743/susan-fletcher/"
"NILF17690";"Fleurquin, Félix Obes";"http://www.fantascienza.com/catalogo/autori/NILF17690/f-elix-obes-fleurquin/"
"NILF16956";"Flewelling, Lynn";"http://www.fantascienza.com/catalogo/autori/NILF16956/lynn-flewelling/"
"NILF24450";"Flieger, Verlyn";"http://www.fantascienza.com/catalogo/autori/NILF24450/verlyn-flieger/"
"NILF16192";"Flink, Harvey W.";"http://www.fantascienza.com/catalogo/autori/NILF16192/harvey-w-flink/"
"NILF26663";"Flint, Eric";"http://www.fantascienza.com/catalogo/autori/NILF26663/eric-flint/"
"NILF11980";"Flint, Homer Eon";"http://www.fantascienza.com/catalogo/autori/NILF11980/homer-eon-flint/"
"NILF16232";"Flood, Leslie";"http://www.fantascienza.com/catalogo/autori/NILF16232/leslie-flood/"
"NILF11982";"Flora, Flechter";"http://www.fantascienza.com/catalogo/autori/NILF11982/flechter-flora/"
"NILF11984";"Floreanini, Franco";"http://www.fantascienza.com/catalogo/autori/NILF11984/franco-floreanini/"
"NILF16421";"Flores, Marcello";"http://www.fantascienza.com/catalogo/autori/NILF16421/marcello-flores/"
"NILF25632";"Florio, Monica";"http://www.fantascienza.com/catalogo/autori/NILF25632/monica-florio/"
"NILF11985";"Floris, Giovanni";"http://www.fantascienza.com/catalogo/autori/NILF11985/giovanni-floris/"
"NILF26727";"Floris, Simonmarco";"http://www.fantascienza.com/catalogo/autori/NILF26727/simonmarco-floris/"
"NILF11986";"Floss, Patricia";"http://www.fantascienza.com/catalogo/autori/NILF11986/patricia-floss/"
"NILF18709";"Flower, Pat";"http://www.fantascienza.com/catalogo/autori/NILF18709/pat-flower/"
"NILF11987";"Fluke, Joanne";"http://www.fantascienza.com/catalogo/autori/NILF11987/joanne-fluke/"
"NILF16179";"Flynn, Clarence Edwin";"http://www.fantascienza.com/catalogo/autori/NILF16179/clarence-edwin-flynn/"
"NILF11988";"Flynn, Michael F.";"http://www.fantascienza.com/catalogo/autori/NILF11988/michael-f-flynn/"
"NILF21719";"Flynn, Sean";"http://www.fantascienza.com/catalogo/autori/NILF21719/sean-flynn/"
"NILF22485";"Fo, Dario";"http://www.fantascienza.com/catalogo/autori/NILF22485/dario-fo/"
"NILF24612";"Föcking, Marc";"http://www.fantascienza.com/catalogo/autori/NILF24612/marc-focking/"
"NILF11989";"Foelkel, Ferruccio";"http://www.fantascienza.com/catalogo/autori/NILF11989/ferruccio-foelkel/"
"NILF16162";"Fofi, Goffredo";"http://www.fantascienza.com/catalogo/autori/NILF16162/goffredo-fofi/"
"NILF11990";"Fogazzaro, Antonio";"http://www.fantascienza.com/catalogo/autori/NILF11990/antonio-fogazzaro/"
"NILF24022";"Foglia, Sandro";"http://www.fantascienza.com/catalogo/autori/NILF24022/sandro-foglia/"
"NILF25669";"Fogliani, Flavia";"http://www.fantascienza.com/catalogo/autori/NILF25669/flavia-fogliani/"
"NILF21377";"Foglie, Valerio Mille";"http://www.fantascienza.com/catalogo/autori/NILF21377/valerio-mille-foglie/"
"NILF18350";"Fois, Marcello";"http://www.fantascienza.com/catalogo/autori/NILF18350/marcello-fois/"
"NILF11991";"Folco, Nino";"http://www.fantascienza.com/catalogo/autori/NILF11991/nino-folco/"
"NILF21727";"Folena, Umberto";"http://www.fantascienza.com/catalogo/autori/NILF21727/umberto-folena/"
"NILF11992";"Foley, Charles";"http://www.fantascienza.com/catalogo/autori/NILF11992/charles-foley/"
"NILF11993";"Folin, Angelo";"http://www.fantascienza.com/catalogo/autori/NILF11993/angelo-folin/"
"NILF11994";"Follett, Ken";"http://www.fantascienza.com/catalogo/autori/NILF11994/ken-follett/"
"NILF17561";"Folsom, Allan";"http://www.fantascienza.com/catalogo/autori/NILF17561/allan-folsom/"
"NILF25135";"Fondi, Fabrizio";"http://www.fantascienza.com/catalogo/autori/NILF25135/fabrizio-fondi/"
"NILF19313";"Fondi, Roberto";"http://www.fantascienza.com/catalogo/autori/NILF19313/roberto-fondi/"
"NILF21089";"Foni, Fabrizio";"http://www.fantascienza.com/catalogo/autori/NILF21089/fabrizio-foni/"
"NILF18616";"Fönss, Moghens";"http://www.fantascienza.com/catalogo/autori/NILF18616/moghens-fonss/"
"NILF11995";"Fontana, Bruno";"http://www.fantascienza.com/catalogo/autori/NILF11995/bruno-fontana/"
"NILF11996";"Fontana, D. C.";"http://www.fantascienza.com/catalogo/autori/NILF11996/d-c-fontana/"
"NILF25250";"Fontana, Elda";"http://www.fantascienza.com/catalogo/autori/NILF25250/elda-fontana/"
"NILF11997";"Fontana, Eleonora";"http://www.fantascienza.com/catalogo/autori/NILF11997/eleonora-fontana/"
"NILF23641";"Fontana, Enzo";"http://www.fantascienza.com/catalogo/autori/NILF23641/enzo-fontana/"
"NILF11998";"Fontana, Jean-Pierre";"http://www.fantascienza.com/catalogo/autori/NILF11998/jean-pierre-fontana/"
"NILF20452";"Fontana, Paola";"http://www.fantascienza.com/catalogo/autori/NILF20452/paola-fontana/"
"NILF16743";"Fontana, Paolo";"http://www.fantascienza.com/catalogo/autori/NILF16743/paolo-fontana/"
"NILF11999";"Fontebasso, Annamaria";"http://www.fantascienza.com/catalogo/autori/NILF11999/annamaria-fontebasso/"
"NILF21068";"Fontemaggi, M. C.";"http://www.fantascienza.com/catalogo/autori/NILF21068/m-c-fontemaggi/"
"NILF12000";"Fontenay, Charles L.";"http://www.fantascienza.com/catalogo/autori/NILF12000/charles-l-fontenay/"
"NILF22366";"Fonti, Dario";"http://www.fantascienza.com/catalogo/autori/NILF22366/dario-fonti/"
"NILF19103";"Forchino, Filippo";"http://www.fantascienza.com/catalogo/autori/NILF19103/filippo-forchino/"
"NILF18746";"Ford, Adam";"http://www.fantascienza.com/catalogo/autori/NILF18746/adam-ford/"
"NILF12002";"Ford, John M.";"http://www.fantascienza.com/catalogo/autori/NILF12002/john-m-ford/"
"NILF19959";"Ford, Mike";"http://www.fantascienza.com/catalogo/autori/NILF19959/mike-ford/"
"NILF12003";"Ford, Richard";"http://www.fantascienza.com/catalogo/autori/NILF12003/richard-ford/"
"NILF12006";"Forde, R. A.";"http://www.fantascienza.com/catalogo/autori/NILF12006/r-a-forde/"
"NILF12007";"Foresio, Paolo";"http://www.fantascienza.com/catalogo/autori/NILF12007/paolo-foresio/"
"NILF12008";"Forester, C. S.";"http://www.fantascienza.com/catalogo/autori/NILF12008/c-s-forester/"
"NILF26341";"Forina, Antonella";"http://www.fantascienza.com/catalogo/autori/NILF26341/antonella-forina/"
"NILF12009";"Forina, Danilo";"http://www.fantascienza.com/catalogo/autori/NILF12009/danilo-forina/"
"NILF21973";"Forlenza, Carmen";"http://www.fantascienza.com/catalogo/autori/NILF21973/carmen-forlenza/"
"NILF17598";"Formenti, Carlo";"http://www.fantascienza.com/catalogo/autori/NILF17598/carlo-formenti/"
"NILF23654";"Formichi, Carlo";"http://www.fantascienza.com/catalogo/autori/NILF23654/carlo-formichi/"
"NILF12010";"Formigari, Francesco";"http://www.fantascienza.com/catalogo/autori/NILF12010/francesco-formigari/"
"NILF25988";"Formisano, Alessandro";"http://www.fantascienza.com/catalogo/autori/NILF25988/alessandro-formisano/"
"NILF23689";"Fornari, Luciano";"http://www.fantascienza.com/catalogo/autori/NILF23689/luciano-fornari/"
"NILF21453";"Fornaroli, Enrico";"http://www.fantascienza.com/catalogo/autori/NILF21453/enrico-fornaroli/"
"NILF21912";"Forni, Andrea";"http://www.fantascienza.com/catalogo/autori/NILF21912/andrea-forni/"
"NILF26695";"Foroni, Lorenzo";"http://www.fantascienza.com/catalogo/autori/NILF26695/lorenzo-foroni/"
"NILF24943";"Forrest, David";"http://www.fantascienza.com/catalogo/autori/NILF24943/david-forrest/"
"NILF12011";"Forstchen, William R.";"http://www.fantascienza.com/catalogo/autori/NILF12011/william-r-forstchen/"
"NILF16697";"Forster, Catherine A.";"http://www.fantascienza.com/catalogo/autori/NILF16697/catherine-a-forster/"
"NILF12012";"Forster, E. M.";"http://www.fantascienza.com/catalogo/autori/NILF12012/e-m-forster/"
"NILF12013";"Forsyth, Frederick";"http://www.fantascienza.com/catalogo/autori/NILF12013/frederick-forsyth/"
"NILF19343";"Fort, Charles";"http://www.fantascienza.com/catalogo/autori/NILF19343/charles-fort/"
"NILF17449";"Forte, Andrea";"http://www.fantascienza.com/catalogo/autori/NILF17449/andrea-forte/"
"NILF12014";"Forte, Franco";"http://www.fantascienza.com/catalogo/autori/NILF12014/franco-forte/"
"NILF24793";"Forte, Luigi";"http://www.fantascienza.com/catalogo/autori/NILF24793/luigi-forte/"
"NILF26129";"Fortes, Susana";"http://www.fantascienza.com/catalogo/autori/NILF26129/susana-fortes/"
"NILF12015";"Fortini, Aurelio";"http://www.fantascienza.com/catalogo/autori/NILF12015/aurelio-fortini/"
"NILF16544";"Fortini, Franco";"http://www.fantascienza.com/catalogo/autori/NILF16544/franco-fortini/"
"NILF23607";"Fortuin, Henny";"http://www.fantascienza.com/catalogo/autori/NILF23607/henny-fortuin/"
"NILF23730";"Fortunati, Leopoldina";"http://www.fantascienza.com/catalogo/autori/NILF23730/leopoldina-fortunati/"
"NILF19291";"Fortunati, Vita";"http://www.fantascienza.com/catalogo/autori/NILF19291/vita-fortunati/"
"NILF17968";"Fortunato, Giustino";"http://www.fantascienza.com/catalogo/autori/NILF17968/giustino-fortunato/"
"NILF22580";"Fortune, Dion";"http://www.fantascienza.com/catalogo/autori/NILF22580/dion-fortune/"
"NILF12016";"Forward, Robert L.";"http://www.fantascienza.com/catalogo/autori/NILF12016/robert-l-forward/"
"NILF24714";"Foschi, Franco";"http://www.fantascienza.com/catalogo/autori/NILF24714/franco-foschi/"
"NILF23076";"Foschini, Luigi";"http://www.fantascienza.com/catalogo/autori/NILF23076/luigi-foschini/"
"NILF12017";"Fossati, Franco";"http://www.fantascienza.com/catalogo/autori/NILF12017/franco-fossati/"
"NILF26755";"Fossati, Ugo";"http://www.fantascienza.com/catalogo/autori/NILF26755/ugo-fossati/"
"NILF12018";"Fossemò, Sandro Domenico";"http://www.fantascienza.com/catalogo/autori/NILF12018/sandro-domenico-fossemo/"
"NILF25146";"Fossile, Eleonora";"http://www.fantascienza.com/catalogo/autori/NILF25146/eleonora-fossile/"
"NILF12019";"Foster, Alan Dean";"http://www.fantascienza.com/catalogo/autori/NILF12019/alan-dean-foster/"
"NILF12020";"Foster, Charles";"http://www.fantascienza.com/catalogo/autori/NILF12020/charles-foster/"
"NILF24333";"Foster, Linda";"http://www.fantascienza.com/catalogo/autori/NILF24333/linda-foster/"
"NILF12021";"Foster, M. A.";"http://www.fantascienza.com/catalogo/autori/NILF12021/m-a-foster/"
"NILF23657";"Foti, Claudio";"http://www.fantascienza.com/catalogo/autori/NILF23657/claudio-foti/"
"NILF24259";"Foti, Mauro";"http://www.fantascienza.com/catalogo/autori/NILF24259/mauro-foti/"
"NILF16961";"Foti, Rosangela";"http://www.fantascienza.com/catalogo/autori/NILF16961/rosangela-foti/"
"NILF25214";"Fouché, ";"http://www.fantascienza.com/catalogo/autori/NILF25214/-fouch-e/"
"NILF12022";"Four, Edgar";"http://www.fantascienza.com/catalogo/autori/NILF12022/edgar-four/"
"NILF12023";"Four, P. D.";"http://www.fantascienza.com/catalogo/autori/NILF12023/p-d-four/"
"NILF21334";"Fourier, Charles";"http://www.fantascienza.com/catalogo/autori/NILF21334/charles-fourier/"
"NILF18147";"Fovanna, Enrico";"http://www.fantascienza.com/catalogo/autori/NILF18147/enrico-fovanna/"
"NILF12024";"Fowler, Christopher";"http://www.fantascienza.com/catalogo/autori/NILF12024/christopher-fowler/"
"NILF12025";"Fowler, Karen Joy";"http://www.fantascienza.com/catalogo/autori/NILF12025/karen-joy-fowler/"
"NILF17521";"Fox, Daniel";"http://www.fantascienza.com/catalogo/autori/NILF17521/daniel-fox/"
"NILF12026";"Fox, Gardner F.";"http://www.fantascienza.com/catalogo/autori/NILF12026/gardner-f-fox/"
"NILF12027";"Fox, Janet";"http://www.fantascienza.com/catalogo/autori/NILF12027/janet-fox/"
"NILF20520";"Fraccaroli, Arnaldo";"http://www.fantascienza.com/catalogo/autori/NILF20520/arnaldo-fraccaroli/"
"NILF18412";"Fracchia, Michele";"http://www.fantascienza.com/catalogo/autori/NILF18412/michele-fracchia/"
"NILF22486";"Fracci, Carla";"http://www.fantascienza.com/catalogo/autori/NILF22486/carla-fracci/"
"NILF12028";"Frahm, Leanne";"http://www.fantascienza.com/catalogo/autori/NILF12028/leanne-frahm/"
"NILF12029";"Frakes, Randall";"http://www.fantascienza.com/catalogo/autori/NILF12029/randall-frakes/"
"NILF23749";"Frame, Janet";"http://www.fantascienza.com/catalogo/autori/NILF23749/janet-frame/"
"NILF22650";"Francato, Fabrizio";"http://www.fantascienza.com/catalogo/autori/NILF22650/fabrizio-francato/"
"NILF12030";"France, Anatole";"http://www.fantascienza.com/catalogo/autori/NILF12030/anatole-france/"
"NILF24401";"Frances, C.";"http://www.fantascienza.com/catalogo/autori/NILF24401/c-frances/"
"NILF12031";"Frances, Stephen";"http://www.fantascienza.com/catalogo/autori/NILF12031/stephen-frances/"
"NILF25068";"Franceschi, Andrea";"http://www.fantascienza.com/catalogo/autori/NILF25068/andrea-franceschi/"
"NILF17345";"Franceschini, Enrico";"http://www.fantascienza.com/catalogo/autori/NILF17345/enrico-franceschini/"
"NILF20891";"Francesconi, Giancarlo";"http://www.fantascienza.com/catalogo/autori/NILF20891/giancarlo-francesconi/"
"NILF21892";"Franchetti, Elena";"http://www.fantascienza.com/catalogo/autori/NILF21892/elena-franchetti/"
"NILF12035";"Franchetti, Gino";"http://www.fantascienza.com/catalogo/autori/NILF12035/gino-franchetti/"
"NILF19359";"Franchetti, Giorgio";"http://www.fantascienza.com/catalogo/autori/NILF19359/giorgio-franchetti/"
"NILF18480";"Franchi, Anna";"http://www.fantascienza.com/catalogo/autori/NILF18480/anna-franchi/"
"NILF12037";"Franchi, Silvia";"http://www.fantascienza.com/catalogo/autori/NILF12037/silvia-franchi/"
"NILF18903";"Franchini, Antonio";"http://www.fantascienza.com/catalogo/autori/NILF18903/antonio-franchini/"
"NILF16558";"Franci, Giovanna";"http://www.fantascienza.com/catalogo/autori/NILF16558/giovanna-franci/"
"NILF21522";"Francia, Rudy";"http://www.fantascienza.com/catalogo/autori/NILF21522/rudy-francia/"
"NILF12039";"Francis, H. G.";"http://www.fantascienza.com/catalogo/autori/NILF12039/h-g-francis/"
"NILF12040";"Francis, Lee";"http://www.fantascienza.com/catalogo/autori/NILF12040/lee-francis/"
"NILF25538";"Franco, Andrea";"http://www.fantascienza.com/catalogo/autori/NILF25538/andrea-franco/"
"NILF17583";"Franco, Ernesto";"http://www.fantascienza.com/catalogo/autori/NILF17583/ernesto-franco/"
"NILF19628";"Franco, P. Gio. Giuseppe";"http://www.fantascienza.com/catalogo/autori/NILF19628/p-gio-giuseppe-franco/"
"NILF16351";"Franconeri, Francesco";"http://www.fantascienza.com/catalogo/autori/NILF16351/francesco-franconeri/"
"NILF16639";"Frandini, Paola";"http://www.fantascienza.com/catalogo/autori/NILF16639/paola-frandini/"
"NILF22776";"Frank, Anna";"http://www.fantascienza.com/catalogo/autori/NILF22776/anna-frank/"
"NILF21191";"Frank, Eduard";"http://www.fantascienza.com/catalogo/autori/NILF21191/eduard-frank/"
"NILF12042";"Frank, Janrae";"http://www.fantascienza.com/catalogo/autori/NILF12042/janrae-frank/"
"NILF12043";"Frank, Pat";"http://www.fantascienza.com/catalogo/autori/NILF12043/pat-frank/"
"NILF22241";"Frank, Richard B.";"http://www.fantascienza.com/catalogo/autori/NILF22241/richard-b-frank/"
"NILF12044";"Franke, Herbert W.";"http://www.fantascienza.com/catalogo/autori/NILF12044/herbert-w-franke/"
"NILF12045";"Frankel, Linda";"http://www.fantascienza.com/catalogo/autori/NILF12045/linda-frankel/"
"NILF12046";"Franklin, Benjamin";"http://www.fantascienza.com/catalogo/autori/NILF12046/benjamin-franklin/"
"NILF12049";"Frankowski, Leo";"http://www.fantascienza.com/catalogo/autori/NILF12049/leo-frankowski/"
"NILF12050";"Franson, Donald";"http://www.fantascienza.com/catalogo/autori/NILF12050/donald-franson/"
"NILF21585";"Franzese, Sergio";"http://www.fantascienza.com/catalogo/autori/NILF21585/sergio-franzese/"
"NILF12052";"Franzi, Frank";"http://www.fantascienza.com/catalogo/autori/NILF12052/frank-franzi/"
"NILF18142";"Franzin, Mauro";"http://www.fantascienza.com/catalogo/autori/NILF18142/mauro-franzin/"
"NILF23798";"Franzini, Elio";"http://www.fantascienza.com/catalogo/autori/NILF23798/elio-franzini/"
"NILF24048";"Franzisko, ";"http://www.fantascienza.com/catalogo/autori/NILF24048/-franzisko/"
"NILF22868";"Franzoso, Marco";"http://www.fantascienza.com/catalogo/autori/NILF22868/marco-franzoso/"
"NILF20276";"Franzutti, Franco";"http://www.fantascienza.com/catalogo/autori/NILF20276/franco-franzutti/"
"NILF16733";"Frasca, Gabriele";"http://www.fantascienza.com/catalogo/autori/NILF16733/gabriele-frasca/"
"NILF21050";"Frascati, Daniela";"http://www.fantascienza.com/catalogo/autori/NILF21050/daniela-frascati/"
"NILF12054";"Fraser, Antonia";"http://www.fantascienza.com/catalogo/autori/NILF12054/antonia-fraser/"
"NILF17547";"Fraser, Hugh";"http://www.fantascienza.com/catalogo/autori/NILF17547/hugh-fraser/"
"NILF22617";"Frassetto, Stefano";"http://www.fantascienza.com/catalogo/autori/NILF22617/stefano-frassetto/"
"NILF25045";"Frassineti, Augusto";"http://www.fantascienza.com/catalogo/autori/NILF25045/augusto-frassineti/"
"NILF20540";"Fratelli, Arnaldo";"http://www.fantascienza.com/catalogo/autori/NILF20540/arnaldo-fratelli/"
"NILF26623";"Frati, David";"http://www.fantascienza.com/catalogo/autori/NILF26623/david-frati/"
"NILF25490";"Fraticelli, Luigi Henry";"http://www.fantascienza.com/catalogo/autori/NILF25490/luigi-henry-fraticelli/"
"NILF22952";"Fratta, Pietro";"http://www.fantascienza.com/catalogo/autori/NILF22952/pietro-fratta/"
"NILF12055";"Frattin, Massimo";"http://www.fantascienza.com/catalogo/autori/NILF12055/massimo-frattin/"
"NILF24001";"Frattini, Mario";"http://www.fantascienza.com/catalogo/autori/NILF24001/mario-frattini/"
"NILF19371";"Frau, Dalmazio";"http://www.fantascienza.com/catalogo/autori/NILF19371/dalmazio-frau/"
"NILF23964";"Fraudet, René";"http://www.fantascienza.com/catalogo/autori/NILF23964/ren-e-fraudet/"
"NILF16207";"Frayling, Christopher";"http://www.fantascienza.com/catalogo/autori/NILF16207/christopher-frayling/"
"NILF12057";"Frazee, Steve";"http://www.fantascienza.com/catalogo/autori/NILF12057/steve-frazee/"
"NILF16466";"Frazer, James George";"http://www.fantascienza.com/catalogo/autori/NILF16466/james-george-frazer/"
"NILF12058";"Frazer, Shamus";"http://www.fantascienza.com/catalogo/autori/NILF12058/shamus-frazer/"
"NILF12059";"Frazetta, Frank";"http://www.fantascienza.com/catalogo/autori/NILF12059/frank-frazetta/"
"NILF12060";"Frazier, Robert";"http://www.fantascienza.com/catalogo/autori/NILF12060/robert-frazier/"
"NILF12061";"Frecchio, Michelangelo";"http://www.fantascienza.com/catalogo/autori/NILF12061/michelangelo-frecchio/"
"NILF20395";"Freda, Riccardo";"http://www.fantascienza.com/catalogo/autori/NILF20395/riccardo-freda/"
"NILF23386";"Freddi, Gaspare";"http://www.fantascienza.com/catalogo/autori/NILF23386/gaspare-freddi/"
"NILF12062";"Frede, Richard";"http://www.fantascienza.com/catalogo/autori/NILF12062/richard-frede/"
"NILF20943";"Frediani, Graziano";"http://www.fantascienza.com/catalogo/autori/NILF20943/graziano-frediani/"
"NILF22118";"Fredy, Ben";"http://www.fantascienza.com/catalogo/autori/NILF22118/ben-fredy/"
"NILF12065";"Freeman, Yalla";"http://www.fantascienza.com/catalogo/autori/NILF12065/yalla-freeman/"
"NILF17852";"Freeze, Wayne";"http://www.fantascienza.com/catalogo/autori/NILF17852/wayne-freeze/"
"NILF12066";"Freff, ";"http://www.fantascienza.com/catalogo/autori/NILF12066/-freff/"
"NILF22584";"Freguglia, Gian Franco";"http://www.fantascienza.com/catalogo/autori/NILF22584/gian-franco-freguglia/"
"NILF12067";"Freiová, Ludmila";"http://www.fantascienza.com/catalogo/autori/NILF12067/ludmila-freiov-a/"
"NILF15985";"Freitas Jr., Robert A.";"http://www.fantascienza.com/catalogo/autori/NILF15985/robert-a-freitas-jr/"
"NILF12068";"Fremlin, Celia";"http://www.fantascienza.com/catalogo/autori/NILF12068/celia-fremlin/"
"NILF19583";"French, Allen";"http://www.fantascienza.com/catalogo/autori/NILF19583/allen-french/"
"NILF16545";"Freschi, Marino";"http://www.fantascienza.com/catalogo/autori/NILF16545/marino-freschi/"
"NILF22869";"Freund, Peter";"http://www.fantascienza.com/catalogo/autori/NILF22869/peter-freund/"
"NILF21920";"Frey, Alec";"http://www.fantascienza.com/catalogo/autori/NILF21920/alec-frey/"
"NILF12070";"Frey, Mary K.";"http://www.fantascienza.com/catalogo/autori/NILF12070/mary-k-frey/"
"NILF21236";"Frezza, Gino";"http://www.fantascienza.com/catalogo/autori/NILF21236/gino-frezza/"
"NILF12071";"Friday, Jo";"http://www.fantascienza.com/catalogo/autori/NILF12071/jo-friday/"
"NILF17374";"Friedell, Egon";"http://www.fantascienza.com/catalogo/autori/NILF17374/egon-friedell/"
"NILF17480";"Friedman, Bruce Jay";"http://www.fantascienza.com/catalogo/autori/NILF17480/bruce-jay-friedman/"
"NILF16953";"Friedman, C. S.";"http://www.fantascienza.com/catalogo/autori/NILF16953/c-s-friedman/"
"NILF12074";"Friedman, Michael J.";"http://www.fantascienza.com/catalogo/autori/NILF12074/michael-j-friedman/"
"NILF12075";"Friedman, Philip";"http://www.fantascienza.com/catalogo/autori/NILF12075/philip-friedman/"
"NILF12076";"Friedman, Stuart";"http://www.fantascienza.com/catalogo/autori/NILF12076/stuart-friedman/"
"NILF22544";"Friel, George";"http://www.fantascienza.com/catalogo/autori/NILF22544/george-friel/"
"NILF12077";"Friend, Oscar J.";"http://www.fantascienza.com/catalogo/autori/NILF12077/oscar-j-friend/"
"NILF12078";"Friesner, Esther M.";"http://www.fantascienza.com/catalogo/autori/NILF12078/esther-m-friesner/"
"NILF17422";"Frigerio, Marco";"http://www.fantascienza.com/catalogo/autori/NILF17422/marco-frigerio/"
"NILF23492";"Frini, Roberto";"http://www.fantascienza.com/catalogo/autori/NILF23492/roberto-frini/"
"NILF12079";"Frisbie, Robert Dean";"http://www.fantascienza.com/catalogo/autori/NILF12079/robert-dean-frisbie/"
"NILF12080";"Frischmuth, Barbara";"http://www.fantascienza.com/catalogo/autori/NILF12080/barbara-frischmuth/"
"NILF12081";"Friscia, Giuseppe";"http://www.fantascienza.com/catalogo/autori/NILF12081/giuseppe-friscia/"
"NILF16307";"Frisia, Emilio";"http://www.fantascienza.com/catalogo/autori/NILF16307/emilio-frisia/"
"NILF12082";"Fristoe, Tom";"http://www.fantascienza.com/catalogo/autori/NILF12082/tom-fristoe/"
"NILF12083";"Fritch, Charles E.";"http://www.fantascienza.com/catalogo/autori/NILF12083/charles-e-fritch/"
"NILF12084";"Frith, Nigel";"http://www.fantascienza.com/catalogo/autori/NILF12084/nigel-frith/"
"NILF22174";"Fritsch, Max";"http://www.fantascienza.com/catalogo/autori/NILF22174/max-fritsch/"
"NILF17517";"Frizzera, Ruben";"http://www.fantascienza.com/catalogo/autori/NILF17517/ruben-frizzera/"
"NILF20796";"Fromkin, David";"http://www.fantascienza.com/catalogo/autori/NILF20796/david-fromkin/"
"NILF24651";"Fromm, Erich";"http://www.fantascienza.com/catalogo/autori/NILF24651/erich-fromm/"
"NILF18384";"Frosali, Fabrizio";"http://www.fantascienza.com/catalogo/autori/NILF18384/fabrizio-frosali/"
"NILF19694";"Frosali, Sergio";"http://www.fantascienza.com/catalogo/autori/NILF19694/sergio-frosali/"
"NILF12085";"Frosini, Patrizio";"http://www.fantascienza.com/catalogo/autori/NILF12085/patrizio-frosini/"
"NILF12086";"Frost, George Loring";"http://www.fantascienza.com/catalogo/autori/NILF12086/george-loring-frost/"
"NILF12087";"Frost, Gregory";"http://www.fantascienza.com/catalogo/autori/NILF12087/gregory-frost/"
"NILF12088";"Frost, Mark";"http://www.fantascienza.com/catalogo/autori/NILF12088/mark-frost/"
"NILF24560";"Frugoni, Chiara";"http://www.fantascienza.com/catalogo/autori/NILF24560/chiara-frugoni/"
"NILF16728";"Frullini, Andrea";"http://www.fantascienza.com/catalogo/autori/NILF16728/andrea-frullini/"
"NILF12090";"Fruttero, Carlo";"http://www.fantascienza.com/catalogo/autori/NILF12090/carlo-fruttero/"
"NILF17535";"Fry, Colin R.";"http://www.fantascienza.com/catalogo/autori/NILF17535/colin-r-fry/"
"NILF19950";"Fry, Stephen";"http://www.fantascienza.com/catalogo/autori/NILF19950/stephen-fry/"
"NILF20877";"Frysne, Harold J.";"http://www.fantascienza.com/catalogo/autori/NILF20877/harold-j-frysne/"
"NILF16666";"Fubini, Emanuela";"http://www.fantascienza.com/catalogo/autori/NILF16666/emanuela-fubini/"
"NILF24517";"Fucci, Vanni";"http://www.fantascienza.com/catalogo/autori/NILF24517/vanni-fucci/"
"NILF22335";"Fuchs, Ernst";"http://www.fantascienza.com/catalogo/autori/NILF22335/ernst-fuchs/"
"NILF21735";"Fucile, Gennaro";"http://www.fantascienza.com/catalogo/autori/NILF21735/gennaro-fucile/"
"NILF12091";"Fucini, Renato";"http://www.fantascienza.com/catalogo/autori/NILF12091/renato-fucini/"
"NILF18818";"Fuenmayor, José Felix";"http://www.fantascienza.com/catalogo/autori/NILF18818/jos-e-felix-fuenmayor/"
"NILF12092";"Fuentes, Carlos";"http://www.fantascienza.com/catalogo/autori/NILF12092/carlos-fuentes/"
"NILF12094";"Fuiano, Roberto";"http://www.fantascienza.com/catalogo/autori/NILF12094/roberto-fuiano/"
"NILF12093";"Fuks, Ladislaw";"http://www.fantascienza.com/catalogo/autori/NILF12093/ladislaw-fuks/"
"NILF25617";"Fukui, Isamu";"http://www.fantascienza.com/catalogo/autori/NILF25617/isamu-fukui/"
"NILF24565";"Fulchignoni, Enrico";"http://www.fantascienza.com/catalogo/autori/NILF24565/enrico-fulchignoni/"
"NILF16123";"Fulchignoni, Marcello";"http://www.fantascienza.com/catalogo/autori/NILF16123/marcello-fulchignoni/"
"NILF18957";"Fulci, Antonella";"http://www.fantascienza.com/catalogo/autori/NILF18957/antonella-fulci/"
"NILF12095";"Fulci, Lucio";"http://www.fantascienza.com/catalogo/autori/NILF12095/lucio-fulci/"
"NILF24824";"Fulizio, Aldo";"http://www.fantascienza.com/catalogo/autori/NILF24824/aldo-fulizio/"
"NILF22708";"Fuller, B.";"http://www.fantascienza.com/catalogo/autori/NILF22708/b-fuller/"
"NILF12096";"Fuller, John G.";"http://www.fantascienza.com/catalogo/autori/NILF12096/john-g-fuller/"
"NILF24147";"Fuller, Roger";"http://www.fantascienza.com/catalogo/autori/NILF24147/roger-fuller/"
"NILF26305";"Fulton, Audrey";"http://www.fantascienza.com/catalogo/autori/NILF26305/audrey-fulton/"
"NILF21500";"Fumagalli, G.";"http://www.fantascienza.com/catalogo/autori/NILF21500/g-fumagalli/"
"NILF16690";"Fumagalli, Maddalena";"http://www.fantascienza.com/catalogo/autori/NILF16690/maddalena-fumagalli/"
"NILF22705";"Funke, Cornelia";"http://www.fantascienza.com/catalogo/autori/NILF22705/cornelia-funke/"
"NILF24542";"Furbetta, Luciana";"http://www.fantascienza.com/catalogo/autori/NILF24542/luciana-furbetta/"
"NILF16954";"Furey, Maggie";"http://www.fantascienza.com/catalogo/autori/NILF16954/maggie-furey/"
"NILF22468";"Furlani, Roberto";"http://www.fantascienza.com/catalogo/autori/NILF22468/roberto-furlani/"
"NILF23163";"Furlong, Monica";"http://www.fantascienza.com/catalogo/autori/NILF23163/monica-furlong/"
"NILF18935";"Furst, Heather Smith";"http://www.fantascienza.com/catalogo/autori/NILF18935/heather-smith-furst/"
"NILF18271";"Furst, Henry";"http://www.fantascienza.com/catalogo/autori/NILF18271/henry-furst/"
"NILF12097";"Fuschi, Giulio";"http://www.fantascienza.com/catalogo/autori/NILF12097/giulio-fuschi/"
"NILF23077";"Fusco, Paolo";"http://www.fantascienza.com/catalogo/autori/NILF23077/paolo-fusco/"
"NILF16100";"Fusco, Sebastiano";"http://www.fantascienza.com/catalogo/autori/NILF16100/sebastiano-fusco/"
"NILF16866";"Fusi, Claudio Bruneri";"http://www.fantascienza.com/catalogo/autori/NILF16866/claudio-bruneri-fusi/"
"NILF18717";"Fusilli, Remo";"http://www.fantascienza.com/catalogo/autori/NILF18717/remo-fusilli/"
"NILF20984";"Fusillo, Massimo";"http://www.fantascienza.com/catalogo/autori/NILF20984/massimo-fusillo/"
"NILF16585";"Fusini, Nadia";"http://www.fantascienza.com/catalogo/autori/NILF16585/nadia-fusini/"
"NILF21931";"Fussell, Paul";"http://www.fantascienza.com/catalogo/autori/NILF21931/paul-fussell/"
"NILF19741";"Futrelle, Giacomo";"http://www.fantascienza.com/catalogo/autori/NILF19741/giacomo-futrelle/"
"NILF16110";"Futuria, ";"http://www.fantascienza.com/catalogo/autori/NILF16110/-futuria/"
"NILF16831";"Futuro, ";"http://www.fantascienza.com/catalogo/autori/NILF16831/-futuro/"
"NILF16832";"Futuro Europa, ";"http://www.fantascienza.com/catalogo/autori/NILF16832/-futuro-europa/"
"NILF12098";"Fyfe, H. B.";"http://www.fantascienza.com/catalogo/autori/NILF12098/h-b-fyfe/"
