"NILF21419";"G., ";"http://www.fantascienza.com/catalogo/autori/NILF21419/-g/"
"NILF15999";"G., F.";"http://www.fantascienza.com/catalogo/autori/NILF15999/f-g/"
"NILF24268";"G., V.";"http://www.fantascienza.com/catalogo/autori/NILF24268/v-g/"
"NILF25794";"G. B. Et Alii, ";"http://www.fantascienza.com/catalogo/autori/NILF25794/-g-b-et-alii/"
"NILF18906";"Gaarder, Jostein";"http://www.fantascienza.com/catalogo/autori/NILF18906/jostein-gaarder/"
"NILF12099";"Gabaldon, Diana";"http://www.fantascienza.com/catalogo/autori/NILF12099/diana-gabaldon/"
"NILF12100";"Gabella, Fabrizio";"http://www.fantascienza.com/catalogo/autori/NILF12100/fabrizio-gabella/"
"NILF25730";"Gablé, Rebecca";"http://www.fantascienza.com/catalogo/autori/NILF25730/rebecca-gabl-e/"
"NILF22177";"Gaboriau, Emile";"http://www.fantascienza.com/catalogo/autori/NILF22177/emile-gaboriau/"
"NILF19190";"Gabri, Gabriele";"http://www.fantascienza.com/catalogo/autori/NILF19190/gabriele-gabri/"
"NILF25841";"Gabrieli, Vittorio";"http://www.fantascienza.com/catalogo/autori/NILF25841/vittorio-gabrieli/"
"NILF22538";"Gabrini, Davide Rebus";"http://www.fantascienza.com/catalogo/autori/NILF22538/davide-rebus-gabrini/"
"NILF12101";"Gabutti, Diego";"http://www.fantascienza.com/catalogo/autori/NILF12101/diego-gabutti/"
"NILF24478";"Gadd, Ben";"http://www.fantascienza.com/catalogo/autori/NILF24478/ben-gadd/"
"NILF16840";"Gadducci, Fabio";"http://www.fantascienza.com/catalogo/autori/NILF16840/fabio-gadducci/"
"NILF19511";"Gadola, Erica";"http://www.fantascienza.com/catalogo/autori/NILF19511/erica-gadola/"
"NILF12102";"Gaetani, Enrico";"http://www.fantascienza.com/catalogo/autori/NILF12102/enrico-gaetani/"
"NILF12103";"Gaffo, Mauro";"http://www.fantascienza.com/catalogo/autori/NILF12103/mauro-gaffo/"
"NILF17954";"Gagliani, William D.";"http://www.fantascienza.com/catalogo/autori/NILF17954/william-d-gagliani/"
"NILF16261";"Gagliardi, Iosè Antonio";"http://www.fantascienza.com/catalogo/autori/NILF16261/iose-antonio-gagliardi/"
"NILF24806";"Gagliardo, Chicca";"http://www.fantascienza.com/catalogo/autori/NILF24806/chicca-gagliardo/"
"NILF22461";"Gai, Piero";"http://www.fantascienza.com/catalogo/autori/NILF22461/piero-gai/"
"NILF12105";"Gaiga, Lorenzo";"http://www.fantascienza.com/catalogo/autori/NILF12105/lorenzo-gaiga/"
"NILF20606";"Gailor, Denis";"http://www.fantascienza.com/catalogo/autori/NILF20606/denis-gailor/"
"NILF12106";"Gaiman, Neil";"http://www.fantascienza.com/catalogo/autori/NILF12106/neil-gaiman/"
"NILF25210";"Gaite, Carmen Martín";"http://www.fantascienza.com/catalogo/autori/NILF25210/carmen-mart-in-gaite/"
"NILF16114";"Gaither, Donald";"http://www.fantascienza.com/catalogo/autori/NILF16114/donald-gaither/"
"NILF24136";"Galanti, Emanuela";"http://www.fantascienza.com/catalogo/autori/NILF24136/emanuela-galanti/"
"NILF26456";"Galassi, Samuele";"http://www.fantascienza.com/catalogo/autori/NILF26456/samuele-galassi/"
"NILF16064";"Galassia, ";"http://www.fantascienza.com/catalogo/autori/NILF16064/-galassia/"
"NILF16244";"Galassino, ";"http://www.fantascienza.com/catalogo/autori/NILF16244/-galassino/"
"NILF17467";"Galasso, Eugen";"http://www.fantascienza.com/catalogo/autori/NILF17467/eugen-galasso/"
"NILF26347";"Galateria, Daria";"http://www.fantascienza.com/catalogo/autori/NILF26347/daria-galateria/"
"NILF24074";"Galatioto, Marina";"http://www.fantascienza.com/catalogo/autori/NILF24074/marina-galatioto/"
"NILF16048";"Galaxy, ";"http://www.fantascienza.com/catalogo/autori/NILF16048/-galaxy/"
"NILF16292";"Galbato, Todaro";"http://www.fantascienza.com/catalogo/autori/NILF16292/todaro-galbato/"
"NILF12107";"Galbraight, Winifred";"http://www.fantascienza.com/catalogo/autori/NILF12107/winifred-galbraight/"
"NILF20717";"Galbraith, Lettice";"http://www.fantascienza.com/catalogo/autori/NILF20717/lettice-galbraith/"
"NILF20202";"Galdi, Gino";"http://www.fantascienza.com/catalogo/autori/NILF20202/gino-galdi/"
"NILF24720";"Galdós, Benito Pérez";"http://www.fantascienza.com/catalogo/autori/NILF24720/benito-p-erez-gald-os/"
"NILF20808";"Gale, David";"http://www.fantascienza.com/catalogo/autori/NILF20808/david-gale/"
"NILF12108";"Galef, David";"http://www.fantascienza.com/catalogo/autori/NILF12108/david-galef/"
"NILF25535";"Galella, Maria";"http://www.fantascienza.com/catalogo/autori/NILF25535/maria-galella/"
"NILF21493";"Galeotti, Piero";"http://www.fantascienza.com/catalogo/autori/NILF21493/piero-galeotti/"
"NILF25616";"Galfard, Christophe";"http://www.fantascienza.com/catalogo/autori/NILF25616/christophe-galfard/"
"NILF21312";"Galiazzo, Matteo";"http://www.fantascienza.com/catalogo/autori/NILF21312/matteo-galiazzo/"
"NILF25329";"Galla, Andrea";"http://www.fantascienza.com/catalogo/autori/NILF25329/andrea-galla/"
"NILF12109";"Gallagher, Steve";"http://www.fantascienza.com/catalogo/autori/NILF12109/steve-gallagher/"
"NILF16706";"Gallagher, William B.";"http://www.fantascienza.com/catalogo/autori/NILF16706/william-b-gallagher/"
"NILF12110";"Galland, Antoine";"http://www.fantascienza.com/catalogo/autori/NILF12110/antoine-galland/"
"NILF12111";"Gallant, Mavis";"http://www.fantascienza.com/catalogo/autori/NILF12111/mavis-gallant/"
"NILF18796";"Gallegos, Rómulo";"http://www.fantascienza.com/catalogo/autori/NILF18796/r-omulo-gallegos/"
"NILF17631";"Gallenzi, Alessandro";"http://www.fantascienza.com/catalogo/autori/NILF17631/alessandro-gallenzi/"
"NILF23694";"Galletti, Marina";"http://www.fantascienza.com/catalogo/autori/NILF23694/marina-galletti/"
"NILF12112";"Galletti, Massimo";"http://www.fantascienza.com/catalogo/autori/NILF12112/massimo-galletti/"
"NILF25029";"Galletto, Anna Maria Emira";"http://www.fantascienza.com/catalogo/autori/NILF25029/anna-maria-emira-galletto/"
"NILF16897";"Galli, Bruno";"http://www.fantascienza.com/catalogo/autori/NILF16897/bruno-galli/"
"NILF19622";"Galli, Giorgio";"http://www.fantascienza.com/catalogo/autori/NILF19622/giorgio-galli/"
"NILF12113";"Galliani, Stefano";"http://www.fantascienza.com/catalogo/autori/NILF12113/stefano-galliani/"
"NILF12114";"Gallico, Paul";"http://www.fantascienza.com/catalogo/autori/NILF12114/paul-gallico/"
"NILF24357";"Gallier, Tom";"http://www.fantascienza.com/catalogo/autori/NILF24357/tom-gallier/"
"NILF23709";"Gallingani, Daniela";"http://www.fantascienza.com/catalogo/autori/NILF23709/daniela-gallingani/"
"NILF23302";"Gallini, Clara";"http://www.fantascienza.com/catalogo/autori/NILF23302/clara-gallini/"
"NILF12115";"Gallini, Roberta";"http://www.fantascienza.com/catalogo/autori/NILF12115/roberta-gallini/"
"NILF12116";"Gallis, Mauro";"http://www.fantascienza.com/catalogo/autori/NILF12116/mauro-gallis/"
"NILF19548";"Gallo, Claudio";"http://www.fantascienza.com/catalogo/autori/NILF19548/claudio-gallo/"
"NILF12117";"Gallo, Domenico";"http://www.fantascienza.com/catalogo/autori/NILF12117/domenico-gallo/"
"NILF19613";"Gallo, Donald R.";"http://www.fantascienza.com/catalogo/autori/NILF19613/donald-r-gallo/"
"NILF12118";"Gallo, Ermanno";"http://www.fantascienza.com/catalogo/autori/NILF12118/ermanno-gallo/"
"NILF25159";"Gallo, Graziella Frasca";"http://www.fantascienza.com/catalogo/autori/NILF25159/graziella-frasca-gallo/"
"NILF20694";"Gallo, Maria";"http://www.fantascienza.com/catalogo/autori/NILF20694/maria-gallo/"
"NILF26072";"Gallon, Stanley";"http://www.fantascienza.com/catalogo/autori/NILF26072/stanley-gallon/"
"NILF20720";"Gallon, Tom";"http://www.fantascienza.com/catalogo/autori/NILF20720/tom-gallon/"
"NILF17682";"Gallone, Maria";"http://www.fantascienza.com/catalogo/autori/NILF17682/maria-gallone/"
"NILF21384";"Galloni, Fulvio";"http://www.fantascienza.com/catalogo/autori/NILF21384/fulvio-galloni/"
"NILF12119";"Gallotti, Mauro";"http://www.fantascienza.com/catalogo/autori/NILF12119/mauro-gallotti/"
"NILF18997";"Galloway, David B.";"http://www.fantascienza.com/catalogo/autori/NILF18997/david-b-galloway/"
"NILF17507";"Galloway, Janice";"http://www.fantascienza.com/catalogo/autori/NILF17507/janice-galloway/"
"NILF19045";"Galloway, Priscilla";"http://www.fantascienza.com/catalogo/autori/NILF19045/priscilla-galloway/"
"NILF23309";"Gallozzi, Guido";"http://www.fantascienza.com/catalogo/autori/NILF23309/guido-gallozzi/"
"NILF12120";"Gallucci, Matteo Donato";"http://www.fantascienza.com/catalogo/autori/NILF12120/matteo-donato-gallucci/"
"NILF12121";"Gallun, Raymond Z.";"http://www.fantascienza.com/catalogo/autori/NILF12121/raymond-z-gallun/"
"NILF23900";"Galluppi, Enrico";"http://www.fantascienza.com/catalogo/autori/NILF23900/enrico-galluppi/"
"NILF24486";"Gallus, Lorenzo";"http://www.fantascienza.com/catalogo/autori/NILF24486/lorenzo-gallus/"
"NILF17580";"Galluzzi, Fausto";"http://www.fantascienza.com/catalogo/autori/NILF17580/fausto-galluzzi/"
"NILF20856";"Galopin, Arnould";"http://www.fantascienza.com/catalogo/autori/NILF20856/arnould-galopin/"
"NILF12124";"Galouye, Daniel F.";"http://www.fantascienza.com/catalogo/autori/NILF12124/daniel-f-galouye/"
"NILF20356";"Galpin, Alfred";"http://www.fantascienza.com/catalogo/autori/NILF20356/alfred-galpin/"
"NILF12125";"Galsworthy, John";"http://www.fantascienza.com/catalogo/autori/NILF12125/john-galsworthy/"
"NILF12126";"Galt, Jackson";"http://www.fantascienza.com/catalogo/autori/NILF12126/jackson-galt/"
"NILF12127";"Galt, John";"http://www.fantascienza.com/catalogo/autori/NILF12127/john-galt/"
"NILF20406";"Galuzzi, Fausto";"http://www.fantascienza.com/catalogo/autori/NILF20406/fausto-galuzzi/"
"NILF12128";"Galvano, Eugenio";"http://www.fantascienza.com/catalogo/autori/NILF12128/eugenio-galvano/"
"NILF19258";"Gamba, Andrea";"http://www.fantascienza.com/catalogo/autori/NILF19258/andrea-gamba/"
"NILF21956";"Gambaro, Fabio";"http://www.fantascienza.com/catalogo/autori/NILF21956/fabio-gambaro/"
"NILF21320";"Gambaro, Matteo";"http://www.fantascienza.com/catalogo/autori/NILF21320/matteo-gambaro/"
"NILF16198";"Gamberini, Alessandro";"http://www.fantascienza.com/catalogo/autori/NILF16198/alessandro-gamberini/"
"NILF24156";"Gambi, Valentino";"http://www.fantascienza.com/catalogo/autori/NILF24156/valentino-gambi/"
"NILF17944";"Gambogi, Ettore";"http://www.fantascienza.com/catalogo/autori/NILF17944/ettore-gambogi/"
"NILF23382";"Gamerra, Edgardo";"http://www.fantascienza.com/catalogo/autori/NILF23382/edgardo-gamerra/"
"NILF12130";"Ganapini, Daniele";"http://www.fantascienza.com/catalogo/autori/NILF12130/daniele-ganapini/"
"NILF24529";"Gandini, Cristiana";"http://www.fantascienza.com/catalogo/autori/NILF24529/cristiana-gandini/"
"NILF26278";"Gandini, Umberto";"http://www.fantascienza.com/catalogo/autori/NILF26278/umberto-gandini/"
"NILF12131";"Gandolfi, Luca";"http://www.fantascienza.com/catalogo/autori/NILF12131/luca-gandolfi/"
"NILF23336";"Gandolfi, Silvana";"http://www.fantascienza.com/catalogo/autori/NILF23336/silvana-gandolfi/"
"NILF25362";"Gandolfo, Alba";"http://www.fantascienza.com/catalogo/autori/NILF25362/alba-gandolfo/"
"NILF12132";"Gane, Elizabeth";"http://www.fantascienza.com/catalogo/autori/NILF12132/elizabeth-gane/"
"NILF17555";"Gannett, Lewis";"http://www.fantascienza.com/catalogo/autori/NILF17555/lewis-gannett/"
"NILF17589";"Gannon, Sharon";"http://www.fantascienza.com/catalogo/autori/NILF17589/sharon-gannon/"
"NILF12133";"Gansovskij, Sever";"http://www.fantascienza.com/catalogo/autori/NILF12133/sever-gansovskij/"
"NILF12134";"Gant, Matthew";"http://www.fantascienza.com/catalogo/autori/NILF12134/matthew-gant/"
"NILF12135";"Gantz, Kenneth F.";"http://www.fantascienza.com/catalogo/autori/NILF12135/kenneth-f-gantz/"
"NILF24278";"Ganz, Lowell";"http://www.fantascienza.com/catalogo/autori/NILF24278/lowell-ganz/"
"NILF25443";"Garaban', Ewn";"http://www.fantascienza.com/catalogo/autori/NILF25443/ewn-garaban/"
"NILF19568";"Garavaglia, Maria Adele";"http://www.fantascienza.com/catalogo/autori/NILF19568/maria-adele-garavaglia/"
"NILF18104";"Garavello, Alberto";"http://www.fantascienza.com/catalogo/autori/NILF18104/alberto-garavello/"
"NILF12136";"Garavini, Bruno";"http://www.fantascienza.com/catalogo/autori/NILF12136/bruno-garavini/"
"NILF17424";"Garavoglia, Pietro";"http://www.fantascienza.com/catalogo/autori/NILF17424/pietro-garavoglia/"
"NILF19767";"Garbarino, Roberto";"http://www.fantascienza.com/catalogo/autori/NILF19767/roberto-garbarino/"
"NILF16623";"Garber, Frederick";"http://www.fantascienza.com/catalogo/autori/NILF16623/frederick-garber/"
"NILF26618";"Garbero, Davide";"http://www.fantascienza.com/catalogo/autori/NILF26618/davide-garbero/"
"NILF24002";"Garberoglio, Beppe";"http://www.fantascienza.com/catalogo/autori/NILF24002/beppe-garberoglio/"
"NILF25987";"Garbin, Andrea";"http://www.fantascienza.com/catalogo/autori/NILF25987/andrea-garbin/"
"NILF21802";"Garbino, Alberto";"http://www.fantascienza.com/catalogo/autori/NILF21802/alberto-garbino/"
"NILF19132";"Garcia, Eric";"http://www.fantascienza.com/catalogo/autori/NILF19132/eric-garcia/"
"NILF12139";"Garcia, Higinio";"http://www.fantascienza.com/catalogo/autori/NILF12139/higinio-garcia/"
"NILF23495";"García, Laura Gallego";"http://www.fantascienza.com/catalogo/autori/NILF23495/laura-gallego-garc-ia/"
"NILF12138";"Garcia Y Robertson, R.";"http://www.fantascienza.com/catalogo/autori/NILF12138/r-garcia-y-robertson/"
"NILF25767";"García-Clairac, Santiago";"http://www.fantascienza.com/catalogo/autori/NILF25767/santiago-garc-ia-clairac/"
"NILF24190";"Gardé, Dominique";"http://www.fantascienza.com/catalogo/autori/NILF24190/dominique-gard-e/"
"NILF19293";"Gardini, Andrea";"http://www.fantascienza.com/catalogo/autori/NILF19293/andrea-gardini/"
"NILF12140";"Gardini, Carlos";"http://www.fantascienza.com/catalogo/autori/NILF12140/carlos-gardini/"
"NILF23558";"Gardini, Nicola";"http://www.fantascienza.com/catalogo/autori/NILF23558/nicola-gardini/"
"NILF19803";"Gardini, Slai";"http://www.fantascienza.com/catalogo/autori/NILF19803/slai-gardini/"
"NILF18943";"Gardini, Teofilo Lucifero";"http://www.fantascienza.com/catalogo/autori/NILF18943/teofilo-lucifero-gardini/"
"NILF12141";"Gardner, Craig Shaw";"http://www.fantascienza.com/catalogo/autori/NILF12141/craig-shaw-gardner/"
"NILF12142";"Gardner, Erle Stanley";"http://www.fantascienza.com/catalogo/autori/NILF12142/erle-stanley-gardner/"
"NILF24571";"Gardner, Gerald [Brousseau]";"http://www.fantascienza.com/catalogo/autori/NILF24571/gerald-brousseau-gardner/"
"NILF22391";"Gardner, J. J.";"http://www.fantascienza.com/catalogo/autori/NILF22391/j-j-gardner/"
"NILF17228";"Gardner, John";"http://www.fantascienza.com/catalogo/autori/NILF17228/john-gardner/"
"NILF25749";"Gardner, Lyn";"http://www.fantascienza.com/catalogo/autori/NILF25749/lyn-gardner/"
"NILF12143";"Gardner, Martin";"http://www.fantascienza.com/catalogo/autori/NILF12143/martin-gardner/"
"NILF26276";"Gardner, Sally";"http://www.fantascienza.com/catalogo/autori/NILF26276/sally-gardner/"
"NILF22311";"Gardumi, Giacomo";"http://www.fantascienza.com/catalogo/autori/NILF22311/giacomo-gardumi/"
"NILF16778";"Gareffi, Andrea";"http://www.fantascienza.com/catalogo/autori/NILF16778/andrea-gareffi/"
"NILF12144";"Garelli, Domenico";"http://www.fantascienza.com/catalogo/autori/NILF12144/domenico-garelli/"
"NILF23645";"Garello, Francesca";"http://www.fantascienza.com/catalogo/autori/NILF23645/francesca-garello/"
"NILF17540";"Garfield, Frances";"http://www.fantascienza.com/catalogo/autori/NILF17540/frances-garfield/"
"NILF12145";"Garfield, Leon";"http://www.fantascienza.com/catalogo/autori/NILF12145/leon-garfield/"
"NILF21909";"Gargano, Bruno";"http://www.fantascienza.com/catalogo/autori/NILF21909/bruno-gargano/"
"NILF23735";"Gargiulo, Gius";"http://www.fantascienza.com/catalogo/autori/NILF23735/gius-gargiulo/"
"NILF16033";"Gariani, Fabio";"http://www.fantascienza.com/catalogo/autori/NILF16033/fabio-gariani/"
"NILF12146";"Garis, Howard R.";"http://www.fantascienza.com/catalogo/autori/NILF12146/howard-r-garis/"
"NILF18062";"Garland, Mark A.";"http://www.fantascienza.com/catalogo/autori/NILF18062/mark-a-garland/"
"NILF16970";"Garlaschelli, Barbara";"http://www.fantascienza.com/catalogo/autori/NILF16970/barbara-garlaschelli/"
"NILF18819";"Garmendia, Julio";"http://www.fantascienza.com/catalogo/autori/NILF18819/julio-garmendia/"
"NILF24471";"Garner, Alan";"http://www.fantascienza.com/catalogo/autori/NILF24471/alan-garner/"
"NILF18364";"Garner, Judith";"http://www.fantascienza.com/catalogo/autori/NILF18364/judith-garner/"
"NILF12147";"Garner, William";"http://www.fantascienza.com/catalogo/autori/NILF12147/william-garner/"
"NILF20223";"Garnett, David";"http://www.fantascienza.com/catalogo/autori/NILF20223/david-garnett/"
"NILF12148";"Garnett, David S.";"http://www.fantascienza.com/catalogo/autori/NILF12148/david-s-garnett/"
"NILF12149";"Garnett, Richard";"http://www.fantascienza.com/catalogo/autori/NILF12149/richard-garnett/"
"NILF22741";"Garofalo, Marcello";"http://www.fantascienza.com/catalogo/autori/NILF22741/marcello-garofalo/"
"NILF18068";"Garratt, Peter T.";"http://www.fantascienza.com/catalogo/autori/NILF18068/peter-t-garratt/"
"NILF12150";"Garreau, Charles";"http://www.fantascienza.com/catalogo/autori/NILF12150/charles-garreau/"
"NILF12152";"Garrett, Michael";"http://www.fantascienza.com/catalogo/autori/NILF12152/michael-garrett/"
"NILF12153";"Garrett, Randall";"http://www.fantascienza.com/catalogo/autori/NILF12153/randall-garrett/"
"NILF12154";"Garris, Mick";"http://www.fantascienza.com/catalogo/autori/NILF12154/mick-garris/"
"NILF12155";"Garrison, Russ";"http://www.fantascienza.com/catalogo/autori/NILF12155/russ-garrison/"
"NILF12156";"Garro, Elena";"http://www.fantascienza.com/catalogo/autori/NILF12156/elena-garro/"
"NILF12157";"Garro, Emilio";"http://www.fantascienza.com/catalogo/autori/NILF12157/emilio-garro/"
"NILF17957";"Garrone, Virginia Galante";"http://www.fantascienza.com/catalogo/autori/NILF17957/virginia-galante-garrone/"
"NILF12158";"Garton, Ray";"http://www.fantascienza.com/catalogo/autori/NILF12158/ray-garton/"
"NILF23055";"Garuti, Jole";"http://www.fantascienza.com/catalogo/autori/NILF23055/jole-garuti/"
"NILF18545";"Garuti, Maurizio";"http://www.fantascienza.com/catalogo/autori/NILF18545/maurizio-garuti/"
"NILF12159";"Gary, Romain";"http://www.fantascienza.com/catalogo/autori/NILF12159/romain-gary/"
"NILF24514";"Gasbarri, Luisa";"http://www.fantascienza.com/catalogo/autori/NILF24514/luisa-gasbarri/"
"NILF25522";"Gasca, Luis";"http://www.fantascienza.com/catalogo/autori/NILF25522/luis-gasca/"
"NILF12160";"Gaskell, Elizabeth";"http://www.fantascienza.com/catalogo/autori/NILF12160/elizabeth-gaskell/"
"NILF26095";"Gaskell, Jane";"http://www.fantascienza.com/catalogo/autori/NILF26095/jane-gaskell/"
"NILF20369";"Gasparetto, Pier Francesco";"http://www.fantascienza.com/catalogo/autori/NILF20369/pier-francesco-gasparetto/"
"NILF12161";"Gasparini, Gustavo";"http://www.fantascienza.com/catalogo/autori/NILF12161/gustavo-gasparini/"
"NILF24936";"Gasparini, Marco";"http://www.fantascienza.com/catalogo/autori/NILF24936/marco-gasparini/"
"NILF12162";"Gasparri, Gianluigi";"http://www.fantascienza.com/catalogo/autori/NILF12162/gianluigi-gasparri/"
"NILF20934";"Gasperi, Gian Paolo";"http://www.fantascienza.com/catalogo/autori/NILF20934/gian-paolo-gasperi/"
"NILF16332";"Gasperini, Massimo";"http://www.fantascienza.com/catalogo/autori/NILF16332/massimo-gasperini/"
"NILF20332";"Gassman, Vittorio";"http://www.fantascienza.com/catalogo/autori/NILF20332/vittorio-gassman/"
"NILF19655";"Gastaldi, Mara Ombra";"http://www.fantascienza.com/catalogo/autori/NILF19655/mara-ombra-gastaldi/"
"NILF17999";"Gaster, Theodor H.";"http://www.fantascienza.com/catalogo/autori/NILF17999/theodor-h-gaster/"
"NILF12164";"Gastine, Louis";"http://www.fantascienza.com/catalogo/autori/NILF12164/louis-gastine/"
"NILF12165";"Gates, R. Patrick";"http://www.fantascienza.com/catalogo/autori/NILF12165/r-patrick-gates/"
"NILF20416";"Gathorne-Hardy, Jonathan";"http://www.fantascienza.com/catalogo/autori/NILF20416/jonathan-gathorne-hardy/"
"NILF16628";"Gattégno, Jean";"http://www.fantascienza.com/catalogo/autori/NILF16628/jean-gatt-egno/"
"NILF26284";"Gatti, Alessandro";"http://www.fantascienza.com/catalogo/autori/NILF26284/alessandro-gatti/"
"NILF22640";"Gatti, Angelo Z.";"http://www.fantascienza.com/catalogo/autori/NILF22640/angelo-z-gatti/"
"NILF21043";"Gatti, Claudio";"http://www.fantascienza.com/catalogo/autori/NILF21043/claudio-gatti/"
"NILF24944";"Gatti, Fulvio";"http://www.fantascienza.com/catalogo/autori/NILF24944/fulvio-gatti/"
"NILF25131";"Gatti, Roberta";"http://www.fantascienza.com/catalogo/autori/NILF25131/roberta-gatti/"
"NILF24092";"Gatti, Sandro";"http://www.fantascienza.com/catalogo/autori/NILF24092/sandro-gatti/"
"NILF17437";"Gatti, Vincenzo";"http://www.fantascienza.com/catalogo/autori/NILF17437/vincenzo-gatti/"
"NILF23453";"Gatti, Will";"http://www.fantascienza.com/catalogo/autori/NILF23453/will-gatti/"
"NILF18101";"Gattini, Federico";"http://www.fantascienza.com/catalogo/autori/NILF18101/federico-gattini/"
"NILF25639";"Gatto, Ludovico";"http://www.fantascienza.com/catalogo/autori/NILF25639/ludovico-gatto/"
"NILF21490";"Gatto, Melania";"http://www.fantascienza.com/catalogo/autori/NILF21490/melania-gatto/"
"NILF20515";"Gatto, Salvatore";"http://www.fantascienza.com/catalogo/autori/NILF20515/salvatore-gatto/"
"NILF21158";"Gatto, Yuri";"http://www.fantascienza.com/catalogo/autori/NILF21158/yuri-gatto/"
"NILF19545";"Gaudiano, Franco";"http://www.fantascienza.com/catalogo/autori/NILF19545/franco-gaudiano/"
"NILF25965";"Gaudio, Alessandro";"http://www.fantascienza.com/catalogo/autori/NILF25965/alessandro-gaudio/"
"NILF12166";"Gaughan, Jack";"http://www.fantascienza.com/catalogo/autori/NILF12166/jack-gaughan/"
"NILF12167";"Gaut Vel Hartman, Sergio";"http://www.fantascienza.com/catalogo/autori/NILF12167/sergio-gaut-vel-hartman/"
"NILF12168";"Gautier, Théophile";"http://www.fantascienza.com/catalogo/autori/NILF12168/th-eophile-gautier/"
"NILF24536";"Gavazzi, Iris";"http://www.fantascienza.com/catalogo/autori/NILF24536/iris-gavazzi/"
"NILF24802";"Gavin, Jamila";"http://www.fantascienza.com/catalogo/autori/NILF24802/jamila-gavin/"
"NILF22316";"Gavioli, Rossana";"http://www.fantascienza.com/catalogo/autori/NILF22316/rossana-gavioli/"
"NILF24773";"Gawthrop, Valerie Atkinson";"http://www.fantascienza.com/catalogo/autori/NILF24773/valerie-atkinson-gawthrop/"
"NILF12170";"Gayar, H.";"http://www.fantascienza.com/catalogo/autori/NILF12170/h-gayar/"
"NILF24315";"Gazich, Novella";"http://www.fantascienza.com/catalogo/autori/NILF24315/novella-gazich/"
"NILF24888";"Gazzaniga, Riccardo";"http://www.fantascienza.com/catalogo/autori/NILF24888/riccardo-gazzaniga/"
"NILF12171";"Gazzarri, Michele";"http://www.fantascienza.com/catalogo/autori/NILF12171/michele-gazzarri/"
"NILF25059";"Gazzarrini, Ivo";"http://www.fantascienza.com/catalogo/autori/NILF25059/ivo-gazzarrini/"
"NILF25565";"Gazzola, Mario";"http://www.fantascienza.com/catalogo/autori/NILF25565/mario-gazzola/"
"NILF12172";"Gear, Kathleen O'Neal";"http://www.fantascienza.com/catalogo/autori/NILF12172/kathleen-o-neal-gear/"
"NILF12173";"Gear, W. Michael";"http://www.fantascienza.com/catalogo/autori/NILF12173/w-michael-gear/"
"NILF12175";"Geasland, Jack";"http://www.fantascienza.com/catalogo/autori/NILF12175/jack-geasland/"
"NILF23199";"Gecchele, Mario";"http://www.fantascienza.com/catalogo/autori/NILF23199/mario-gecchele/"
"NILF17950";"Geddes, Cindie";"http://www.fantascienza.com/catalogo/autori/NILF17950/cindie-geddes/"
"NILF24704";"Geddo, Terenzio";"http://www.fantascienza.com/catalogo/autori/NILF24704/terenzio-geddo/"
"NILF19972";"Gee, Maggie";"http://www.fantascienza.com/catalogo/autori/NILF19972/maggie-gee/"
"NILF12179";"Geis, Richard E.";"http://www.fantascienza.com/catalogo/autori/NILF12179/richard-e-geis/"
"NILF12180";"Gelb, Jeff";"http://www.fantascienza.com/catalogo/autori/NILF12180/jeff-gelb/"
"NILF24576";"Gelder, Ken";"http://www.fantascienza.com/catalogo/autori/NILF24576/ken-gelder/"
"NILF12181";"Gelichi, Sauro";"http://www.fantascienza.com/catalogo/autori/NILF12181/sauro-gelichi/"
"NILF21554";"Gelli, Piero";"http://www.fantascienza.com/catalogo/autori/NILF21554/piero-gelli/"
"NILF12182";"Gelpi, Piero";"http://www.fantascienza.com/catalogo/autori/NILF12182/piero-gelpi/"
"NILF25352";"Gelsi, Giorgia";"http://www.fantascienza.com/catalogo/autori/NILF25352/giorgia-gelsi/"
"NILF12183";"Gemmell, David";"http://www.fantascienza.com/catalogo/autori/NILF12183/david-gemmell/"
"NILF17605";"Gems, Jonathan";"http://www.fantascienza.com/catalogo/autori/NILF17605/jonathan-gems/"
"NILF20402";"Genge, N. E.";"http://www.fantascienza.com/catalogo/autori/NILF20402/n-e-genge/"
"NILF19159";"Genghini, Marco";"http://www.fantascienza.com/catalogo/autori/NILF19159/marco-genghini/"
"NILF22550";"Genna, Giuseppe";"http://www.fantascienza.com/catalogo/autori/NILF22550/giuseppe-genna/"
"NILF16755";"Gennari, Giuseppe";"http://www.fantascienza.com/catalogo/autori/NILF16755/giuseppe-gennari/"
"NILF20949";"Genovese, Renato";"http://www.fantascienza.com/catalogo/autori/NILF20949/renato-genovese/"
"NILF12184";"Genovesi, Roberto";"http://www.fantascienza.com/catalogo/autori/NILF12184/roberto-genovesi/"
"NILF21444";"Gentile, Carmen";"http://www.fantascienza.com/catalogo/autori/NILF21444/carmen-gentile/"
"NILF17889";"Gentile, Giovanni";"http://www.fantascienza.com/catalogo/autori/NILF17889/giovanni-gentile/"
"NILF25245";"Gentile, Stefania";"http://www.fantascienza.com/catalogo/autori/NILF25245/stefania-gentile/"
"NILF12185";"Gentili, Silvano";"http://www.fantascienza.com/catalogo/autori/NILF12185/silvano-gentili/"
"NILF12186";"Gentle, Mary";"http://www.fantascienza.com/catalogo/autori/NILF12186/mary-gentle/"
"NILF12187";"George, J. Frederick";"http://www.fantascienza.com/catalogo/autori/NILF12187/j-frederick-george/"
"NILF12188";"George, Peter";"http://www.fantascienza.com/catalogo/autori/NILF12188/peter-george/"
"NILF12189";"George, Stephen R.";"http://www.fantascienza.com/catalogo/autori/NILF12189/stephen-r-george/"
"NILF22228";"Gera, Paolo";"http://www.fantascienza.com/catalogo/autori/NILF22228/paolo-gera/"
"NILF25962";"Gerace, Angela Francesca";"http://www.fantascienza.com/catalogo/autori/NILF25962/angela-francesca-gerace/"
"NILF17025";"Geras, Adèle";"http://www.fantascienza.com/catalogo/autori/NILF17025/adele-geras/"
"NILF12191";"Gerelli, Lina";"http://www.fantascienza.com/catalogo/autori/NILF12191/lina-gerelli/"
"NILF18281";"Gerhardi, William";"http://www.fantascienza.com/catalogo/autori/NILF18281/william-gerhardi/"
"NILF12192";"Gernsback, Hugo";"http://www.fantascienza.com/catalogo/autori/NILF12192/hugo-gernsback/"
"NILF19191";"Gerola, Giorgio";"http://www.fantascienza.com/catalogo/autori/NILF19191/giorgio-gerola/"
"NILF19227";"Gerola, Renato";"http://www.fantascienza.com/catalogo/autori/NILF19227/renato-gerola/"
"NILF16762";"Gerosa, Guido";"http://www.fantascienza.com/catalogo/autori/NILF16762/guido-gerosa/"
"NILF19115";"Gerritsen, Tess";"http://www.fantascienza.com/catalogo/autori/NILF19115/tess-gerritsen/"
"NILF12193";"Gerrold, David";"http://www.fantascienza.com/catalogo/autori/NILF12193/david-gerrold/"
"NILF22806";"Gervasini, Mauro";"http://www.fantascienza.com/catalogo/autori/NILF22806/mauro-gervasini/"
"NILF16442";"Gervaso, Roberto";"http://www.fantascienza.com/catalogo/autori/NILF16442/roberto-gervaso/"
"NILF26056";"Gervasone, Simona";"http://www.fantascienza.com/catalogo/autori/NILF26056/simona-gervasone/"
"NILF12194";"Geston, Mark S.";"http://www.fantascienza.com/catalogo/autori/NILF12194/mark-s-geston/"
"NILF19497";"Gewurz, Daniele Alessandro";"http://www.fantascienza.com/catalogo/autori/NILF19497/daniele-alessandro-gewurz/"
"NILF21489";"Ghate, Niranjan S.";"http://www.fantascienza.com/catalogo/autori/NILF21489/niranjan-s-ghate/"
"NILF12196";"Gheorghiu, Georges";"http://www.fantascienza.com/catalogo/autori/NILF12196/georges-gheorghiu/"
"NILF22466";"Ghera, Antonello";"http://www.fantascienza.com/catalogo/autori/NILF22466/antonello-ghera/"
"NILF26084";"Ghersi, Antonio";"http://www.fantascienza.com/catalogo/autori/NILF26084/antonio-ghersi/"
"NILF16528";"Ghezzi, Enrico";"http://www.fantascienza.com/catalogo/autori/NILF16528/enrico-ghezzi/"
"NILF17380";"Ghezzo, Davide";"http://www.fantascienza.com/catalogo/autori/NILF17380/davide-ghezzo/"
"NILF16502";"Ghidetti, Enrico";"http://www.fantascienza.com/catalogo/autori/NILF16502/enrico-ghidetti/"
"NILF24475";"Ghidetti, Giorgio";"http://www.fantascienza.com/catalogo/autori/NILF24475/giorgio-ghidetti/"
"NILF20944";"Ghielmetti, Carlo";"http://www.fantascienza.com/catalogo/autori/NILF20944/carlo-ghielmetti/"
"NILF12197";"Ghilardi, Luciano";"http://www.fantascienza.com/catalogo/autori/NILF12197/luciano-ghilardi/"
"NILF12198";"Ghillani, Danilo";"http://www.fantascienza.com/catalogo/autori/NILF12198/danilo-ghillani/"
"NILF26737";"Ghinelli, Lorenza";"http://www.fantascienza.com/catalogo/autori/NILF26737/lorenza-ghinelli/"
"NILF24995";"Ghion, Paolo";"http://www.fantascienza.com/catalogo/autori/NILF24995/paolo-ghion/"
"NILF24210";"Ghiotto, Renato";"http://www.fantascienza.com/catalogo/autori/NILF24210/renato-ghiotto/"
"NILF12199";"Ghirardelli, Antonio";"http://www.fantascienza.com/catalogo/autori/NILF12199/antonio-ghirardelli/"
"NILF21446";"Ghirardi, Alberto";"http://www.fantascienza.com/catalogo/autori/NILF21446/alberto-ghirardi/"
"NILF26176";"Ghirardi, Federico";"http://www.fantascienza.com/catalogo/autori/NILF26176/federico-ghirardi/"
"NILF12200";"Ghirelli, Antonio";"http://www.fantascienza.com/catalogo/autori/NILF12200/antonio-ghirelli/"
"NILF12201";"Ghirelli, Massimo";"http://www.fantascienza.com/catalogo/autori/NILF12201/massimo-ghirelli/"
"NILF16771";"Ghiri, Riccardo";"http://www.fantascienza.com/catalogo/autori/NILF16771/riccardo-ghiri/"
"NILF20522";"Ghiringhelli, Paolo";"http://www.fantascienza.com/catalogo/autori/NILF20522/paolo-ghiringhelli/"
"NILF12202";"Ghislanzoni, Antonio";"http://www.fantascienza.com/catalogo/autori/NILF12202/antonio-ghislanzoni/"
"NILF17376";"Ghislieri, Gabriella";"http://www.fantascienza.com/catalogo/autori/NILF17376/gabriella-ghislieri/"
"NILF12203";"Gholston, Homer N.";"http://www.fantascienza.com/catalogo/autori/NILF12203/homer-n-gholston/"
"NILF25189";"Ghonim, Mohamed";"http://www.fantascienza.com/catalogo/autori/NILF25189/mohamed-ghonim/"
"NILF17342";"Ghosh, Amitav";"http://www.fantascienza.com/catalogo/autori/NILF17342/amitav-ghosh/"
"NILF23377";"Giaccone, Edgardo";"http://www.fantascienza.com/catalogo/autori/NILF23377/edgardo-giaccone/"
"NILF17707";"Giachetti, Cristiano";"http://www.fantascienza.com/catalogo/autori/NILF17707/cristiano-giachetti/"
"NILF19085";"Giachetti, Silvia";"http://www.fantascienza.com/catalogo/autori/NILF19085/silvia-giachetti/"
"NILF23091";"Giachi, Luigi M.";"http://www.fantascienza.com/catalogo/autori/NILF23091/luigi-m-giachi/"
"NILF16374";"Giachino, Enzo";"http://www.fantascienza.com/catalogo/autori/NILF16374/enzo-giachino/"
"NILF12204";"Giachino, Giuliano";"http://www.fantascienza.com/catalogo/autori/NILF12204/giuliano-giachino/"
"NILF24289";"Giacobbe, Giulio Cesare";"http://www.fantascienza.com/catalogo/autori/NILF24289/giulio-cesare-giacobbe/"
"NILF25741";"Giacobini, Silvana";"http://www.fantascienza.com/catalogo/autori/NILF25741/silvana-giacobini/"
"NILF12205";"Giacomelli, Ernesto";"http://www.fantascienza.com/catalogo/autori/NILF12205/ernesto-giacomelli/"
"NILF17956";"Giacosa, Giuseppe";"http://www.fantascienza.com/catalogo/autori/NILF17956/giuseppe-giacosa/"
"NILF24546";"Giacovelli, Enrico";"http://www.fantascienza.com/catalogo/autori/NILF24546/enrico-giacovelli/"
"NILF12206";"Giambalvo, Franco";"http://www.fantascienza.com/catalogo/autori/NILF12206/franco-giambalvo/"
"NILF23577";"Giammarco, Marilena";"http://www.fantascienza.com/catalogo/autori/NILF23577/marilena-giammarco/"
"NILF22817";"Giammarino, Gaetano";"http://www.fantascienza.com/catalogo/autori/NILF22817/gaetano-giammarino/"
"NILF12207";"Giammarioli, Michele";"http://www.fantascienza.com/catalogo/autori/NILF12207/michele-giammarioli/"
"NILF12208";"Giampietro, Guido";"http://www.fantascienza.com/catalogo/autori/NILF12208/guido-giampietro/"
"NILF16618";"Giancane, Daniele";"http://www.fantascienza.com/catalogo/autori/NILF16618/daniele-giancane/"
"NILF23375";"Gianella, Aristide Marino";"http://www.fantascienza.com/catalogo/autori/NILF23375/aristide-marino-gianella/"
"NILF24269";"Gianelli, Angelo";"http://www.fantascienza.com/catalogo/autori/NILF24269/angelo-gianelli/"
"NILF16371";"Gianfranceschi, Fausto";"http://www.fantascienza.com/catalogo/autori/NILF16371/fausto-gianfranceschi/"
"NILF12209";"Gianfranceschi, Luciano";"http://www.fantascienza.com/catalogo/autori/NILF12209/luciano-gianfranceschi/"
"NILF19385";"Giannetti, Raffaele";"http://www.fantascienza.com/catalogo/autori/NILF19385/raffaele-giannetti/"
"NILF19687";"Giannetto, Nella";"http://www.fantascienza.com/catalogo/autori/NILF19687/nella-giannetto/"
"NILF18493";"Gianni, Angelo";"http://www.fantascienza.com/catalogo/autori/NILF18493/angelo-gianni/"
"NILF12210";"Gianni, Francesco";"http://www.fantascienza.com/catalogo/autori/NILF12210/francesco-gianni/"
"NILF12211";"Giannini, Augusta";"http://www.fantascienza.com/catalogo/autori/NILF12211/augusta-giannini/"
"NILF12212";"Giannini, Nino";"http://www.fantascienza.com/catalogo/autori/NILF12212/nino-giannini/"
"NILF16317";"Giannitrapani, Angela";"http://www.fantascienza.com/catalogo/autori/NILF16317/angela-giannitrapani/"
"NILF25839";"Giannone, Carla";"http://www.fantascienza.com/catalogo/autori/NILF25839/carla-giannone/"
"NILF25364";"Giannone, Michele";"http://www.fantascienza.com/catalogo/autori/NILF25364/michele-giannone/"
"NILF25580";"Gianoli, Luigi";"http://www.fantascienza.com/catalogo/autori/NILF25580/luigi-gianoli/"
"NILF17918";"Gianolio, Valeria";"http://www.fantascienza.com/catalogo/autori/NILF17918/valeria-gianolio/"
"NILF16863";"Giansiracusa, Beni";"http://www.fantascienza.com/catalogo/autori/NILF16863/beni-giansiracusa/"
"NILF20424";"Giardini, Cesare";"http://www.fantascienza.com/catalogo/autori/NILF20424/cesare-giardini/"
"NILF26570";"Giardini, Patrizia Dosa";"http://www.fantascienza.com/catalogo/autori/NILF26570/patrizia-dosa-giardini/"
"NILF21750";"Giartosio, Tommaso";"http://www.fantascienza.com/catalogo/autori/NILF21750/tommaso-giartosio/"
"NILF26008";"Giavazzi, Francesco";"http://www.fantascienza.com/catalogo/autori/NILF26008/francesco-giavazzi/"
"NILF16434";"Giaveri, Maria Teresa";"http://www.fantascienza.com/catalogo/autori/NILF16434/maria-teresa-giaveri/"
"NILF24976";"Gibbins, David";"http://www.fantascienza.com/catalogo/autori/NILF24976/david-gibbins/"
"NILF22542";"Gibbon, Lewis Grassic";"http://www.fantascienza.com/catalogo/autori/NILF22542/lewis-grassic-gibbon/"
"NILF20318";"Gibellino, Vittorio";"http://www.fantascienza.com/catalogo/autori/NILF20318/vittorio-gibellino/"
"NILF17593";"Gibson, Greg";"http://www.fantascienza.com/catalogo/autori/NILF17593/greg-gibson/"
"NILF12214";"Gibson, Stella";"http://www.fantascienza.com/catalogo/autori/NILF12214/stella-gibson/"
"NILF12215";"Gibson, Walter B.";"http://www.fantascienza.com/catalogo/autori/NILF12215/walter-b-gibson/"
"NILF12216";"Gibson, William";"http://www.fantascienza.com/catalogo/autori/NILF12216/william-gibson/"
"NILF12217";"Gicca, Serena";"http://www.fantascienza.com/catalogo/autori/NILF12217/serena-gicca/"
"NILF16305";"Gide, André";"http://www.fantascienza.com/catalogo/autori/NILF16305/andr-e-gide/"
"NILF12218";"Giesy, J. U.";"http://www.fantascienza.com/catalogo/autori/NILF12218/j-u-giesy/"
"NILF18693";"Giffard, Pietro";"http://www.fantascienza.com/catalogo/autori/NILF18693/pietro-giffard/"
"NILF21079";"Gifford, Denis";"http://www.fantascienza.com/catalogo/autori/NILF21079/denis-gifford/"
"NILF19122";"Gift, Theo";"http://www.fantascienza.com/catalogo/autori/NILF19122/theo-gift/"
"NILF21886";"Gigante, Giulia";"http://www.fantascienza.com/catalogo/autori/NILF21886/giulia-gigante/"
"NILF22336";"Giger, Hans Rudi";"http://www.fantascienza.com/catalogo/autori/NILF22336/hans-rudi-giger/"
"NILF25688";"Gigli, Amedeo";"http://www.fantascienza.com/catalogo/autori/NILF25688/amedeo-gigli/"
"NILF12219";"Gigli, Paolo";"http://www.fantascienza.com/catalogo/autori/NILF12219/paolo-gigli/"
"NILF12220";"Gigli, Silvio";"http://www.fantascienza.com/catalogo/autori/NILF12220/silvio-gigli/"
"NILF12221";"Giglio, Furio";"http://www.fantascienza.com/catalogo/autori/NILF12221/furio-giglio/"
"NILF19786";"Giglio, Nicola";"http://www.fantascienza.com/catalogo/autori/NILF19786/nicola-giglio/"
"NILF25912";"Giglio, Tommaso";"http://www.fantascienza.com/catalogo/autori/NILF25912/tommaso-giglio/"
"NILF20459";"Gigliozzi, Giovanni";"http://www.fantascienza.com/catalogo/autori/NILF20459/giovanni-gigliozzi/"
"NILF18165";"Gigotti, Stefano";"http://www.fantascienza.com/catalogo/autori/NILF18165/stefano-gigotti/"
"NILF12222";"Gilbert, Robert E.";"http://www.fantascienza.com/catalogo/autori/NILF12222/robert-e-gilbert/"
"NILF12223";"Gilbert, Stephen";"http://www.fantascienza.com/catalogo/autori/NILF12223/stephen-gilbert/"
"NILF12224";"Gilchrist, R. Murray";"http://www.fantascienza.com/catalogo/autori/NILF12224/r-murray-gilchrist/"
"NILF12225";"Gilden, Mel";"http://www.fantascienza.com/catalogo/autori/NILF12225/mel-gilden/"
"NILF16467";"Giles, Herbert Allen";"http://www.fantascienza.com/catalogo/autori/NILF16467/herbert-allen-giles/"
"NILF12227";"Giles, Raymond";"http://www.fantascienza.com/catalogo/autori/NILF12227/raymond-giles/"
"NILF12228";"Gilford, C. B.";"http://www.fantascienza.com/catalogo/autori/NILF12228/c-b-gilford/"
"NILF12229";"Gilien, Sasha";"http://www.fantascienza.com/catalogo/autori/NILF12229/sasha-gilien/"
"NILF16699";"Gillette, David D.";"http://www.fantascienza.com/catalogo/autori/NILF16699/david-d-gillette/"
"NILF12230";"Gilliam, Richard";"http://www.fantascienza.com/catalogo/autori/NILF12230/richard-gilliam/"
"NILF16350";"Gillings, Walter";"http://www.fantascienza.com/catalogo/autori/NILF16350/walter-gillings/"
"NILF12232";"Gillon, Diane e Meir";"http://www.fantascienza.com/catalogo/autori/NILF12232/diane-e-meir-gillon/"
"NILF12233";"Gilman, Carolyn Ives";"http://www.fantascienza.com/catalogo/autori/NILF12233/carolyn-ives-gilman/"
"NILF12234";"Gilman, Charlotte Perkins";"http://www.fantascienza.com/catalogo/autori/NILF12234/charlotte-perkins-gilman/"
"NILF12235";"Gilman, Greer Ilene";"http://www.fantascienza.com/catalogo/autori/NILF12235/greer-ilene-gilman/"
"NILF20899";"Gilman, J. D.";"http://www.fantascienza.com/catalogo/autori/NILF20899/j-d-gilman/"
"NILF18052";"Gilman, Laura Anne";"http://www.fantascienza.com/catalogo/autori/NILF18052/laura-anne-gilman/"
"NILF12238";"Gilmore, Joseph L.";"http://www.fantascienza.com/catalogo/autori/NILF12238/joseph-l-gilmore/"
"NILF17712";"Gilmore, Kate";"http://www.fantascienza.com/catalogo/autori/NILF17712/kate-gilmore/"
"NILF17875";"Gilmour, H. B.";"http://www.fantascienza.com/catalogo/autori/NILF17875/h-b-gilmour/"
"NILF19018";"Gimble, Stanley";"http://www.fantascienza.com/catalogo/autori/NILF19018/stanley-gimble/"
"NILF12239";"Ginelli, Giorgio";"http://www.fantascienza.com/catalogo/autori/NILF12239/giorgio-ginelli/"
"NILF16683";"Gini, Enza";"http://www.fantascienza.com/catalogo/autori/NILF16683/enza-gini/"
"NILF12240";"Ginzburg, Natalia";"http://www.fantascienza.com/catalogo/autori/NILF12240/natalia-ginzburg/"
"NILF15957";"Gioanola, Elio";"http://www.fantascienza.com/catalogo/autori/NILF15957/elio-gioanola/"
"NILF22729";"Giordani, Francesco";"http://www.fantascienza.com/catalogo/autori/NILF22729/francesco-giordani/"
"NILF26063";"Giordano, Carmen";"http://www.fantascienza.com/catalogo/autori/NILF26063/carmen-giordano/"
"NILF25982";"Giordano, Elena";"http://www.fantascienza.com/catalogo/autori/NILF25982/elena-giordano/"
"NILF20550";"Giordano, Fedora";"http://www.fantascienza.com/catalogo/autori/NILF20550/fedora-giordano/"
"NILF17977";"Giordano, Luigi";"http://www.fantascienza.com/catalogo/autori/NILF17977/luigi-giordano/"
"NILF12241";"Giordano-Zocchi, Vincenzo";"http://www.fantascienza.com/catalogo/autori/NILF12241/vincenzo-giordano-zocchi/"
"NILF17045";"Giorello, Giulio";"http://www.fantascienza.com/catalogo/autori/NILF17045/giulio-giorello/"
"NILF19192";"Giorgetti, Giorgio";"http://www.fantascienza.com/catalogo/autori/NILF19192/giorgio-giorgetti/"
"NILF12242";"Giorgetti, Guerrino";"http://www.fantascienza.com/catalogo/autori/NILF12242/guerrino-giorgetti/"
"NILF25133";"Giorgi, Elisabetta";"http://www.fantascienza.com/catalogo/autori/NILF25133/elisabetta-giorgi/"
"NILF12243";"Giorgi, Giorgio";"http://www.fantascienza.com/catalogo/autori/NILF12243/giorgio-giorgi/"
"NILF16971";"Giorgi, Mario";"http://www.fantascienza.com/catalogo/autori/NILF16971/mario-giorgi/"
"NILF16093";"Giorgi, Piero";"http://www.fantascienza.com/catalogo/autori/NILF16093/piero-giorgi/"
"NILF25246";"Giorgini, Marco";"http://www.fantascienza.com/catalogo/autori/NILF25246/marco-giorgini/"
"NILF24966";"Giovanetti, Fausto";"http://www.fantascienza.com/catalogo/autori/NILF24966/fausto-giovanetti/"
"NILF25255";"Giovani, Pietro";"http://www.fantascienza.com/catalogo/autori/NILF25255/pietro-giovani/"
"NILF24075";"Giovannelli, Manuel";"http://www.fantascienza.com/catalogo/autori/NILF24075/manuel-giovannelli/"
"NILF17629";"Giovannetti, Eugenio";"http://www.fantascienza.com/catalogo/autori/NILF17629/eugenio-giovannetti/"
"NILF25041";"Giovannetti, Goffredo";"http://www.fantascienza.com/catalogo/autori/NILF25041/goffredo-giovannetti/"
"NILF17367";"Giovannini, Fabio";"http://www.fantascienza.com/catalogo/autori/NILF17367/fabio-giovannini/"
"NILF12244";"Giovannini, Marco";"http://www.fantascienza.com/catalogo/autori/NILF12244/marco-giovannini/"
"NILF19316";"Giovannoli, Renato";"http://www.fantascienza.com/catalogo/autori/NILF19316/renato-giovannoli/"
"NILF19519";"Giovanola, Luigi";"http://www.fantascienza.com/catalogo/autori/NILF19519/luigi-giovanola/"
"NILF20701";"Giovik, ";"http://www.fantascienza.com/catalogo/autori/NILF20701/-giovik/"
"NILF16883";"Giovinazzo, Domenico";"http://www.fantascienza.com/catalogo/autori/NILF16883/domenico-giovinazzo/"
"NILF16237";"Giovine, Carlo";"http://www.fantascienza.com/catalogo/autori/NILF16237/carlo-giovine/"
"NILF26153";"Giozza, P. G.";"http://www.fantascienza.com/catalogo/autori/NILF26153/p-g-giozza/"
"NILF12245";"Gipe, George";"http://www.fantascienza.com/catalogo/autori/NILF12245/george-gipe/"
"NILF24614";"Gipper, Andreas";"http://www.fantascienza.com/catalogo/autori/NILF24614/andreas-gipper/"
"NILF17573";"Gira, Michael";"http://www.fantascienza.com/catalogo/autori/NILF17573/michael-gira/"
"NILF23635";"Giraldi, Ente Giovanni";"http://www.fantascienza.com/catalogo/autori/NILF23635/ente-giovanni-giraldi/"
"NILF12246";"Girard, Dian";"http://www.fantascienza.com/catalogo/autori/NILF12246/dian-girard/"
"NILF18100";"Girardi, Enrico";"http://www.fantascienza.com/catalogo/autori/NILF18100/enrico-girardi/"
"NILF24592";"Giraudo, Gianfranco";"http://www.fantascienza.com/catalogo/autori/NILF24592/gianfranco-giraudo/"
"NILF19070";"Giromini, Ferruccio";"http://www.fantascienza.com/catalogo/autori/NILF19070/ferruccio-giromini/"
"NILF26588";"Gironi, Giorgia Rebecca";"http://www.fantascienza.com/catalogo/autori/NILF26588/giorgia-rebecca-gironi/"
"NILF23745";"Girtanner, Daniele";"http://www.fantascienza.com/catalogo/autori/NILF23745/daniele-girtanner/"
"NILF17746";"Gisbert, Joan Manuel";"http://www.fantascienza.com/catalogo/autori/NILF17746/joan-manuel-gisbert/"
"NILF20975";"Gismano, Fabio";"http://www.fantascienza.com/catalogo/autori/NILF20975/fabio-gismano/"
"NILF12248";"Gissey, Mario";"http://www.fantascienza.com/catalogo/autori/NILF12248/mario-gissey/"
"NILF16584";"Giudici, Giovanni";"http://www.fantascienza.com/catalogo/autori/NILF16584/giovanni-giudici/"
"NILF21903";"Giudici, Simone";"http://www.fantascienza.com/catalogo/autori/NILF21903/simone-giudici/"
"NILF16124";"Giuffrida, Sergio";"http://www.fantascienza.com/catalogo/autori/NILF16124/sergio-giuffrida/"
"NILF25961";"Giuliani, Lorella Anna";"http://www.fantascienza.com/catalogo/autori/NILF25961/lorella-anna-giuliani/"
"NILF16671";"Giuliani, Rita";"http://www.fantascienza.com/catalogo/autori/NILF16671/rita-giuliani/"
"NILF26449";"Giuliano, Beppe";"http://www.fantascienza.com/catalogo/autori/NILF26449/beppe-giuliano/"
"NILF21111";"Giuliano, Luca";"http://www.fantascienza.com/catalogo/autori/NILF21111/luca-giuliano/"
"NILF21356";"Giuliano, Stefano";"http://www.fantascienza.com/catalogo/autori/NILF21356/stefano-giuliano/"
"NILF12249";"Giuliotti, Domenico";"http://www.fantascienza.com/catalogo/autori/NILF12249/domenico-giuliotti/"
"NILF19473";"Giulivi, Elisabetta";"http://www.fantascienza.com/catalogo/autori/NILF19473/elisabetta-giulivi/"
"NILF12250";"Giunti, Alfredo";"http://www.fantascienza.com/catalogo/autori/NILF12250/alfredo-giunti/"
"NILF19384";"Giunti, Maurizio";"http://www.fantascienza.com/catalogo/autori/NILF19384/maurizio-giunti/"
"NILF26417";"Giurlando, Davide";"http://www.fantascienza.com/catalogo/autori/NILF26417/davide-giurlando/"
"NILF24059";"Giusti, Renzo";"http://www.fantascienza.com/catalogo/autori/NILF24059/renzo-giusti/"
"NILF16636";"Giusti, Stefano";"http://www.fantascienza.com/catalogo/autori/NILF16636/stefano-giusti/"
"NILF22572";"Giusto, Daniela";"http://www.fantascienza.com/catalogo/autori/NILF22572/daniela-giusto/"
"NILF21798";"Giustozzi, Corrado";"http://www.fantascienza.com/catalogo/autori/NILF21798/corrado-giustozzi/"
"NILF12252";"Giuttari, Teodoro";"http://www.fantascienza.com/catalogo/autori/NILF12252/teodoro-giuttari/"
"NILF12253";"Gjalski, Ksaver Sandor";"http://www.fantascienza.com/catalogo/autori/NILF12253/ksaver-sandor-gjalski/"
"NILF12254";"Gladilin, Anatolij";"http://www.fantascienza.com/catalogo/autori/NILF12254/anatolij-gladilin/"
"NILF17572";"Gladwell, Adèle Olivia";"http://www.fantascienza.com/catalogo/autori/NILF17572/adele-olivia-gladwell/"
"NILF12256";"Glasby, John Stephen";"http://www.fantascienza.com/catalogo/autori/NILF12256/john-stephen-glasby/"
"NILF16987";"Glaser, Alice";"http://www.fantascienza.com/catalogo/autori/NILF16987/alice-glaser/"
"NILF12257";"Glasgow, Ellen";"http://www.fantascienza.com/catalogo/autori/NILF12257/ellen-glasgow/"
"NILF12258";"Glaskin, G. M.";"http://www.fantascienza.com/catalogo/autori/NILF12258/g-m-glaskin/"
"NILF16160";"Glasser, Wendy";"http://www.fantascienza.com/catalogo/autori/NILF16160/wendy-glasser/"
"NILF18768";"Glauser, Friedrich";"http://www.fantascienza.com/catalogo/autori/NILF18768/friedrich-glauser/"
"NILF25771";"Glavinic, Thomas";"http://www.fantascienza.com/catalogo/autori/NILF25771/thomas-glavinic/"
"NILF25769";"Gleason, Colleen";"http://www.fantascienza.com/catalogo/autori/NILF25769/colleen-gleason/"
"NILF24375";"Gleich, Thomas";"http://www.fantascienza.com/catalogo/autori/NILF24375/thomas-gleich/"
"NILF17483";"Gli Editori, ";"http://www.fantascienza.com/catalogo/autori/NILF17483/-gli-editori/"
"NILF21216";"Gloag, John";"http://www.fantascienza.com/catalogo/autori/NILF21216/john-gloag/"
"NILF12260";"Gloss, Molly";"http://www.fantascienza.com/catalogo/autori/NILF12260/molly-gloss/"
"NILF12261";"Glut, Donald F.";"http://www.fantascienza.com/catalogo/autori/NILF12261/donald-f-glut/"
"NILF12262";"Glynn, Anthony Arthur";"http://www.fantascienza.com/catalogo/autori/NILF12262/anthony-arthur-glynn/"
"NILF25798";"Gnocchini, Antonio";"http://www.fantascienza.com/catalogo/autori/NILF25798/antonio-gnocchini/"
"NILF24464";"Gnoli, Antonio";"http://www.fantascienza.com/catalogo/autori/NILF24464/antonio-gnoli/"
"NILF24721";"Gnone, Elisabetta";"http://www.fantascienza.com/catalogo/autori/NILF24721/elisabetta-gnone/"
"NILF16719";"Gobetti, Piero";"http://www.fantascienza.com/catalogo/autori/NILF16719/piero-gobetti/"
"NILF22301";"Godet, Claire";"http://www.fantascienza.com/catalogo/autori/NILF22301/claire-godet/"
"NILF12265";"Godwin, Francis";"http://www.fantascienza.com/catalogo/autori/NILF12265/francis-godwin/"
"NILF12266";"Godwin, Parke";"http://www.fantascienza.com/catalogo/autori/NILF12266/parke-godwin/"
"NILF12267";"Godwin, Tom";"http://www.fantascienza.com/catalogo/autori/NILF12267/tom-godwin/"
"NILF12268";"Goethe, Wolfgang";"http://www.fantascienza.com/catalogo/autori/NILF12268/wolfgang-goethe/"
"NILF12269";"Goforth, Laura";"http://www.fantascienza.com/catalogo/autori/NILF12269/laura-goforth/"
"NILF23588";"Gogate, Shubhada";"http://www.fantascienza.com/catalogo/autori/NILF23588/shubhada-gogate/"
"NILF23673";"Goggi, Gianluigi";"http://www.fantascienza.com/catalogo/autori/NILF23673/gianluigi-goggi/"
"NILF12270";"Gogol', Nikolaj";"http://www.fantascienza.com/catalogo/autori/NILF12270/nikolaj-gogol/"
"NILF20383";"Goimard, Jacques";"http://www.fantascienza.com/catalogo/autori/NILF20383/jacques-goimard/"
"NILF23565";"Golahny, Amy";"http://www.fantascienza.com/catalogo/autori/NILF23565/amy-golahny/"
"NILF16193";"Gold, Dorothy";"http://www.fantascienza.com/catalogo/autori/NILF16193/dorothy-gold/"
"NILF12271";"Gold, H. L.";"http://www.fantascienza.com/catalogo/autori/NILF12271/h-l-gold/"
"NILF22712";"Gold, Roderick";"http://www.fantascienza.com/catalogo/autori/NILF22712/roderick-gold/"
"NILF16349";"Goldbarth, Albert";"http://www.fantascienza.com/catalogo/autori/NILF16349/albert-goldbarth/"
"NILF26064";"Goldberg, Leonard";"http://www.fantascienza.com/catalogo/autori/NILF26064/leonard-goldberg/"
"NILF18978";"Goldberg, Marshall";"http://www.fantascienza.com/catalogo/autori/NILF18978/marshall-goldberg/"
"NILF12272";"Golden, Bernard";"http://www.fantascienza.com/catalogo/autori/NILF12272/bernard-golden/"
"NILF12273";"Golden, Christie";"http://www.fantascienza.com/catalogo/autori/NILF12273/christie-golden/"
"NILF21299";"Golden, Christopher";"http://www.fantascienza.com/catalogo/autori/NILF21299/christopher-golden/"
"NILF16269";"Golderer, Federico";"http://www.fantascienza.com/catalogo/autori/NILF16269/federico-golderer/"
"NILF12274";"Goldin, Stephen";"http://www.fantascienza.com/catalogo/autori/NILF12274/stephen-goldin/"
"NILF12275";"Golding, Louis";"http://www.fantascienza.com/catalogo/autori/NILF12275/louis-golding/"
"NILF12276";"Golding, William";"http://www.fantascienza.com/catalogo/autori/NILF12276/william-golding/"
"NILF12277";"Goldman, E. M";"http://www.fantascienza.com/catalogo/autori/NILF12277/e-m-goldman/"
"NILF25228";"Goldman, Leslie";"http://www.fantascienza.com/catalogo/autori/NILF25228/leslie-goldman/"
"NILF12278";"Goldman, William";"http://www.fantascienza.com/catalogo/autori/NILF12278/william-goldman/"
"NILF22215";"Goldoni, Annalisa";"http://www.fantascienza.com/catalogo/autori/NILF22215/annalisa-goldoni/"
"NILF12279";"Goldsmith, Howard";"http://www.fantascienza.com/catalogo/autori/NILF12279/howard-goldsmith/"
"NILF12280";"Goldsmith, Ruth M.";"http://www.fantascienza.com/catalogo/autori/NILF12280/ruth-m-goldsmith/"
"NILF23211";"Goldstein, Herb";"http://www.fantascienza.com/catalogo/autori/NILF23211/herb-goldstein/"
"NILF12281";"Goldstein, Lisa";"http://www.fantascienza.com/catalogo/autori/NILF12281/lisa-goldstein/"
"NILF12282";"Goldstein, William";"http://www.fantascienza.com/catalogo/autori/NILF12282/william-goldstein/"
"NILF12283";"Goligorski, Eduardo";"http://www.fantascienza.com/catalogo/autori/NILF12283/eduardo-goligorski/"
"NILF21406";"Golomb, Solomon W.";"http://www.fantascienza.com/catalogo/autori/NILF21406/solomon-w-golomb/"
"NILF20195";"Golzio, Elena";"http://www.fantascienza.com/catalogo/autori/NILF20195/elena-golzio/"
"NILF12285";"Gombrowicz, Witold";"http://www.fantascienza.com/catalogo/autori/NILF12285/witold-gombrowicz/"
"NILF12286";"Gonano, Gian Luigi";"http://www.fantascienza.com/catalogo/autori/NILF12286/gian-luigi-gonano/"
"NILF21770";"Gonnella, Stefano";"http://www.fantascienza.com/catalogo/autori/NILF21770/stefano-gonnella/"
"NILF23224";"Good, Tina";"http://www.fantascienza.com/catalogo/autori/NILF23224/tina-good/"
"NILF12287";"Goodale, David";"http://www.fantascienza.com/catalogo/autori/NILF12287/david-goodale/"
"NILF12288";"Goodale, Earl";"http://www.fantascienza.com/catalogo/autori/NILF12288/earl-goodale/"
"NILF17219";"Goodkind, Terry";"http://www.fantascienza.com/catalogo/autori/NILF17219/terry-goodkind/"
"NILF12291";"Goodwin, John B. L.";"http://www.fantascienza.com/catalogo/autori/NILF12291/john-b-l-goodwin/"
"NILF17216";"Goonan, Kathleen Ann";"http://www.fantascienza.com/catalogo/autori/NILF17216/kathleen-ann-goonan/"
"NILF16791";"Goorden, Bernard";"http://www.fantascienza.com/catalogo/autori/NILF16791/bernard-goorden/"
"NILF16674";"Goracci, Marco";"http://www.fantascienza.com/catalogo/autori/NILF16674/marco-goracci/"
"NILF12292";"Goratti, Giovanni e Mirella";"http://www.fantascienza.com/catalogo/autori/NILF12292/giovanni-e-mirella-goratti/"
"NILF16786";"Gordini, Marco";"http://www.fantascienza.com/catalogo/autori/NILF16786/marco-gordini/"
"NILF12294";"Gordon, Arthur";"http://www.fantascienza.com/catalogo/autori/NILF12294/arthur-gordon/"
"NILF12295";"Gordon, Giles";"http://www.fantascienza.com/catalogo/autori/NILF12295/giles-gordon/"
"NILF12296";"Gordon, John";"http://www.fantascienza.com/catalogo/autori/NILF12296/john-gordon/"
"NILF12297";"Gordon, Linda";"http://www.fantascienza.com/catalogo/autori/NILF12297/linda-gordon/"
"NILF12298";"Gordon, Rex";"http://www.fantascienza.com/catalogo/autori/NILF12298/rex-gordon/"
"NILF25905";"Gordon, Roderick";"http://www.fantascienza.com/catalogo/autori/NILF25905/roderick-gordon/"
"NILF12299";"Gordon, Stuart";"http://www.fantascienza.com/catalogo/autori/NILF12299/stuart-gordon/"
"NILF12300";"Gores, Joe";"http://www.fantascienza.com/catalogo/autori/NILF12300/joe-gores/"
"NILF25457";"Gorga, Giampiero";"http://www.fantascienza.com/catalogo/autori/NILF25457/giampiero-gorga/"
"NILF20209";"Gorgoni, Renato";"http://www.fantascienza.com/catalogo/autori/NILF20209/renato-gorgoni/"
"NILF18122";"Gori, Leonardo";"http://www.fantascienza.com/catalogo/autori/NILF18122/leonardo-gori/"
"NILF20707";"Goria, Giuseppe";"http://www.fantascienza.com/catalogo/autori/NILF20707/giuseppe-goria/"
"NILF15880";"Goring, Anne";"http://www.fantascienza.com/catalogo/autori/NILF15880/anne-goring/"
"NILF26009";"Gorla, Stefano";"http://www.fantascienza.com/catalogo/autori/NILF26009/stefano-gorla/"
"NILF26680";"Gorlero, Maurizio Pedrazza";"http://www.fantascienza.com/catalogo/autori/NILF26680/maurizio-pedrazza-gorlero/"
"NILF16090";"Gorlier, Claudio";"http://www.fantascienza.com/catalogo/autori/NILF16090/claudio-gorlier/"
"NILF12301";"Gorman, Ed";"http://www.fantascienza.com/catalogo/autori/NILF12301/ed-gorman/"
"NILF24398";"Gorne, Lena";"http://www.fantascienza.com/catalogo/autori/NILF24398/lena-gorne/"
"NILF12302";"Gorodischer, Angélica";"http://www.fantascienza.com/catalogo/autori/NILF12302/ang-elica-gorodischer/"
"NILF12303";"Gorog, Judith";"http://www.fantascienza.com/catalogo/autori/NILF12303/judith-gorog/"
"NILF18788";"Gorriti, Juana Manuela";"http://www.fantascienza.com/catalogo/autori/NILF18788/juana-manuela-gorriti/"
"NILF12304";"Gorse, Vesna";"http://www.fantascienza.com/catalogo/autori/NILF12304/vesna-gorse/"
"NILF24040";"Gose, G.";"http://www.fantascienza.com/catalogo/autori/NILF24040/g-gose/"
"NILF12305";"Goth, Louis A.";"http://www.fantascienza.com/catalogo/autori/NILF12305/louis-a-goth/"
"NILF23272";"Gotico, Andrea";"http://www.fantascienza.com/catalogo/autori/NILF23272/andrea-gotico/"
"NILF12306";"Gotlieb, Phyllis";"http://www.fantascienza.com/catalogo/autori/NILF12306/phyllis-gotlieb/"
"NILF26666";"Goto, C. S.";"http://www.fantascienza.com/catalogo/autori/NILF26666/c-s-goto/"
"NILF12307";"Gotschalk, Felix";"http://www.fantascienza.com/catalogo/autori/NILF12307/felix-gotschalk/"
"NILF21739";"Gott, John Richard";"http://www.fantascienza.com/catalogo/autori/NILF21739/john-richard-gott/"
"NILF12308";"Gottfried, Frederick D.";"http://www.fantascienza.com/catalogo/autori/NILF12308/frederick-d-gottfried/"
"NILF18838";"Gotthelf, Jeremias";"http://www.fantascienza.com/catalogo/autori/NILF18838/jeremias-gotthelf/"
"NILF18339";"Goudge, Elizabeth";"http://www.fantascienza.com/catalogo/autori/NILF18339/elizabeth-goudge/"
"NILF12309";"Goulart, Ron";"http://www.fantascienza.com/catalogo/autori/NILF12309/ron-goulart/"
"NILF12310";"Gould, Charles";"http://www.fantascienza.com/catalogo/autori/NILF12310/charles-gould/"
"NILF16499";"Gould, Stephen Jay";"http://www.fantascienza.com/catalogo/autori/NILF16499/stephen-jay-gould/"
"NILF12311";"Gould, Steven";"http://www.fantascienza.com/catalogo/autori/NILF12311/steven-gould/"
"NILF12312";"Governato, Nello";"http://www.fantascienza.com/catalogo/autori/NILF12312/nello-governato/"
"NILF26027";"Govoni, Corrado";"http://www.fantascienza.com/catalogo/autori/NILF26027/corrado-govoni/"
"NILF12313";"Gower, Daniel H.";"http://www.fantascienza.com/catalogo/autori/NILF12313/daniel-h-gower/"
"NILF12314";"Goyen, William";"http://www.fantascienza.com/catalogo/autori/NILF12314/william-goyen/"
"NILF12315";"Gozzano, Guido";"http://www.fantascienza.com/catalogo/autori/NILF12315/guido-gozzano/"
"NILF20526";"Gozzano, Umberto";"http://www.fantascienza.com/catalogo/autori/NILF20526/umberto-gozzano/"
"NILF16417";"Gozzer, Giovanni";"http://www.fantascienza.com/catalogo/autori/NILF16417/giovanni-gozzer/"
"NILF25209";"Gozzi, Barbara";"http://www.fantascienza.com/catalogo/autori/NILF25209/barbara-gozzi/"
"NILF20556";"Gozzi, Gaspare";"http://www.fantascienza.com/catalogo/autori/NILF20556/gaspare-gozzi/"
"NILF21788";"Gracci, Athe Biasci";"http://www.fantascienza.com/catalogo/autori/NILF21788/athe-biasci-gracci/"
"NILF12316";"Graciotti, Mario";"http://www.fantascienza.com/catalogo/autori/NILF12316/mario-graciotti/"
"NILF12317";"Gracq, Julien";"http://www.fantascienza.com/catalogo/autori/NILF12317/julien-gracq/"
"NILF19056";"Gradella, Alvaro";"http://www.fantascienza.com/catalogo/autori/NILF19056/alvaro-gradella/"
"NILF26388";"Grady, John";"http://www.fantascienza.com/catalogo/autori/NILF26388/john-grady/"
"NILF21496";"Graf, Arturo";"http://www.fantascienza.com/catalogo/autori/NILF21496/arturo-graf/"
"NILF17005";"Graf, L. A.";"http://www.fantascienza.com/catalogo/autori/NILF17005/l-a-graf/"
"NILF19296";"Graffi, Milli";"http://www.fantascienza.com/catalogo/autori/NILF19296/milli-graffi/"
"NILF26444";"Grafton, Sue";"http://www.fantascienza.com/catalogo/autori/NILF26444/sue-grafton/"
"NILF12319";"Graham, Albert";"http://www.fantascienza.com/catalogo/autori/NILF12319/albert-graham/"
"NILF21820";"Graham, Harry";"http://www.fantascienza.com/catalogo/autori/NILF21820/harry-graham/"
"NILF12320";"Graham, Heather";"http://www.fantascienza.com/catalogo/autori/NILF12320/heather-graham/"
"NILF26127";"Graham, Patrick";"http://www.fantascienza.com/catalogo/autori/NILF26127/patrick-graham/"
"NILF24836";"Graham, Winston";"http://www.fantascienza.com/catalogo/autori/NILF24836/winston-graham/"
"NILF12322";"Grahame, Kenneth";"http://www.fantascienza.com/catalogo/autori/NILF12322/kenneth-grahame/"
"NILF12323";"Grainger, Peter";"http://www.fantascienza.com/catalogo/autori/NILF12323/peter-grainger/"
"NILF17668";"Gram, Dewey";"http://www.fantascienza.com/catalogo/autori/NILF17668/dewey-gram/"
"NILF21097";"Gramantieri, Riccardo";"http://www.fantascienza.com/catalogo/autori/NILF21097/riccardo-gramantieri/"
"NILF24163";"Gramegna, Raffaello";"http://www.fantascienza.com/catalogo/autori/NILF24163/raffaello-gramegna/"
"NILF12324";"Gramigna, Giuliano";"http://www.fantascienza.com/catalogo/autori/NILF12324/giuliano-gramigna/"
"NILF12325";"Granata, Gici Ganzini";"http://www.fantascienza.com/catalogo/autori/NILF12325/gici-ganzini-granata/"
"NILF23650";"Grande, Gianfranco";"http://www.fantascienza.com/catalogo/autori/NILF23650/gianfranco-grande/"
"NILF26298";"Grandi, Laura";"http://www.fantascienza.com/catalogo/autori/NILF26298/laura-grandi/"
"NILF12326";"Grange, Italo";"http://www.fantascienza.com/catalogo/autori/NILF12326/italo-grange/"
"NILF19642";"Grangé, Jean-Christophe";"http://www.fantascienza.com/catalogo/autori/NILF19642/jean-christophe-grang-e/"
"NILF21976";"Granger, Byrd Howell";"http://www.fantascienza.com/catalogo/autori/NILF21976/byrd-howell-granger/"
"NILF12327";"Granillo, Elio";"http://www.fantascienza.com/catalogo/autori/NILF12327/elio-granillo/"
"NILF12328";"Grant, Anthony";"http://www.fantascienza.com/catalogo/autori/NILF12328/anthony-grant/"
"NILF12329";"Grant, Charles L.";"http://www.fantascienza.com/catalogo/autori/NILF12329/charles-l-grant/"
"NILF26113";"Grant, Glenn";"http://www.fantascienza.com/catalogo/autori/NILF26113/glenn-grant/"
"NILF12330";"Grant, John";"http://www.fantascienza.com/catalogo/autori/NILF12330/john-grant/"
"NILF24290";"Grant, Kenneth";"http://www.fantascienza.com/catalogo/autori/NILF24290/kenneth-grant/"
"NILF26664";"Grant, Michael";"http://www.fantascienza.com/catalogo/autori/NILF26664/michael-grant/"
"NILF12333";"Grant, Robert";"http://www.fantascienza.com/catalogo/autori/NILF12333/robert-grant/"
"NILF24460";"Granzotto, Luca";"http://www.fantascienza.com/catalogo/autori/NILF24460/luca-granzotto/"
"NILF20617";"Grass, Günter";"http://www.fantascienza.com/catalogo/autori/NILF20617/gunter-grass/"
"NILF23406";"Grasselli, Mario";"http://www.fantascienza.com/catalogo/autori/NILF23406/mario-grasselli/"
"NILF17739";"Grassi, Alessandro";"http://www.fantascienza.com/catalogo/autori/NILF17739/alessandro-grassi/"
"NILF25596";"Grassi, Carlo";"http://www.fantascienza.com/catalogo/autori/NILF25596/carlo-grassi/"
"NILF12335";"Grassi, Umberto";"http://www.fantascienza.com/catalogo/autori/NILF12335/umberto-grassi/"
"NILF12336";"Grasso, Francesco";"http://www.fantascienza.com/catalogo/autori/NILF12336/francesco-grasso/"
"NILF19086";"Grasso, Gaetano";"http://www.fantascienza.com/catalogo/autori/NILF19086/gaetano-grasso/"
"NILF16848";"Grasso, Giuseppe";"http://www.fantascienza.com/catalogo/autori/NILF16848/giuseppe-grasso/"
"NILF19664";"Grasso, Mario";"http://www.fantascienza.com/catalogo/autori/NILF19664/mario-grasso/"
"NILF16735";"Grasso, Maurizio";"http://www.fantascienza.com/catalogo/autori/NILF16735/maurizio-grasso/"
"NILF21333";"Grave, Jean";"http://www.fantascienza.com/catalogo/autori/NILF21333/jean-grave/"
"NILF12337";"Gravel, Geary";"http://www.fantascienza.com/catalogo/autori/NILF12337/geary-gravel/"
"NILF12338";"Graves, Clotilde";"http://www.fantascienza.com/catalogo/autori/NILF12338/clotilde-graves/"
"NILF12339";"Graves, Robert";"http://www.fantascienza.com/catalogo/autori/NILF12339/robert-graves/"
"NILF23687";"Gravett, Paul";"http://www.fantascienza.com/catalogo/autori/NILF23687/paul-gravett/"
"NILF18349";"Gravina, Roberto";"http://www.fantascienza.com/catalogo/autori/NILF18349/roberto-gravina/"
"NILF12340";"Gray, Alasdair";"http://www.fantascienza.com/catalogo/autori/NILF12340/alasdair-gray/"
"NILF12341";"Gray, Arthur";"http://www.fantascienza.com/catalogo/autori/NILF12341/arthur-gray/"
"NILF22138";"Gray, Berkeley";"http://www.fantascienza.com/catalogo/autori/NILF22138/berkeley-gray/"
"NILF26669";"Gray, Claudia";"http://www.fantascienza.com/catalogo/autori/NILF26669/claudia-gray/"
"NILF25512";"Gray, John";"http://www.fantascienza.com/catalogo/autori/NILF25512/john-gray/"
"NILF12343";"Grayn, Michael";"http://www.fantascienza.com/catalogo/autori/NILF12343/michael-grayn/"
"NILF25328";"Graziani, Bruna";"http://www.fantascienza.com/catalogo/autori/NILF25328/bruna-graziani/"
"NILF21789";"Graziani, Leda Biggi";"http://www.fantascienza.com/catalogo/autori/NILF21789/leda-biggi-graziani/"
"NILF19482";"Graziani, Valentina";"http://www.fantascienza.com/catalogo/autori/NILF19482/valentina-graziani/"
"NILF22326";"Graziano, Laura";"http://www.fantascienza.com/catalogo/autori/NILF22326/laura-graziano/"
"NILF24258";"Grazie, Elisa Delle";"http://www.fantascienza.com/catalogo/autori/NILF24258/elisa-delle-grazie/"
"NILF16130";"Graziosi, Franco";"http://www.fantascienza.com/catalogo/autori/NILF16130/franco-graziosi/"
"NILF17612";"Graziunas, Daina";"http://www.fantascienza.com/catalogo/autori/NILF17612/daina-graziunas/"
"NILF16405";"Grazzini, Giovanni";"http://www.fantascienza.com/catalogo/autori/NILF16405/giovanni-grazzini/"
"NILF24778";"Greanias, Thomas";"http://www.fantascienza.com/catalogo/autori/NILF24778/thomas-greanias/"
"NILF22934";"Grecchi, Elena";"http://www.fantascienza.com/catalogo/autori/NILF22934/elena-grecchi/"
"NILF23381";"Greco, Amerigo";"http://www.fantascienza.com/catalogo/autori/NILF23381/amerigo-greco/"
"NILF22862";"Greco, Carmelo";"http://www.fantascienza.com/catalogo/autori/NILF22862/carmelo-greco/"
"NILF12345";"Greco, Francesco";"http://www.fantascienza.com/catalogo/autori/NILF12345/francesco-greco/"
"NILF12346";"Greco, Gaetano";"http://www.fantascienza.com/catalogo/autori/NILF12346/gaetano-greco/"
"NILF26389";"Greco, Gigi";"http://www.fantascienza.com/catalogo/autori/NILF26389/gigi-greco/"
"NILF21968";"Greco, Lucio";"http://www.fantascienza.com/catalogo/autori/NILF21968/lucio-greco/"
"NILF19193";"Greco, Walter";"http://www.fantascienza.com/catalogo/autori/NILF19193/walter-greco/"
"NILF19263";"Green, Dominic";"http://www.fantascienza.com/catalogo/autori/NILF19263/dominic-green/"
"NILF22805";"Green, Gerald";"http://www.fantascienza.com/catalogo/autori/NILF22805/gerald-green/"
"NILF12347";"Green, Graham";"http://www.fantascienza.com/catalogo/autori/NILF12347/graham-green/"
"NILF21215";"Green, Janet";"http://www.fantascienza.com/catalogo/autori/NILF21215/janet-green/"
"NILF23795";"Green, Jonathan";"http://www.fantascienza.com/catalogo/autori/NILF23795/jonathan-green/"
"NILF12348";"Green, Joseph";"http://www.fantascienza.com/catalogo/autori/NILF12348/joseph-green/"
"NILF16182";"Green, Julia Boynton";"http://www.fantascienza.com/catalogo/autori/NILF16182/julia-boynton-green/"
"NILF12349";"Green, Julien";"http://www.fantascienza.com/catalogo/autori/NILF12349/julien-green/"
"NILF12352";"Green, Roger J.";"http://www.fantascienza.com/catalogo/autori/NILF12352/roger-j-green/"
"NILF12353";"Green, Roger Lancelyn";"http://www.fantascienza.com/catalogo/autori/NILF12353/roger-lancelyn-green/"
"NILF12354";"Green, Roland";"http://www.fantascienza.com/catalogo/autori/NILF12354/roland-green/"
"NILF18340";"Green, Simon R.";"http://www.fantascienza.com/catalogo/autori/NILF18340/simon-r-green/"
"NILF12355";"Green, Terence M.";"http://www.fantascienza.com/catalogo/autori/NILF12355/terence-m-green/"
"NILF12356";"Greenan, Russell H.";"http://www.fantascienza.com/catalogo/autori/NILF12356/russell-h-greenan/"
"NILF16025";"Greenberg, Martin H.";"http://www.fantascienza.com/catalogo/autori/NILF16025/martin-h-greenberg/"
"NILF12357";"Greenblatt, Jonathan";"http://www.fantascienza.com/catalogo/autori/NILF12357/jonathan-greenblatt/"
"NILF12358";"Greenburg, Dan";"http://www.fantascienza.com/catalogo/autori/NILF12358/dan-greenburg/"
"NILF12360";"Greene, Graham";"http://www.fantascienza.com/catalogo/autori/NILF12360/graham-greene/"
"NILF12361";"Greene, Joseph";"http://www.fantascienza.com/catalogo/autori/NILF12361/joseph-greene/"
"NILF12363";"Greenfield, Irving A.";"http://www.fantascienza.com/catalogo/autori/NILF12363/irving-a-greenfield/"
"NILF12365";"Greenland, Colin";"http://www.fantascienza.com/catalogo/autori/NILF12365/colin-greenland/"
"NILF19516";"Greenwood, Ed";"http://www.fantascienza.com/catalogo/autori/NILF19516/ed-greenwood/"
"NILF23110";"Greer, Kay";"http://www.fantascienza.com/catalogo/autori/NILF23110/kay-greer/"
"NILF16497";"Gregoretti, Ugo";"http://www.fantascienza.com/catalogo/autori/NILF16497/ugo-gregoretti/"
"NILF24220";"Gregorin, Liliana";"http://www.fantascienza.com/catalogo/autori/NILF24220/liliana-gregorin/"
"NILF24890";"Gregory, Daryl";"http://www.fantascienza.com/catalogo/autori/NILF24890/daryl-gregory/"
"NILF19079";"Gregory, Lady Augusta";"http://www.fantascienza.com/catalogo/autori/NILF19079/lady-augusta-gregory/"
"NILF12368";"Gregory, Philippa";"http://www.fantascienza.com/catalogo/autori/NILF12368/philippa-gregory/"
"NILF25542";"Gregory, Susanna";"http://www.fantascienza.com/catalogo/autori/NILF25542/susanna-gregory/"
"NILF12369";"Grendon, Edward";"http://www.fantascienza.com/catalogo/autori/NILF12369/edward-grendon/"
"NILF12371";"Grenier, Christian";"http://www.fantascienza.com/catalogo/autori/NILF12371/christian-grenier/"
"NILF19395";"Greselin, Federico";"http://www.fantascienza.com/catalogo/autori/NILF19395/federico-greselin/"
"NILF12372";"Gresham, William Lindsay";"http://www.fantascienza.com/catalogo/autori/NILF12372/william-lindsay-gresham/"
"NILF19264";"Grey, Elizabeth [Caroline]";"http://www.fantascienza.com/catalogo/autori/NILF19264/elizabeth-caroline-grey/"
"NILF25725";"Grezzi, Enrico";"http://www.fantascienza.com/catalogo/autori/NILF25725/enrico-grezzi/"
"NILF16441";"Gribaudi, Silvia Rota";"http://www.fantascienza.com/catalogo/autori/NILF16441/silvia-rota-gribaudi/"
"NILF15986";"Gribbin, John";"http://www.fantascienza.com/catalogo/autori/NILF15986/john-gribbin/"
"NILF22766";"Gribble, Leonard";"http://www.fantascienza.com/catalogo/autori/NILF22766/leonard-gribble/"
"NILF17498";"Griffin, Gerald";"http://www.fantascienza.com/catalogo/autori/NILF17498/gerald-griffin/"
"NILF17235";"Griffin, Peni R.";"http://www.fantascienza.com/catalogo/autori/NILF17235/peni-r-griffin/"
"NILF12373";"Griffin, Russel M.";"http://www.fantascienza.com/catalogo/autori/NILF12373/russel-m-griffin/"
"NILF12374";"Griffith, George";"http://www.fantascienza.com/catalogo/autori/NILF12374/george-griffith/"
"NILF12375";"Griffith, Nicola";"http://www.fantascienza.com/catalogo/autori/NILF12375/nicola-griffith/"
"NILF22222";"Griffiths, Barbara";"http://www.fantascienza.com/catalogo/autori/NILF22222/barbara-griffiths/"
"NILF23686";"Griffiths, Keith";"http://www.fantascienza.com/catalogo/autori/NILF23686/keith-griffiths/"
"NILF12376";"Griffo, Massimo";"http://www.fantascienza.com/catalogo/autori/NILF12376/massimo-griffo/"
"NILF16985";"Grifo, Paola";"http://www.fantascienza.com/catalogo/autori/NILF16985/paola-grifo/"
"NILF12377";"Grifoni, Patrizia";"http://www.fantascienza.com/catalogo/autori/NILF12377/patrizia-grifoni/"
"NILF12378";"Grifoni, Ulisse";"http://www.fantascienza.com/catalogo/autori/NILF12378/ulisse-grifoni/"
"NILF24608";"Grignaffini, Giovanna";"http://www.fantascienza.com/catalogo/autori/NILF24608/giovanna-grignaffini/"
"NILF25678";"Grigore, Ioana";"http://www.fantascienza.com/catalogo/autori/NILF25678/ioana-grigore/"
"NILF12379";"Grigoriev, Vladimir";"http://www.fantascienza.com/catalogo/autori/NILF12379/vladimir-grigoriev/"
"NILF12380";"Grillandi, Massimo";"http://www.fantascienza.com/catalogo/autori/NILF12380/massimo-grillandi/"
"NILF16575";"Grillo, Elena";"http://www.fantascienza.com/catalogo/autori/NILF16575/elena-grillo/"
"NILF18410";"Grillo, Franco";"http://www.fantascienza.com/catalogo/autori/NILF18410/franco-grillo/"
"NILF26010";"Grimaldeschi, Ruggero";"http://www.fantascienza.com/catalogo/autori/NILF26010/ruggero-grimaldeschi/"
"NILF15987";"Grimaldi, Laura";"http://www.fantascienza.com/catalogo/autori/NILF15987/laura-grimaldi/"
"NILF12381";"Grimaldi, Maria Rosa";"http://www.fantascienza.com/catalogo/autori/NILF12381/maria-rosa-grimaldi/"
"NILF26045";"Grimandi, Marta";"http://www.fantascienza.com/catalogo/autori/NILF26045/marta-grimandi/"
"NILF12382";"Grimaud, Michel";"http://www.fantascienza.com/catalogo/autori/NILF12382/michel-grimaud/"
"NILF12385";"Grimwood, Ken";"http://www.fantascienza.com/catalogo/autori/NILF12385/ken-grimwood/"
"NILF12387";"Griosa, Daniel";"http://www.fantascienza.com/catalogo/autori/NILF12387/daniel-griosa/"
"NILF25368";"Grippa, Rocco Emanuele";"http://www.fantascienza.com/catalogo/autori/NILF25368/rocco-emanuele-grippa/"
"NILF18284";"Grippando, James";"http://www.fantascienza.com/catalogo/autori/NILF18284/james-grippando/"
"NILF24561";"Griseri, Andreina";"http://www.fantascienza.com/catalogo/autori/NILF24561/andreina-griseri/"
"NILF12388";"Grisi, Francesco";"http://www.fantascienza.com/catalogo/autori/NILF12388/francesco-grisi/"
"NILF24619";"Grivel, Charles";"http://www.fantascienza.com/catalogo/autori/NILF24619/charles-grivel/"
"NILF12389";"Groc, Leon";"http://www.fantascienza.com/catalogo/autori/NILF12389/leon-groc/"
"NILF12390";"Gromova, Ariadna";"http://www.fantascienza.com/catalogo/autori/NILF12390/ariadna-gromova/"
"NILF20594";"Grool, ";"http://www.fantascienza.com/catalogo/autori/NILF20594/-grool/"
"NILF12391";"Groom, Jacquie";"http://www.fantascienza.com/catalogo/autori/NILF12391/jacquie-groom/"
"NILF16609";"Groppali, Enrico";"http://www.fantascienza.com/catalogo/autori/NILF16609/enrico-groppali/"
"NILF23652";"Gros-Pietro, Sandro";"http://www.fantascienza.com/catalogo/autori/NILF23652/sandro-gros-pietro/"
"NILF19793";"Gross, Edward";"http://www.fantascienza.com/catalogo/autori/NILF19793/edward-gross/"
"NILF16990";"Gross, Gordon";"http://www.fantascienza.com/catalogo/autori/NILF16990/gordon-gross/"
"NILF12392";"Gross, Marion";"http://www.fantascienza.com/catalogo/autori/NILF12392/marion-gross/"
"NILF22748";"Gross, Michael";"http://www.fantascienza.com/catalogo/autori/NILF22748/michael-gross/"
"NILF19619";"Gross, Philip";"http://www.fantascienza.com/catalogo/autori/NILF19619/philip-gross/"
"NILF12393";"Grossi, Maria Pia";"http://www.fantascienza.com/catalogo/autori/NILF12393/maria-pia-grossi/"
"NILF25181";"Grossman, Gary";"http://www.fantascienza.com/catalogo/autori/NILF25181/gary-grossman/"
"NILF22263";"Grossman, Vasilij";"http://www.fantascienza.com/catalogo/autori/NILF22263/vasilij-grossman/"
"NILF23116";"Grosso, Alessio";"http://www.fantascienza.com/catalogo/autori/NILF23116/alessio-grosso/"
"NILF16489";"Grosso, Augusta";"http://www.fantascienza.com/catalogo/autori/NILF16489/augusta-grosso/"
"NILF21947";"Grotta, Daniel";"http://www.fantascienza.com/catalogo/autori/NILF21947/daniel-grotta/"
"NILF23337";"Grottker, Maximilian";"http://www.fantascienza.com/catalogo/autori/NILF23337/maximilian-grottker/"
"NILF26048";"Groundhog, Ray";"http://www.fantascienza.com/catalogo/autori/NILF26048/ray-groundhog/"
"NILF23953";"Grove, Arnold";"http://www.fantascienza.com/catalogo/autori/NILF23953/arnold-grove/"
"NILF12395";"Grubb, Davis";"http://www.fantascienza.com/catalogo/autori/NILF12395/davis-grubb/"
"NILF18289";"Grubb, Jeff";"http://www.fantascienza.com/catalogo/autori/NILF18289/jeff-grubb/"
"NILF21614";"Gruber, Andreas";"http://www.fantascienza.com/catalogo/autori/NILF21614/andreas-gruber/"
"NILF12396";"Gruber, Frank";"http://www.fantascienza.com/catalogo/autori/NILF12396/frank-gruber/"
"NILF20785";"Gruber, Ira D.";"http://www.fantascienza.com/catalogo/autori/NILF20785/ira-d-gruber/"
"NILF22990";"Gruber, Michael";"http://www.fantascienza.com/catalogo/autori/NILF22990/michael-gruber/"
"NILF12397";"Grugni, Paolo";"http://www.fantascienza.com/catalogo/autori/NILF12397/paolo-grugni/"
"NILF18585";"Gruppo Clypeus, ";"http://www.fantascienza.com/catalogo/autori/NILF18585/-gruppo-clypeus/"
"NILF22630";"Gruppo Darkside, ";"http://www.fantascienza.com/catalogo/autori/NILF22630/-gruppo-darkside/"
"NILF20678";"Gruppo Di Ricerche Pianeta, ";"http://www.fantascienza.com/catalogo/autori/NILF20678/-gruppo-di-ricerche-pianeta/"
"NILF17385";"Grzedowicz, Jaroslaw J.";"http://www.fantascienza.com/catalogo/autori/NILF17385/jaroslaw-j-grzedowicz/"
"NILF16149";"Guadalupi, Gianni";"http://www.fantascienza.com/catalogo/autori/NILF16149/gianni-guadalupi/"
"NILF21878";"Gualdana, Claudia";"http://www.fantascienza.com/catalogo/autori/NILF21878/claudia-gualdana/"
"NILF12398";"Gualdo, Luigi";"http://www.fantascienza.com/catalogo/autori/NILF12398/luigi-gualdo/"
"NILF23047";"Guardamagna, Agostino";"http://www.fantascienza.com/catalogo/autori/NILF23047/agostino-guardamagna/"
"NILF15955";"Guardamagna, Daniela";"http://www.fantascienza.com/catalogo/autori/NILF15955/daniela-guardamagna/"
"NILF12399";"Guardazza, Leo";"http://www.fantascienza.com/catalogo/autori/NILF12399/leo-guardazza/"
"NILF20292";"Guardi, Mario Bernardi";"http://www.fantascienza.com/catalogo/autori/NILF20292/mario-bernardi-guardi/"
"NILF23013";"Guareschi, Massimiliano";"http://www.fantascienza.com/catalogo/autori/NILF23013/massimiliano-guareschi/"
"NILF16521";"Guarino, Ruggero";"http://www.fantascienza.com/catalogo/autori/NILF16521/ruggero-guarino/"
"NILF22526";"Guarise, Cristina";"http://www.fantascienza.com/catalogo/autori/NILF22526/cristina-guarise/"
"NILF21734";"Guarnaccia, Matteo";"http://www.fantascienza.com/catalogo/autori/NILF21734/matteo-guarnaccia/"
"NILF22769";"Guarneri, E. ""Gomma""";"http://www.fantascienza.com/catalogo/autori/NILF22769/e-gomma-guarneri/"
"NILF12400";"Guarnerio, Emanuela";"http://www.fantascienza.com/catalogo/autori/NILF12400/emanuela-guarnerio/"
"NILF25968";"Guarnieri, Alberico";"http://www.fantascienza.com/catalogo/autori/NILF25968/alberico-guarnieri/"
"NILF18156";"Guarnieri, Alessio";"http://www.fantascienza.com/catalogo/autori/NILF18156/alessio-guarnieri/"
"NILF16769";"Guarnieri, Annarita";"http://www.fantascienza.com/catalogo/autori/NILF16769/annarita-guarnieri/"
"NILF16977";"Guarriello, Pietro";"http://www.fantascienza.com/catalogo/autori/NILF16977/pietro-guarriello/"
"NILF23404";"Guasco, Rodolfo";"http://www.fantascienza.com/catalogo/autori/NILF23404/rodolfo-guasco/"
"NILF21284";"Guaspari, Maria Bartolozzi";"http://www.fantascienza.com/catalogo/autori/NILF21284/maria-bartolozzi-guaspari/"
"NILF16422";"Guasta, ";"http://www.fantascienza.com/catalogo/autori/NILF16422/-guasta/"
"NILF25318";"Guasta, Guglielmo";"http://www.fantascienza.com/catalogo/autori/NILF25318/guglielmo-guasta/"
"NILF22414";"Guazzetti, Giorgio";"http://www.fantascienza.com/catalogo/autori/NILF22414/giorgio-guazzetti/"
"NILF18555";"Guedalla, Philip";"http://www.fantascienza.com/catalogo/autori/NILF18555/philip-guedalla/"
"NILF23656";"Gueglio, Vincenzo";"http://www.fantascienza.com/catalogo/autori/NILF23656/vincenzo-gueglio/"
"NILF24761";"Guernieri, Lindo";"http://www.fantascienza.com/catalogo/autori/NILF24761/lindo-guernieri/"
"NILF19238";"Guerra, Alvise";"http://www.fantascienza.com/catalogo/autori/NILF19238/alvise-guerra/"
"NILF22344";"Guerra, Antonio Maria";"http://www.fantascienza.com/catalogo/autori/NILF22344/antonio-maria-guerra/"
"NILF17459";"Guerra, Elio";"http://www.fantascienza.com/catalogo/autori/NILF17459/elio-guerra/"
"NILF21169";"Guerra, Gabriele";"http://www.fantascienza.com/catalogo/autori/NILF21169/gabriele-guerra/"
"NILF20281";"Guerra, Gianluca";"http://www.fantascienza.com/catalogo/autori/NILF20281/gianluca-guerra/"
"NILF20360";"Guerra, Lia";"http://www.fantascienza.com/catalogo/autori/NILF20360/lia-guerra/"
"NILF24606";"Guerra, Monica";"http://www.fantascienza.com/catalogo/autori/NILF24606/monica-guerra/"
"NILF19769";"Guerra, Raffaello";"http://www.fantascienza.com/catalogo/autori/NILF19769/raffaello-guerra/"
"NILF20919";"Guerra, Tonino";"http://www.fantascienza.com/catalogo/autori/NILF20919/tonino-guerra/"
"NILF24687";"Guerrasio, Guido";"http://www.fantascienza.com/catalogo/autori/NILF24687/guido-guerrasio/"
"NILF12402";"Guerrazzi, Francesco Domenico";"http://www.fantascienza.com/catalogo/autori/NILF12402/francesco-domenico-guerrazzi/"
"NILF12403";"Guerrero, Margarita";"http://www.fantascienza.com/catalogo/autori/NILF12403/margarita-guerrero/"
"NILF20334";"Guerrieri, Gerardo";"http://www.fantascienza.com/catalogo/autori/NILF20334/gerardo-guerrieri/"
"NILF22365";"Guerriero, Lorenzo";"http://www.fantascienza.com/catalogo/autori/NILF22365/lorenzo-guerriero/"
"NILF12404";"Guerrini, Remo";"http://www.fantascienza.com/catalogo/autori/NILF12404/remo-guerrini/"
"NILF12405";"Guerrini, Tiberio";"http://www.fantascienza.com/catalogo/autori/NILF12405/tiberio-guerrini/"
"NILF12406";"Guest, Diane";"http://www.fantascienza.com/catalogo/autori/NILF12406/diane-guest/"
"NILF18060";"Guest, Lady Charlotte";"http://www.fantascienza.com/catalogo/autori/NILF18060/lady-charlotte-guest/"
"NILF18699";"Guesvillers, Gustavo";"http://www.fantascienza.com/catalogo/autori/NILF18699/gustavo-guesvillers/"
"NILF25718";"Guglielman, Stefania";"http://www.fantascienza.com/catalogo/autori/NILF25718/stefania-guglielman/"
"NILF19336";"Guglielmi, Elise";"http://www.fantascienza.com/catalogo/autori/NILF19336/elise-guglielmi/"
"NILF12407";"Guglielmi, Ettore";"http://www.fantascienza.com/catalogo/autori/NILF12407/ettore-guglielmi/"
"NILF23612";"Guglielmi, Federico";"http://www.fantascienza.com/catalogo/autori/NILF23612/federico-guglielmi/"
"NILF16688";"Guglielmi, Giancarlo";"http://www.fantascienza.com/catalogo/autori/NILF16688/giancarlo-guglielmi/"
"NILF17892";"Guglielmoni, Paolo";"http://www.fantascienza.com/catalogo/autori/NILF17892/paolo-guglielmoni/"
"NILF12408";"Gugliemone, Sandro";"http://www.fantascienza.com/catalogo/autori/NILF12408/sandro-gugliemone/"
"NILF18839";"Gui, Maddalena";"http://www.fantascienza.com/catalogo/autori/NILF18839/maddalena-gui/"
"NILF25349";"Guidarini, Chiara";"http://www.fantascienza.com/catalogo/autori/NILF25349/chiara-guidarini/"
"NILF17979";"Guidetti, Augusta";"http://www.fantascienza.com/catalogo/autori/NILF17979/augusta-guidetti/"
"NILF25244";"Guidetti, Gabriela";"http://www.fantascienza.com/catalogo/autori/NILF25244/gabriela-guidetti/"
"NILF21658";"Guidi, Egizio";"http://www.fantascienza.com/catalogo/autori/NILF21658/egizio-guidi/"
"NILF20507";"Guidi, Laura";"http://www.fantascienza.com/catalogo/autori/NILF20507/laura-guidi/"
"NILF16234";"Guidi, Luigi B.";"http://www.fantascienza.com/catalogo/autori/NILF16234/luigi-b-guidi/"
"NILF24627";"Guidi, Oretta";"http://www.fantascienza.com/catalogo/autori/NILF24627/oretta-guidi/"
"NILF12409";"Guido, Luciana Simonetta";"http://www.fantascienza.com/catalogo/autori/NILF12409/luciana-simonetta-guido/"
"NILF25122";"Guidoni, Umberto";"http://www.fantascienza.com/catalogo/autori/NILF25122/umberto-guidoni/"
"NILF22653";"Guidotti, Francesca";"http://www.fantascienza.com/catalogo/autori/NILF22653/francesca-guidotti/"
"NILF21457";"Guiducci, Paolo";"http://www.fantascienza.com/catalogo/autori/NILF21457/paolo-guiducci/"
"NILF12410";"Guieu, Jimmy";"http://www.fantascienza.com/catalogo/autori/NILF12410/jimmy-guieu/"
"NILF12411";"Guignard, Gabriel";"http://www.fantascienza.com/catalogo/autori/NILF12411/gabriel-guignard/"
"NILF20440";"Guilbert, Jean-Claude";"http://www.fantascienza.com/catalogo/autori/NILF20440/jean-claude-guilbert/"
"NILF25646";"Guiley, Rosemary Ellen";"http://www.fantascienza.com/catalogo/autori/NILF25646/rosemary-ellen-guiley/"
"NILF24438";"Guilfoile, Kevin";"http://www.fantascienza.com/catalogo/autori/NILF24438/kevin-guilfoile/"
"NILF19609";"Guillot, René";"http://www.fantascienza.com/catalogo/autori/NILF19609/ren-e-guillot/"
"NILF12412";"Guin, Wyman";"http://www.fantascienza.com/catalogo/autori/NILF12412/wyman-guin/"
"NILF12413";"Guinan, John";"http://www.fantascienza.com/catalogo/autori/NILF12413/john-guinan/"
"NILF16150";"Guiod, Jacques";"http://www.fantascienza.com/catalogo/autori/NILF16150/jacques-guiod/"
"NILF19058";"Gulisano, Paolo";"http://www.fantascienza.com/catalogo/autori/NILF19058/paolo-gulisano/"
"NILF26110";"Gulli, Dario Maria";"http://www.fantascienza.com/catalogo/autori/NILF26110/dario-maria-gulli/"
"NILF12414";"Gulliver, ";"http://www.fantascienza.com/catalogo/autori/NILF12414/-gulliver/"
"NILF26188";"Gungui, Francesco";"http://www.fantascienza.com/catalogo/autori/NILF26188/francesco-gungui/"
"NILF23768";"Gunjaca, Drazan";"http://www.fantascienza.com/catalogo/autori/NILF23768/drazan-gunjaca/"
"NILF12415";"Gunn, Eileen";"http://www.fantascienza.com/catalogo/autori/NILF12415/eileen-gunn/"
"NILF12416";"Gunn, James E.";"http://www.fantascienza.com/catalogo/autori/NILF12416/james-e-gunn/"
"NILF18049";"Guon, Ellen [Sue]";"http://www.fantascienza.com/catalogo/autori/NILF18049/ellen-sue-guon/"
"NILF26189";"Guptara, Suresh e Jyoti";"http://www.fantascienza.com/catalogo/autori/NILF26189/suresh-e-jyoti-guptara/"
"NILF12417";"Gurevič, Georgij";"http://www.fantascienza.com/catalogo/autori/NILF12417/georgij-gurevic/"
"NILF12418";"Gurwit, S. Gordon";"http://www.fantascienza.com/catalogo/autori/NILF12418/s-gordon-gurwit/"
"NILF12419";"Gustafsson, Lars";"http://www.fantascienza.com/catalogo/autori/NILF12419/lars-gustafsson/"
"NILF12423";"Gutteridge, Lindsay";"http://www.fantascienza.com/catalogo/autori/NILF12423/lindsay-gutteridge/"
"NILF12424";"Guttridge, Len";"http://www.fantascienza.com/catalogo/autori/NILF12424/len-guttridge/"
"NILF23371";"Guzzano, Alessio";"http://www.fantascienza.com/catalogo/autori/NILF23371/alessio-guzzano/"
"NILF21709";"Guzzardi, Peter";"http://www.fantascienza.com/catalogo/autori/NILF21709/peter-guzzardi/"
"NILF12425";"Gygax, Gary";"http://www.fantascienza.com/catalogo/autori/NILF12425/gary-gygax/"
