"NILF12833";"K'Ou Lieh Yü, ";"http://www.fantascienza.com/catalogo/autori/NILF12833/-k-ou-lieh-yu/"
"NILF24747";"Kaaberbøl, Lene";"http://www.fantascienza.com/catalogo/autori/NILF24747/lene-kaaberbol/"
"NILF26260";"Kaborè, Gaston";"http://www.fantascienza.com/catalogo/autori/NILF26260/gaston-kabore/"
"NILF12835";"Kadar, Max";"http://www.fantascienza.com/catalogo/autori/NILF12835/max-kadar/"
"NILF12836";"Kadaré, Ismail";"http://www.fantascienza.com/catalogo/autori/NILF12836/ismail-kadar-e/"
"NILF12837";"Kadrey, Richard";"http://www.fantascienza.com/catalogo/autori/NILF12837/richard-kadrey/"
"NILF16763";"Kaemfert, W.";"http://www.fantascienza.com/catalogo/autori/NILF16763/w-kaemfert/"
"NILF17888";"Kaewert, Julie";"http://www.fantascienza.com/catalogo/autori/NILF17888/julie-kaewert/"
"NILF12838";"Kafka, Franz";"http://www.fantascienza.com/catalogo/autori/NILF12838/franz-kafka/"
"NILF12839";"Kagan, Janet";"http://www.fantascienza.com/catalogo/autori/NILF12839/janet-kagan/"
"NILF22407";"Kagarlickij, Julij";"http://www.fantascienza.com/catalogo/autori/NILF22407/julij-kagarlickij/"
"NILF22238";"Kahn, David";"http://www.fantascienza.com/catalogo/autori/NILF22238/david-kahn/"
"NILF12841";"Kahn, James";"http://www.fantascienza.com/catalogo/autori/NILF12841/james-kahn/"
"NILF23333";"Kahn, Michèle";"http://www.fantascienza.com/catalogo/autori/NILF23333/michele-kahn/"
"NILF17041";"Kaiine, John";"http://www.fantascienza.com/catalogo/autori/NILF17041/john-kaiine/"
"NILF18975";"Kajon, Irene";"http://www.fantascienza.com/catalogo/autori/NILF18975/irene-kajon/"
"NILF21665";"Kaku Michio, ";"http://www.fantascienza.com/catalogo/autori/NILF21665/-kaku-michio/"
"NILF12842";"Kale, Bonita";"http://www.fantascienza.com/catalogo/autori/NILF12842/bonita-kale/"
"NILF21105";"Kalfus, Ken";"http://www.fantascienza.com/catalogo/autori/NILF21105/ken-kalfus/"
"NILF12844";"Kaminsky, Stuart M.";"http://www.fantascienza.com/catalogo/autori/NILF12844/stuart-m-kaminsky/"
"NILF17633";"Kampmann, Eva";"http://www.fantascienza.com/catalogo/autori/NILF17633/eva-kampmann/"
"NILF12845";"Kanasta, Franz Marius";"http://www.fantascienza.com/catalogo/autori/NILF12845/franz-marius-kanasta/"
"NILF12846";"Kancer, Serge";"http://www.fantascienza.com/catalogo/autori/NILF12846/serge-kancer/"
"NILF12847";"Kandel, Michael";"http://www.fantascienza.com/catalogo/autori/NILF12847/michael-kandel/"
"NILF22666";"Kandel, Stephen";"http://www.fantascienza.com/catalogo/autori/NILF22666/stephen-kandel/"
"NILF18353";"Kane, Henry";"http://www.fantascienza.com/catalogo/autori/NILF18353/henry-kane/"
"NILF24087";"Kaniuk, Yoram";"http://www.fantascienza.com/catalogo/autori/NILF24087/yoram-kaniuk/"
"NILF23911";"Kant, Immanuel";"http://www.fantascienza.com/catalogo/autori/NILF23911/immanuel-kant/"
"NILF12851";"Kapp, Colin";"http://www.fantascienza.com/catalogo/autori/NILF12851/colin-kapp/"
"NILF21526";"Kappa Boys, ";"http://www.fantascienza.com/catalogo/autori/NILF21526/-kappa-boys/"
"NILF18211";"Kargilov, Petar";"http://www.fantascienza.com/catalogo/autori/NILF18211/petar-kargilov/"
"NILF12854";"Karinthy Frigyes, ";"http://www.fantascienza.com/catalogo/autori/NILF12854/-karinthy-frigyes/"
"NILF26484";"Karpyshyn, Drew";"http://www.fantascienza.com/catalogo/autori/NILF26484/drew-karpyshyn/"
"NILF12856";"Karr, Phyllis Ann";"http://www.fantascienza.com/catalogo/autori/NILF12856/phyllis-ann-karr/"
"NILF26192";"Kasper, Hartmut";"http://www.fantascienza.com/catalogo/autori/NILF26192/hartmut-kasper/"
"NILF12857";"Kasson, Helen W.";"http://www.fantascienza.com/catalogo/autori/NILF12857/helen-w-kasson/"
"NILF12858";"Kastle, Herbert D.";"http://www.fantascienza.com/catalogo/autori/NILF12858/herbert-d-kastle/"
"NILF22239";"Katz, Robert";"http://www.fantascienza.com/catalogo/autori/NILF22239/robert-katz/"
"NILF17863";"Katz, Steve";"http://www.fantascienza.com/catalogo/autori/NILF17863/steve-katz/"
"NILF21575";"Katz, Welwyn Wilton";"http://www.fantascienza.com/catalogo/autori/NILF21575/welwyn-wilton-katz/"
"NILF12859";"Katz, William";"http://www.fantascienza.com/catalogo/autori/NILF12859/william-katz/"
"NILF17670";"Katzenbach, John";"http://www.fantascienza.com/catalogo/autori/NILF17670/john-katzenbach/"
"NILF25215";"Kaufman, Andrew";"http://www.fantascienza.com/catalogo/autori/NILF25215/andrew-kaufman/"
"NILF12860";"Kavan, Anna";"http://www.fantascienza.com/catalogo/autori/NILF12860/anna-kavan/"
"NILF18572";"Kavanagh, Marcus";"http://www.fantascienza.com/catalogo/autori/NILF18572/marcus-kavanagh/"
"NILF21921";"Kawahara Yoshie, ";"http://www.fantascienza.com/catalogo/autori/NILF21921/-kawahara-yoshie/"
"NILF18862";"Kay, Elizabeth";"http://www.fantascienza.com/catalogo/autori/NILF18862/elizabeth-kay/"
"NILF12861";"Kay, Guy Gavriel";"http://www.fantascienza.com/catalogo/autori/NILF12861/guy-gavriel-kay/"
"NILF18178";"Kay, Nell";"http://www.fantascienza.com/catalogo/autori/NILF18178/nell-kay/"
"NILF12862";"Kaye, Marvin";"http://www.fantascienza.com/catalogo/autori/NILF12862/marvin-kaye/"
"NILF16172";"Kaye, Melanie";"http://www.fantascienza.com/catalogo/autori/NILF16172/melanie-kaye/"
"NILF12863";"Kayser, Ronal";"http://www.fantascienza.com/catalogo/autori/NILF12863/ronal-kayser/"
"NILF12864";"Kazancev, Alexander";"http://www.fantascienza.com/catalogo/autori/NILF12864/alexander-kazancev/"
"NILF12866";"Kearns, Winn";"http://www.fantascienza.com/catalogo/autori/NILF12866/winn-kearns/"
"NILF26644";"Keaton, Kurt";"http://www.fantascienza.com/catalogo/autori/NILF26644/kurt-keaton/"
"NILF26164";"Kedros, Elena";"http://www.fantascienza.com/catalogo/autori/NILF26164/elena-kedros/"
"NILF20794";"Keegan, John";"http://www.fantascienza.com/catalogo/autori/NILF20794/john-keegan/"
"NILF18584";"Keel, John A.";"http://www.fantascienza.com/catalogo/autori/NILF18584/john-a-keel/"
"NILF12867";"Keeler, Harry Stephen";"http://www.fantascienza.com/catalogo/autori/NILF12867/harry-stephen-keeler/"
"NILF12868";"Keilty, James";"http://www.fantascienza.com/catalogo/autori/NILF12868/james-keilty/"
"NILF20816";"Keinhorst, Annette";"http://www.fantascienza.com/catalogo/autori/NILF20816/annette-keinhorst/"
"NILF12869";"Keith, Donald";"http://www.fantascienza.com/catalogo/autori/NILF12869/donald-keith/"
"NILF12870";"Keith, William H. jr.";"http://www.fantascienza.com/catalogo/autori/NILF12870/william-h-jr-keith/"
"NILF12871";"Kelleam, Joseph E.";"http://www.fantascienza.com/catalogo/autori/NILF12871/joseph-e-kelleam/"
"NILF12872";"Keller, David H.";"http://www.fantascienza.com/catalogo/autori/NILF12872/david-h-keller/"
"NILF12873";"Keller, Gottfried";"http://www.fantascienza.com/catalogo/autori/NILF12873/gottfried-keller/"
"NILF12874";"Kellermann, Bernhard";"http://www.fantascienza.com/catalogo/autori/NILF12874/bernhard-kellermann/"
"NILF23524";"Kellermann, Edoardo Volpi";"http://www.fantascienza.com/catalogo/autori/NILF23524/edoardo-volpi-kellermann/"
"NILF21962";"Kelley, Jack";"http://www.fantascienza.com/catalogo/autori/NILF21962/jack-kelley/"
"NILF12875";"Kelley, Leo P.";"http://www.fantascienza.com/catalogo/autori/NILF12875/leo-p-kelley/"
"NILF12877";"Kellog, Max";"http://www.fantascienza.com/catalogo/autori/NILF12877/max-kellog/"
"NILF12879";"Kelly, James Patrick";"http://www.fantascienza.com/catalogo/autori/NILF12879/james-patrick-kelly/"
"NILF18553";"Kelly, Jason";"http://www.fantascienza.com/catalogo/autori/NILF18553/jason-kelly/"
"NILF12880";"Kelly, John";"http://www.fantascienza.com/catalogo/autori/NILF12880/john-kelly/"
"NILF19052";"Kemoun, Hubert Ben";"http://www.fantascienza.com/catalogo/autori/NILF19052/hubert-ben-kemoun/"
"NILF24724";"Kemp, Paul S.";"http://www.fantascienza.com/catalogo/autori/NILF24724/paul-s-kemp/"
"NILF16183";"Kempe, Joseph C.";"http://www.fantascienza.com/catalogo/autori/NILF16183/joseph-c-kempe/"
"NILF22203";"Kempe, Karl";"http://www.fantascienza.com/catalogo/autori/NILF22203/karl-kempe/"
"NILF26137";"Kempke, Christopher";"http://www.fantascienza.com/catalogo/autori/NILF26137/christopher-kempke/"
"NILF20566";"Kempley, Walter";"http://www.fantascienza.com/catalogo/autori/NILF20566/walter-kempley/"
"NILF21310";"Kemprecos, Paul";"http://www.fantascienza.com/catalogo/autori/NILF21310/paul-kemprecos/"
"NILF12881";"Kenin, Millea";"http://www.fantascienza.com/catalogo/autori/NILF12881/millea-kenin/"
"NILF23554";"Kennedy, Gerald J.";"http://www.fantascienza.com/catalogo/autori/NILF23554/gerald-j-kennedy/"
"NILF25482";"Kennedy, Kathryne";"http://www.fantascienza.com/catalogo/autori/NILF25482/kathryne-kennedy/"
"NILF12882";"Kennedy, Leigh";"http://www.fantascienza.com/catalogo/autori/NILF12882/leigh-kennedy/"
"NILF17485";"Kennedy, Patrick";"http://www.fantascienza.com/catalogo/autori/NILF17485/patrick-kennedy/"
"NILF25764";"Kennen, Ally";"http://www.fantascienza.com/catalogo/autori/NILF25764/ally-kennen/"
"NILF20496";"Kenney, Buk";"http://www.fantascienza.com/catalogo/autori/NILF20496/buk-kenney/"
"NILF18220";"Kennington, Alan";"http://www.fantascienza.com/catalogo/autori/NILF18220/alan-kennington/"
"NILF12883";"Kent, Michael";"http://www.fantascienza.com/catalogo/autori/NILF12883/michael-kent/"
"NILF19921";"Kenyon, Sherrilyn";"http://www.fantascienza.com/catalogo/autori/NILF19921/sherrilyn-kenyon/"
"NILF19001";"Keogh, Theodora";"http://www.fantascienza.com/catalogo/autori/NILF19001/theodora-keogh/"
"NILF25230";"Keohane, Daniel G.";"http://www.fantascienza.com/catalogo/autori/NILF25230/daniel-g-keohane/"
"NILF24008";"Keown, Eric";"http://www.fantascienza.com/catalogo/autori/NILF24008/eric-keown/"
"NILF12884";"Keplero, Giovanni";"http://www.fantascienza.com/catalogo/autori/NILF12884/giovanni-keplero/"
"NILF26286";"Kerdellant, Christine";"http://www.fantascienza.com/catalogo/autori/NILF26286/christine-kerdellant/"
"NILF24088";"Keret, Etgar";"http://www.fantascienza.com/catalogo/autori/NILF24088/etgar-keret/"
"NILF12885";"Kerit, Francis";"http://www.fantascienza.com/catalogo/autori/NILF12885/francis-kerit/"
"NILF12887";"Kerner, Charlotte";"http://www.fantascienza.com/catalogo/autori/NILF12887/charlotte-kerner/"
"NILF12888";"Kerr, Katharine";"http://www.fantascienza.com/catalogo/autori/NILF12888/katharine-kerr/"
"NILF12889";"Kerr, Philip";"http://www.fantascienza.com/catalogo/autori/NILF12889/philip-kerr/"
"NILF12890";"Kerruish, Jessie Douglas";"http://www.fantascienza.com/catalogo/autori/NILF12890/jessie-douglas-kerruish/"
"NILF12891";"Kersh, Gerald";"http://www.fantascienza.com/catalogo/autori/NILF12891/gerald-kersh/"
"NILF12893";"Kessel, John";"http://www.fantascienza.com/catalogo/autori/NILF12893/john-kessel/"
"NILF12894";"Kesselring, Joseph O.";"http://www.fantascienza.com/catalogo/autori/NILF12894/joseph-o-kesselring/"
"NILF25016";"Kessler, Liz";"http://www.fantascienza.com/catalogo/autori/NILF25016/liz-kessler/"
"NILF16631";"Kessler, Risa";"http://www.fantascienza.com/catalogo/autori/NILF16631/risa-kessler/"
"NILF22546";"Kesson, Jessie";"http://www.fantascienza.com/catalogo/autori/NILF22546/jessie-kesson/"
"NILF17246";"Ketchum, Jack";"http://www.fantascienza.com/catalogo/autori/NILF17246/jack-ketchum/"
"NILF12896";"Kettle, Leroy";"http://www.fantascienza.com/catalogo/autori/NILF12896/leroy-kettle/"
"NILF21527";"Key, Alexander";"http://www.fantascienza.com/catalogo/autori/NILF21527/alexander-key/"
"NILF19679";"Keyer, Amabile";"http://www.fantascienza.com/catalogo/autori/NILF19679/amabile-keyer/"
"NILF12898";"Keyes, Daniel";"http://www.fantascienza.com/catalogo/autori/NILF12898/daniel-keyes/"
"NILF17316";"Keyes, J. Gregory";"http://www.fantascienza.com/catalogo/autori/NILF17316/j-gregory-keyes/"
"NILF25645";"Keyes Youngson, Jeanne";"http://www.fantascienza.com/catalogo/autori/NILF25645/jeanne-keyes-youngson/"
"NILF22278";"Keysering, Harnold";"http://www.fantascienza.com/catalogo/autori/NILF22278/harnold-keysering/"
"NILF16494";"Keyserling, Arnold";"http://www.fantascienza.com/catalogo/autori/NILF16494/arnold-keyserling/"
"NILF18390";"Khan, Ciro";"http://www.fantascienza.com/catalogo/autori/NILF18390/ciro-khan/"
"NILF20855";"Kharitidi, Olga";"http://www.fantascienza.com/catalogo/autori/NILF20855/olga-kharitidi/"
"NILF20391";"Khouri, Nadia";"http://www.fantascienza.com/catalogo/autori/NILF20391/nadia-khouri/"
"NILF12900";"Ki-Tsi Chen, ";"http://www.fantascienza.com/catalogo/autori/NILF12900/-ki-tsi-chen/"
"NILF12901";"Kidd, A. F.";"http://www.fantascienza.com/catalogo/autori/NILF12901/a-f-kidd/"
"NILF12902";"Kidd, Virginia";"http://www.fantascienza.com/catalogo/autori/NILF12902/virginia-kidd/"
"NILF12903";"Kieffer, Eduardo Gudiño";"http://www.fantascienza.com/catalogo/autori/NILF12903/eduardo-gudino-kieffer/"
"NILF17502";"Kiely, Benedict";"http://www.fantascienza.com/catalogo/autori/NILF17502/benedict-kiely/"
"NILF19809";"Kiernan, Caitlín R.";"http://www.fantascienza.com/catalogo/autori/NILF19809/caitl-in-r-kiernan/"
"NILF24267";"Kiesler, Emma Masci";"http://www.fantascienza.com/catalogo/autori/NILF24267/emma-masci-kiesler/"
"NILF12904";"Kiesner, James";"http://www.fantascienza.com/catalogo/autori/NILF12904/james-kiesner/"
"NILF12905";"Kijé, Lieutenant";"http://www.fantascienza.com/catalogo/autori/NILF12905/lieutenant-kij-e/"
"NILF24495";"Kikuchi Hideyuki, ";"http://www.fantascienza.com/catalogo/autori/NILF24495/-kikuchi-hideyuki/"
"NILF12906";"Kilian, George";"http://www.fantascienza.com/catalogo/autori/NILF12906/george-kilian/"
"NILF24787";"Killer, Ulrike";"http://www.fantascienza.com/catalogo/autori/NILF24787/ulrike-killer/"
"NILF16029";"Killheffer, Robert K. J.";"http://www.fantascienza.com/catalogo/autori/NILF16029/robert-k-j-killheffer/"
"NILF12907";"Killough, H. Patrick";"http://www.fantascienza.com/catalogo/autori/NILF12907/h-patrick-killough/"
"NILF12908";"Killough, Lee";"http://www.fantascienza.com/catalogo/autori/NILF12908/lee-killough/"
"NILF12909";"Killus, James P.";"http://www.fantascienza.com/catalogo/autori/NILF12909/james-p-killus/"
"NILF12910";"Kilpatrick, Nancy";"http://www.fantascienza.com/catalogo/autori/NILF12910/nancy-kilpatrick/"
"NILF12911";"Kilworth, Garry";"http://www.fantascienza.com/catalogo/autori/NILF12911/garry-kilworth/"
"NILF25003";"Kimerik Edizioni, ";"http://www.fantascienza.com/catalogo/autori/NILF25003/-kimerik-edizioni/"
"NILF17504";"Kincaid, Jamaica";"http://www.fantascienza.com/catalogo/autori/NILF17504/jamaica-kincaid/"
"NILF17033";"Kindl, Patrice";"http://www.fantascienza.com/catalogo/autori/NILF17033/patrice-kindl/"
"NILF16814";"Kiner, Ferruccio";"http://www.fantascienza.com/catalogo/autori/NILF16814/ferruccio-kiner/"
"NILF12914";"King, Alexander";"http://www.fantascienza.com/catalogo/autori/NILF12914/alexander-king/"
"NILF12915";"King, Charles";"http://www.fantascienza.com/catalogo/autori/NILF12915/charles-king/"
"NILF21436";"King, Daly";"http://www.fantascienza.com/catalogo/autori/NILF21436/daly-king/"
"NILF12916";"King, J. Robert";"http://www.fantascienza.com/catalogo/autori/NILF12916/j-robert-king/"
"NILF26436";"King, Laurie R.";"http://www.fantascienza.com/catalogo/autori/NILF26436/laurie-r-king/"
"NILF12917";"King, Marshall";"http://www.fantascienza.com/catalogo/autori/NILF12917/marshall-king/"
"NILF12918";"King, Rufus";"http://www.fantascienza.com/catalogo/autori/NILF12918/rufus-king/"
"NILF12919";"King, Stephen";"http://www.fantascienza.com/catalogo/autori/NILF12919/stephen-king/"
"NILF12921";"King, Vincent";"http://www.fantascienza.com/catalogo/autori/NILF12921/vincent-king/"
"NILF12922";"King, William";"http://www.fantascienza.com/catalogo/autori/NILF12922/william-king/"
"NILF25895";"King-Smith, Dick";"http://www.fantascienza.com/catalogo/autori/NILF25895/dick-king-smith/"
"NILF12923";"Kingsbury, Donald";"http://www.fantascienza.com/catalogo/autori/NILF12923/donald-kingsbury/"
"NILF17548";"Kingsford, Anne";"http://www.fantascienza.com/catalogo/autori/NILF17548/anne-kingsford/"
"NILF12924";"Kingsley, Charles";"http://www.fantascienza.com/catalogo/autori/NILF12924/charles-kingsley/"
"NILF16146";"Kinnaird, Clark";"http://www.fantascienza.com/catalogo/autori/NILF16146/clark-kinnaird/"
"NILF12925";"Kinston, William";"http://www.fantascienza.com/catalogo/autori/NILF12925/william-kinston/"
"NILF12926";"Kipling, Rudyard";"http://www.fantascienza.com/catalogo/autori/NILF12926/rudyard-kipling/"
"NILF23238";"Kirchhoff, Vicki";"http://www.fantascienza.com/catalogo/autori/NILF23238/vicki-kirchhoff/"
"NILF12927";"Kirchoff, Mary";"http://www.fantascienza.com/catalogo/autori/NILF12927/mary-kirchoff/"
"NILF12928";"Kirk, Robert";"http://www.fantascienza.com/catalogo/autori/NILF12928/robert-kirk/"
"NILF12929";"Kirk, Russell";"http://www.fantascienza.com/catalogo/autori/NILF12929/russell-kirk/"
"NILF22725";"Kirsch, Sarah";"http://www.fantascienza.com/catalogo/autori/NILF22725/sarah-kirsch/"
"NILF22838";"Kirschener, David";"http://www.fantascienza.com/catalogo/autori/NILF22838/david-kirschener/"
"NILF12931";"Kirst, Hans Hellmut";"http://www.fantascienza.com/catalogo/autori/NILF12931/hans-hellmut-kirst/"
"NILF12933";"Kisner, James";"http://www.fantascienza.com/catalogo/autori/NILF12933/james-kisner/"
"NILF21288";"Kita Morio, ";"http://www.fantascienza.com/catalogo/autori/NILF21288/-kita-morio/"
"NILF21862";"Kitano Yuusaku, ";"http://www.fantascienza.com/catalogo/autori/NILF21862/-kitano-yuusaku/"
"NILF12934";"Kiu-Ming Tso, ";"http://www.fantascienza.com/catalogo/autori/NILF12934/-kiu-ming-tso/"
"NILF12935";"Kivert, Sao";"http://www.fantascienza.com/catalogo/autori/NILF12935/sao-kivert/"
"NILF19512";"Kjelgaard, Jim";"http://www.fantascienza.com/catalogo/autori/NILF19512/jim-kjelgaard/"
"NILF12936";"Klass, Morton";"http://www.fantascienza.com/catalogo/autori/NILF12936/morton-klass/"
"NILF12938";"Klause, Annette Curtis";"http://www.fantascienza.com/catalogo/autori/NILF12938/annette-curtis-klause/"
"NILF12939";"Klauspawer, Henry J.";"http://www.fantascienza.com/catalogo/autori/NILF12939/henry-j-klauspawer/"
"NILF17752";"Klavan, Andrew";"http://www.fantascienza.com/catalogo/autori/NILF17752/andrew-klavan/"
"NILF17768";"Kleiler, Glenn";"http://www.fantascienza.com/catalogo/autori/NILF17768/glenn-kleiler/"
"NILF12940";"Klein, Gérard";"http://www.fantascienza.com/catalogo/autori/NILF12940/g-erard-klein/"
"NILF17375";"Klein, Simonetta";"http://www.fantascienza.com/catalogo/autori/NILF17375/simonetta-klein/"
"NILF12941";"Klein, T. E. D.";"http://www.fantascienza.com/catalogo/autori/NILF12941/t-e-d-klein/"
"NILF22830";"Kleinbaum, N. H.";"http://www.fantascienza.com/catalogo/autori/NILF22830/n-h-kleinbaum/"
"NILF12942";"Kleine, Walter L.";"http://www.fantascienza.com/catalogo/autori/NILF12942/walter-l-kleine/"
"NILF16220";"Kleiner, Rheinhardt";"http://www.fantascienza.com/catalogo/autori/NILF16220/rheinhardt-kleiner/"
"NILF16271";"Klement, Otto";"http://www.fantascienza.com/catalogo/autori/NILF16271/otto-klement/"
"NILF19350";"Klíma, Ladislav";"http://www.fantascienza.com/catalogo/autori/NILF19350/ladislav-kl-ima/"
"NILF12944";"Kline, Otis Adelbert";"http://www.fantascienza.com/catalogo/autori/NILF12944/otis-adelbert-kline/"
"NILF20503";"Klisura, Gian";"http://www.fantascienza.com/catalogo/autori/NILF20503/gian-klisura/"
"NILF24484";"Kloepping, Sven";"http://www.fantascienza.com/catalogo/autori/NILF24484/sven-kloepping/"
"NILF12945";"Klossowski, Pierre";"http://www.fantascienza.com/catalogo/autori/NILF12945/pierre-klossowski/"
"NILF12946";"Knaak, Richard A.";"http://www.fantascienza.com/catalogo/autori/NILF12946/richard-a-knaak/"
"NILF12947";"Kneale, Nigel";"http://www.fantascienza.com/catalogo/autori/NILF12947/nigel-kneale/"
"NILF12948";"Knebel, Flechter";"http://www.fantascienza.com/catalogo/autori/NILF12948/flechter-knebel/"
"NILF26622";"Kneifel, Hans";"http://www.fantascienza.com/catalogo/autori/NILF26622/hans-kneifel/"
"NILF12949";"Knight, Damon";"http://www.fantascienza.com/catalogo/autori/NILF12949/damon-knight/"
"NILF12950";"Knight, Eric";"http://www.fantascienza.com/catalogo/autori/NILF12950/eric-knight/"
"NILF12952";"Knight, Norman L.";"http://www.fantascienza.com/catalogo/autori/NILF12952/norman-l-knight/"
"NILF19578";"Knowles, Sir James";"http://www.fantascienza.com/catalogo/autori/NILF19578/sir-james-knowles/"
"NILF18561";"Knox, Ronald Arbuthnott";"http://www.fantascienza.com/catalogo/autori/NILF18561/ronald-arbuthnott-knox/"
"NILF26126";"Knox, Tyler";"http://www.fantascienza.com/catalogo/autori/NILF26126/tyler-knox/"
"NILF21861";"Kobayashi Yasumi, ";"http://www.fantascienza.com/catalogo/autori/NILF21861/-kobayashi-yasumi/"
"NILF12954";"Kobylecky, Judith K.";"http://www.fantascienza.com/catalogo/autori/NILF12954/judith-k-kobylecky/"
"NILF21619";"Koch, Boris";"http://www.fantascienza.com/catalogo/autori/NILF21619/boris-koch/"
"NILF12955";"Koch, Howard";"http://www.fantascienza.com/catalogo/autori/NILF12955/howard-koch/"
"NILF26379";"Koenig, Laird";"http://www.fantascienza.com/catalogo/autori/NILF26379/laird-koenig/"
"NILF12958";"Koestler Arthur, ";"http://www.fantascienza.com/catalogo/autori/NILF12958/-koestler-arthur/"
"NILF12959";"Koja, Kathe";"http://www.fantascienza.com/catalogo/autori/NILF12959/kathe-koja/"
"NILF12960";"Kolakowski, Leszek";"http://www.fantascienza.com/catalogo/autori/NILF12960/leszek-kolakowski/"
"NILF12961";"Kolb, Ken";"http://www.fantascienza.com/catalogo/autori/NILF12961/ken-kolb/"
"NILF17592";"Kolm, Ron";"http://www.fantascienza.com/catalogo/autori/NILF17592/ron-kolm/"
"NILF12962";"Kolom, Aaron L.";"http://www.fantascienza.com/catalogo/autori/NILF12962/aaron-l-kolom/"
"NILF12964";"Kolosimo, Caterina";"http://www.fantascienza.com/catalogo/autori/NILF12964/caterina-kolosimo/"
"NILF12965";"Kolosimo, Peter";"http://www.fantascienza.com/catalogo/autori/NILF12965/peter-kolosimo/"
"NILF12966";"Koman, Victor";"http://www.fantascienza.com/catalogo/autori/NILF12966/victor-koman/"
"NILF19869";"Komatsu Sakyo, ";"http://www.fantascienza.com/catalogo/autori/NILF19869/-komatsu-sakyo/"
"NILF25338";"Konaka J. Chiaki, ";"http://www.fantascienza.com/catalogo/autori/NILF25338/-konaka-j-chiaki/"
"NILF16995";"Kondo, Yoji";"http://www.fantascienza.com/catalogo/autori/NILF16995/yoji-kondo/"
"NILF26635";"Kondylis, Thanos";"http://www.fantascienza.com/catalogo/autori/NILF26635/thanos-kondylis/"
"NILF12967";"Kong-Tsuo Li, ";"http://www.fantascienza.com/catalogo/autori/NILF12967/-kong-tsuo-li/"
"NILF12969";"Konisi, Gaku";"http://www.fantascienza.com/catalogo/autori/NILF12969/gaku-konisi/"
"NILF21289";"Kono Tensei, ";"http://www.fantascienza.com/catalogo/autori/NILF21289/-kono-tensei/"
"NILF18234";"Konvitz, Jeffrey";"http://www.fantascienza.com/catalogo/autori/NILF18234/jeffrey-konvitz/"
"NILF12970";"Koontz, Dean R.";"http://www.fantascienza.com/catalogo/autori/NILF12970/dean-r-koontz/"
"NILF23559";"Kopley, Richard";"http://www.fantascienza.com/catalogo/autori/NILF23559/richard-kopley/"
"NILF12971";"Kornbluth, Cyril M.";"http://www.fantascienza.com/catalogo/autori/NILF12971/cyril-m-kornbluth/"
"NILF23886";"Körner, Heinz";"http://www.fantascienza.com/catalogo/autori/NILF23886/heinz-korner/"
"NILF23890";"Körner, Lucy";"http://www.fantascienza.com/catalogo/autori/NILF23890/lucy-korner/"
"NILF22381";"Korompay, Francesco";"http://www.fantascienza.com/catalogo/autori/NILF22381/francesco-korompay/"
"NILF12972";"Korotkov, Mihail G.";"http://www.fantascienza.com/catalogo/autori/NILF12972/mihail-g-korotkov/"
"NILF12973";"Koscho, Craig C.";"http://www.fantascienza.com/catalogo/autori/NILF12973/craig-c-koscho/"
"NILF25360";"Kostick, Conor";"http://www.fantascienza.com/catalogo/autori/NILF25360/conor-kostick/"
"NILF12975";"Kotzwinkle, William";"http://www.fantascienza.com/catalogo/autori/NILF12975/william-kotzwinkle/"
"NILF16190";"Kowalewski, Felix";"http://www.fantascienza.com/catalogo/autori/NILF16190/felix-kowalewski/"
"NILF12976";"Krabbé, Tim";"http://www.fantascienza.com/catalogo/autori/NILF12976/tim-krabb-e/"
"NILF21814";"Kraft, David Anthony";"http://www.fantascienza.com/catalogo/autori/NILF21814/david-anthony-kraft/"
"NILF22603";"Kraisky, Sergio";"http://www.fantascienza.com/catalogo/autori/NILF22603/sergio-kraisky/"
"NILF21386";"Kramar, Silvia";"http://www.fantascienza.com/catalogo/autori/NILF21386/silvia-kramar/"
"NILF16187";"Kramer, Edgar Daniel";"http://www.fantascienza.com/catalogo/autori/NILF16187/edgar-daniel-kramer/"
"NILF23591";"Kramer, Sherry";"http://www.fantascienza.com/catalogo/autori/NILF23591/sherry-kramer/"
"NILF23398";"Kramer, Stanley";"http://www.fantascienza.com/catalogo/autori/NILF23398/stanley-kramer/"
"NILF12977";"Kramer-Rolls, Dana";"http://www.fantascienza.com/catalogo/autori/NILF12977/dana-kramer-rolls/"
"NILF12978";"Kraus, Rita";"http://www.fantascienza.com/catalogo/autori/NILF12978/rita-kraus/"
"NILF12979";"Kraus, Stephen";"http://www.fantascienza.com/catalogo/autori/NILF12979/stephen-kraus/"
"NILF25119";"Krausser, Helmut";"http://www.fantascienza.com/catalogo/autori/NILF25119/helmut-krausser/"
"NILF24757";"Kreighbaum, Mark";"http://www.fantascienza.com/catalogo/autori/NILF24757/mark-kreighbaum/"
"NILF12981";"Krentz, Jayne Ann";"http://www.fantascienza.com/catalogo/autori/NILF12981/jayne-ann-krentz/"
"NILF19116";"Kreski, Chris";"http://www.fantascienza.com/catalogo/autori/NILF19116/chris-kreski/"
"NILF26004";"Kress, Adrienne";"http://www.fantascienza.com/catalogo/autori/NILF26004/adrienne-kress/"
"NILF12982";"Kress, Nancy";"http://www.fantascienza.com/catalogo/autori/NILF12982/nancy-kress/"
"NILF15883";"Krieger, Stu";"http://www.fantascienza.com/catalogo/autori/NILF15883/stu-krieger/"
"NILF19922";"Krinard, Susan";"http://www.fantascienza.com/catalogo/autori/NILF19922/susan-krinard/"
"NILF23196";"Kröger, Theodor";"http://www.fantascienza.com/catalogo/autori/NILF23196/theodor-kroger/"
"NILF24111";"Krohn, Leena";"http://www.fantascienza.com/catalogo/autori/NILF24111/leena-krohn/"
"NILF12983";"Kroll, Peter";"http://www.fantascienza.com/catalogo/autori/NILF12983/peter-kroll/"
"NILF25126";"Krott, Emerson";"http://www.fantascienza.com/catalogo/autori/NILF25126/emerson-krott/"
"NILF26136";"Krueger, Christina";"http://www.fantascienza.com/catalogo/autori/NILF26136/christina-krueger/"
"NILF24328";"Krulik, Nancy";"http://www.fantascienza.com/catalogo/autori/NILF24328/nancy-krulik/"
"NILF23882";"Kruppa, Hans";"http://www.fantascienza.com/catalogo/autori/NILF23882/hans-kruppa/"
"NILF24658";"Krysinski, Wladimir";"http://www.fantascienza.com/catalogo/autori/NILF24658/wladimir-krysinski/"
"NILF12985";"Kube-Mc Dowell, Michael P.";"http://www.fantascienza.com/catalogo/autori/NILF12985/michael-p-kube-mc-dowell/"
"NILF12986";"Kubilius, W.";"http://www.fantascienza.com/catalogo/autori/NILF12986/w-kubilius/"
"NILF20616";"Kubin, Alfred";"http://www.fantascienza.com/catalogo/autori/NILF20616/alfred-kubin/"
"NILF23885";"Kübler, Roland";"http://www.fantascienza.com/catalogo/autori/NILF23885/roland-kubler/"
"NILF21922";"Kubo Tsugiko, ";"http://www.fantascienza.com/catalogo/autori/NILF21922/-kubo-tsugiko/"
"NILF26582";"Kuciak, Agnieszka";"http://www.fantascienza.com/catalogo/autori/NILF26582/agnieszka-kuciak/"
"NILF16259";"Kuczka Péter, ";"http://www.fantascienza.com/catalogo/autori/NILF16259/-kuczka-p-eter/"
"NILF19795";"Kuehls, David";"http://www.fantascienza.com/catalogo/autori/NILF19795/david-kuehls/"
"NILF22592";"Kule, Elaine A.";"http://www.fantascienza.com/catalogo/autori/NILF22592/elaine-a-kule/"
"NILF21840";"Kumi Saori, ";"http://www.fantascienza.com/catalogo/autori/NILF21840/-kumi-saori/"
"NILF12989";"Kummer, Frederic Arnold jr.";"http://www.fantascienza.com/catalogo/autori/NILF12989/frederic-arnold-jr-kummer/"
"NILF12990";"Kunekta, James W.";"http://www.fantascienza.com/catalogo/autori/NILF12990/james-w-kunekta/"
"NILF17945";"Kunert, Günther";"http://www.fantascienza.com/catalogo/autori/NILF17945/gunther-kunert/"
"NILF21957";"Kuon, Peter";"http://www.fantascienza.com/catalogo/autori/NILF21957/peter-kuon/"
"NILF23347";"Kupfer, Allen Conrad";"http://www.fantascienza.com/catalogo/autori/NILF23347/allen-conrad-kupfer/"
"NILF22258";"Kuprin, Aleksandr";"http://www.fantascienza.com/catalogo/autori/NILF22258/aleksandr-kuprin/"
"NILF24329";"Kurimoto Kaoru, ";"http://www.fantascienza.com/catalogo/autori/NILF24329/-kurimoto-kaoru/"
"NILF26267";"Kurkov, Andrei";"http://www.fantascienza.com/catalogo/autori/NILF26267/andrei-kurkov/"
"NILF12991";"Kurland, Michael";"http://www.fantascienza.com/catalogo/autori/NILF12991/michael-kurland/"
"NILF16095";"Kuroda Toyoji, ";"http://www.fantascienza.com/catalogo/autori/NILF16095/-kuroda-toyoji/"
"NILF12992";"Kurosaka, Robert T.";"http://www.fantascienza.com/catalogo/autori/NILF12992/robert-t-kurosaka/"
"NILF12993";"Kurten, Björn";"http://www.fantascienza.com/catalogo/autori/NILF12993/bjorn-kurten/"
"NILF12994";"Kurtz, Katherine";"http://www.fantascienza.com/catalogo/autori/NILF12994/katherine-kurtz/"
"NILF23625";"Kurzweil, Allen";"http://www.fantascienza.com/catalogo/autori/NILF23625/allen-kurzweil/"
"NILF12995";"Kusenberg, Kurt";"http://www.fantascienza.com/catalogo/autori/NILF12995/kurt-kusenberg/"
"NILF18351";"Kushner, Donn";"http://www.fantascienza.com/catalogo/autori/NILF18351/donn-kushner/"
"NILF12996";"Kushner, Ellen";"http://www.fantascienza.com/catalogo/autori/NILF12996/ellen-kushner/"
"NILF12997";"Kuttner, Henry";"http://www.fantascienza.com/catalogo/autori/NILF12997/henry-kuttner/"
"NILF20321";"Kyle, Duncan";"http://www.fantascienza.com/catalogo/autori/NILF20321/duncan-kyle/"
