"NILF12998";"L'Amour, Louis";"http://www.fantascienza.com/catalogo/autori/NILF12998/louis-l-amour/"
"NILF21456";"L'Anemico, ";"http://www.fantascienza.com/catalogo/autori/NILF21456/-l-anemico/"
"NILF21414";"L'Antenato, ";"http://www.fantascienza.com/catalogo/autori/NILF21414/-l-antenato/"
"NILF16036";"L'Astronauta, ";"http://www.fantascienza.com/catalogo/autori/NILF16036/-l-astronauta/"
"NILF16067";"L'Editore, ";"http://www.fantascienza.com/catalogo/autori/NILF16067/-l-editore/"
"NILF12999";"L'Engle, Madeleine";"http://www.fantascienza.com/catalogo/autori/NILF12999/madeleine-l-engle/"
"NILF23426";"L'Homme, Erik";"http://www.fantascienza.com/catalogo/autori/NILF23426/erik-l-homme/"
"NILF16430";"L., G.";"http://www.fantascienza.com/catalogo/autori/NILF16430/g-l/"
"NILF22281";"L., X.";"http://www.fantascienza.com/catalogo/autori/NILF22281/x-l/"
"NILF19246";"La Bolina, Jack";"http://www.fantascienza.com/catalogo/autori/NILF19246/jack-la-bolina/"
"NILF22057";"La Bruna, Stanis";"http://www.fantascienza.com/catalogo/autori/NILF22057/stanis-la-bruna/"
"NILF25237";"La Cappella Underground, ";"http://www.fantascienza.com/catalogo/autori/NILF25237/-la-cappella-underground/"
"NILF13001";"La Capria, Raffaele";"http://www.fantascienza.com/catalogo/autori/NILF13001/raffaele-la-capria/"
"NILF18782";"La Ferla, Manuela";"http://www.fantascienza.com/catalogo/autori/NILF18782/manuela-la-ferla/"
"NILF20338";"La Floresta, Mario";"http://www.fantascienza.com/catalogo/autori/NILF20338/mario-la-floresta/"
"NILF26661";"La Franca, Salvatore";"http://www.fantascienza.com/catalogo/autori/NILF26661/salvatore-la-franca/"
"NILF25194";"La Gaipa, Fabrizio";"http://www.fantascienza.com/catalogo/autori/NILF25194/fabrizio-la-gaipa/"
"NILF23721";"La Guardia, Giovanni";"http://www.fantascienza.com/catalogo/autori/NILF23721/giovanni-la-guardia/"
"NILF26598";"La Marchesa Colombi, ";"http://www.fantascienza.com/catalogo/autori/NILF26598/-la-marchesa-colombi/"
"NILF18531";"La Nave, ";"http://www.fantascienza.com/catalogo/autori/NILF18531/-la-nave/"
"NILF13005";"La Ossa, Eugenio Fraile";"http://www.fantascienza.com/catalogo/autori/NILF13005/eugenio-fraile-la-ossa/"
"NILF13006";"La Plante, Richard";"http://www.fantascienza.com/catalogo/autori/NILF13006/richard-la-plante/"
"NILF19244";"La Polla, Franco";"http://www.fantascienza.com/catalogo/autori/NILF19244/franco-la-polla/"
"NILF13007";"La Porta, Gabriele";"http://www.fantascienza.com/catalogo/autori/NILF13007/gabriele-la-porta/"
"NILF13008";"La Porta, Michele";"http://www.fantascienza.com/catalogo/autori/NILF13008/michele-la-porta/"
"NILF13009";"La Ragione, Renato";"http://www.fantascienza.com/catalogo/autori/NILF13009/renato-la-ragione/"
"NILF15978";"La Redazione, ";"http://www.fantascienza.com/catalogo/autori/NILF15978/-la-redazione/"
"NILF24209";"La Redazione Del Battello A Vapore, ";"http://www.fantascienza.com/catalogo/autori/NILF24209/-la-redazione-del-battello-a-vapore/"
"NILF22077";"La Redazione di ""La Vallisa"", ";"http://www.fantascienza.com/catalogo/autori/NILF22077/-la-redazione-di-la-vallisa/"
"NILF16901";"La Redazione Di Nova Sf*, ";"http://www.fantascienza.com/catalogo/autori/NILF16901/-la-redazione-di-nova-sf/"
"NILF22751";"La Selva, Tommaso";"http://www.fantascienza.com/catalogo/autori/NILF22751/tommaso-la-selva/"
"NILF13010";"La Spina, Greye";"http://www.fantascienza.com/catalogo/autori/NILF13010/greye-la-spina/"
"NILF17453";"La Spina, Silvana";"http://www.fantascienza.com/catalogo/autori/NILF17453/silvana-la-spina/"
"NILF13011";"La Torre, Carmelo";"http://www.fantascienza.com/catalogo/autori/NILF13011/carmelo-la-torre/"
"NILF21970";"La Triennale Di Milano, ";"http://www.fantascienza.com/catalogo/autori/NILF21970/-la-triennale-di-milano/"
"NILF19794";"Labbe, Rodney A.";"http://www.fantascienza.com/catalogo/autori/NILF19794/rodney-a-labbe/"
"NILF26481";"Labor, Earle";"http://www.fantascienza.com/catalogo/autori/NILF26481/earle-labor/"
"NILF24360";"Labrecque, Tammi";"http://www.fantascienza.com/catalogo/autori/NILF24360/tammi-labrecque/"
"NILF16231";"Lacassin, Francis";"http://www.fantascienza.com/catalogo/autori/NILF16231/francis-lacassin/"
"NILF24006";"Lacham, Harry";"http://www.fantascienza.com/catalogo/autori/NILF24006/harry-lacham/"
"NILF13012";"Lacher, Chris B.";"http://www.fantascienza.com/catalogo/autori/NILF13012/chris-b-lacher/"
"NILF13013";"Lackey, Mercedes";"http://www.fantascienza.com/catalogo/autori/NILF13013/mercedes-lackey/"
"NILF22928";"Lacon, Ruth";"http://www.fantascienza.com/catalogo/autori/NILF22928/ruth-lacon/"
"NILF13015";"Lacy, Ed";"http://www.fantascienza.com/catalogo/autori/NILF13015/ed-lacy/"
"NILF24007";"Ladoux, P.";"http://www.fantascienza.com/catalogo/autori/NILF24007/p-ladoux/"
"NILF26665";"Lafevers, R. L.";"http://www.fantascienza.com/catalogo/autori/NILF26665/r-l-lafevers/"
"NILF13017";"Lafferty, R. A.";"http://www.fantascienza.com/catalogo/autori/NILF13017/r-a-lafferty/"
"NILF13019";"Laforest, Serge";"http://www.fantascienza.com/catalogo/autori/NILF13019/serge-laforest/"
"NILF15972";"Laforgue, Jules";"http://www.fantascienza.com/catalogo/autori/NILF15972/jules-laforgue/"
"NILF18413";"Laganster, Johss";"http://www.fantascienza.com/catalogo/autori/NILF18413/johss-laganster/"
"NILF22445";"Lagerkvist, Pär";"http://www.fantascienza.com/catalogo/autori/NILF22445/par-lagerkvist/"
"NILF13020";"Lagerlöf, Selma";"http://www.fantascienza.com/catalogo/autori/NILF13020/selma-lagerlof/"
"NILF13021";"Laghi, Mario Pasini";"http://www.fantascienza.com/catalogo/autori/NILF13021/mario-pasini-laghi/"
"NILF13022";"Lagnese, Francesco";"http://www.fantascienza.com/catalogo/autori/NILF13022/francesco-lagnese/"
"NILF24305";"Lago, Francesco Antonio";"http://www.fantascienza.com/catalogo/autori/NILF24305/francesco-antonio-lago/"
"NILF19278";"Lahaye, Tim";"http://www.fantascienza.com/catalogo/autori/NILF19278/tim-lahaye/"
"NILF22388";"Lai, Larissa";"http://www.fantascienza.com/catalogo/autori/NILF22388/larissa-lai/"
"NILF13023";"Laidlaw, Marc";"http://www.fantascienza.com/catalogo/autori/NILF13023/marc-laidlaw/"
"NILF21929";"Laigle, Jean-Pierre";"http://www.fantascienza.com/catalogo/autori/NILF21929/jean-pierre-laigle/"
"NILF22432";"Laimo, Michael";"http://www.fantascienza.com/catalogo/autori/NILF22432/michael-laimo/"
"NILF13024";"Lainez, Manuel Mujica";"http://www.fantascienza.com/catalogo/autori/NILF13024/manuel-mujica-lainez/"
"NILF22322";"Lajatico, Gabriella";"http://www.fantascienza.com/catalogo/autori/NILF22322/gabriella-lajatico/"
"NILF13026";"Lakso, Edward J.";"http://www.fantascienza.com/catalogo/autori/NILF13026/edward-j-lakso/"
"NILF13027";"Lalanda, Javier Martín";"http://www.fantascienza.com/catalogo/autori/NILF13027/javier-mart-in-lalanda/"
"NILF13028";"Laloni, Luigi";"http://www.fantascienza.com/catalogo/autori/NILF13028/luigi-laloni/"
"NILF25630";"Lama, Diana";"http://www.fantascienza.com/catalogo/autori/NILF25630/diana-lama/"
"NILF23912";"Lama, Ernesto";"http://www.fantascienza.com/catalogo/autori/NILF23912/ernesto-lama/"
"NILF13029";"Lamark, Drew";"http://www.fantascienza.com/catalogo/autori/NILF13029/drew-lamark/"
"NILF16568";"Lamarra, Annamaria";"http://www.fantascienza.com/catalogo/autori/NILF16568/annamaria-lamarra/"
"NILF13030";"Lamb, Charles e Mary";"http://www.fantascienza.com/catalogo/autori/NILF13030/charles-e-mary-lamb/"
"NILF18341";"Lamb, Hugh";"http://www.fantascienza.com/catalogo/autori/NILF18341/hugh-lamb/"
"NILF25736";"Lamb, Jean";"http://www.fantascienza.com/catalogo/autori/NILF25736/jean-lamb/"
"NILF18885";"Lambert, R. S.";"http://www.fantascienza.com/catalogo/autori/NILF18885/r-s-lambert/"
"NILF18515";"Lambertini, Prospero";"http://www.fantascienza.com/catalogo/autori/NILF18515/prospero-lambertini/"
"NILF23068";"Lambiase, Rolando";"http://www.fantascienza.com/catalogo/autori/NILF23068/rolando-lambiase/"
"NILF13034";"Lamming, R. M.";"http://www.fantascienza.com/catalogo/autori/NILF13034/r-m-lamming/"
"NILF24454";"Lamoni, Jari";"http://www.fantascienza.com/catalogo/autori/NILF24454/jari-lamoni/"
"NILF26357";"Lamponi, Pier Luigi";"http://www.fantascienza.com/catalogo/autori/NILF26357/pier-luigi-lamponi/"
"NILF13036";"Lamsley, Terry";"http://www.fantascienza.com/catalogo/autori/NILF13036/terry-lamsley/"
"NILF24566";"Lamy, Michel";"http://www.fantascienza.com/catalogo/autori/NILF24566/michel-lamy/"
"NILF20144";"Lanagan, Margo";"http://www.fantascienza.com/catalogo/autori/NILF20144/margo-lanagan/"
"NILF17980";"Lanati, Barbara";"http://www.fantascienza.com/catalogo/autori/NILF17980/barbara-lanati/"
"NILF25419";"Lancellotti, Gianluigi";"http://www.fantascienza.com/catalogo/autori/NILF25419/gianluigi-lancellotti/"
"NILF17024";"Lancelot, Oliver";"http://www.fantascienza.com/catalogo/autori/NILF17024/oliver-lancelot/"
"NILF23784";"Lancia, Enrico";"http://www.fantascienza.com/catalogo/autori/NILF23784/enrico-lancia/"
"NILF26033";"Lancia, Nicola";"http://www.fantascienza.com/catalogo/autori/NILF26033/nicola-lancia/"
"NILF13038";"Landergren, Christer";"http://www.fantascienza.com/catalogo/autori/NILF13038/christer-landergren/"
"NILF13039";"Landi, Alex";"http://www.fantascienza.com/catalogo/autori/NILF13039/alex-landi/"
"NILF26180";"Landi, Andrea";"http://www.fantascienza.com/catalogo/autori/NILF26180/andrea-landi/"
"NILF13040";"Landini, Giuseppe";"http://www.fantascienza.com/catalogo/autori/NILF13040/giuseppe-landini/"
"NILF13041";"Landis, Arthur H.";"http://www.fantascienza.com/catalogo/autori/NILF13041/arthur-h-landis/"
"NILF13042";"Landis, Geoffrey A.";"http://www.fantascienza.com/catalogo/autori/NILF13042/geoffrey-a-landis/"
"NILF18342";"Landis, John";"http://www.fantascienza.com/catalogo/autori/NILF18342/john-landis/"
"NILF16739";"Landolfi, Idolina";"http://www.fantascienza.com/catalogo/autori/NILF16739/idolina-landolfi/"
"NILF13043";"Landolfi, Lino";"http://www.fantascienza.com/catalogo/autori/NILF13043/lino-landolfi/"
"NILF13044";"Landolfi, Piero";"http://www.fantascienza.com/catalogo/autori/NILF13044/piero-landolfi/"
"NILF13045";"Landolfi, Tommaso";"http://www.fantascienza.com/catalogo/autori/NILF13045/tommaso-landolfi/"
"NILF13046";"Landon, Perceval";"http://www.fantascienza.com/catalogo/autori/NILF13046/perceval-landon/"
"NILF25507";"Landy, Derek";"http://www.fantascienza.com/catalogo/autori/NILF25507/derek-landy/"
"NILF17037";"Lane, Andrew";"http://www.fantascienza.com/catalogo/autori/NILF17037/andrew-lane/"
"NILF16456";"Lane, Anne J.";"http://www.fantascienza.com/catalogo/autori/NILF16456/anne-j-lane/"
"NILF13050";"Lane, Joel";"http://www.fantascienza.com/catalogo/autori/NILF13050/joel-lane/"
"NILF16789";"Lanfranco, Monica";"http://www.fantascienza.com/catalogo/autori/NILF16789/monica-lanfranco/"
"NILF13051";"Lang, Allen Kim";"http://www.fantascienza.com/catalogo/autori/NILF13051/allen-kim-lang/"
"NILF13052";"Lang, Andrew";"http://www.fantascienza.com/catalogo/autori/NILF13052/andrew-lang/"
"NILF24036";"Lang, Fritz";"http://www.fantascienza.com/catalogo/autori/NILF24036/fritz-lang/"
"NILF13053";"Lang, Jak";"http://www.fantascienza.com/catalogo/autori/NILF13053/jak-lang/"
"NILF18224";"Lang, Leonora Alleyne";"http://www.fantascienza.com/catalogo/autori/NILF18224/leonora-alleyne-lang/"
"NILF25298";"Langan, Sarah";"http://www.fantascienza.com/catalogo/autori/NILF25298/sarah-langan/"
"NILF13056";"Langelaan, George";"http://www.fantascienza.com/catalogo/autori/NILF13056/george-langelaan/"
"NILF13057";"Langer, Marie";"http://www.fantascienza.com/catalogo/autori/NILF13057/marie-langer/"
"NILF25866";"Langfield, Martin";"http://www.fantascienza.com/catalogo/autori/NILF25866/martin-langfield/"
"NILF13058";"Langford, David";"http://www.fantascienza.com/catalogo/autori/NILF13058/david-langford/"
"NILF13059";"Langford, Michael N.";"http://www.fantascienza.com/catalogo/autori/NILF13059/michael-n-langford/"
"NILF22474";"Langley, Roger";"http://www.fantascienza.com/catalogo/autori/NILF22474/roger-langley/"
"NILF23626";"Langrish, Katherine";"http://www.fantascienza.com/catalogo/autori/NILF23626/katherine-langrish/"
"NILF13061";"Lanier, Sterling E.";"http://www.fantascienza.com/catalogo/autori/NILF13061/sterling-e-lanier/"
"NILF19711";"Lanigan, Catherine";"http://www.fantascienza.com/catalogo/autori/NILF19711/catherine-lanigan/"
"NILF22864";"Lankford, Terrill";"http://www.fantascienza.com/catalogo/autori/NILF22864/terrill-lankford/"
"NILF13062";"Lannes, Roberta";"http://www.fantascienza.com/catalogo/autori/NILF13062/roberta-lannes/"
"NILF13063";"Lansdale, Joe R.";"http://www.fantascienza.com/catalogo/autori/NILF13063/joe-r-lansdale/"
"NILF24567";"Lanuzza, Stefano";"http://www.fantascienza.com/catalogo/autori/NILF24567/stefano-lanuzza/"
"NILF21975";"Lanz, Joseph";"http://www.fantascienza.com/catalogo/autori/NILF21975/joseph-lanz/"
"NILF23385";"Lanza, Antonino";"http://www.fantascienza.com/catalogo/autori/NILF23385/antonino-lanza/"
"NILF18505";"Lanza, A[ntonio]";"http://www.fantascienza.com/catalogo/autori/NILF18505/antonio-lanza/"
"NILF22575";"Lanza, Consolata";"http://www.fantascienza.com/catalogo/autori/NILF22575/consolata-lanza/"
"NILF13064";"Lanza, Francesco";"http://www.fantascienza.com/catalogo/autori/NILF13064/francesco-lanza/"
"NILF25959";"Lanzillotta, Monica";"http://www.fantascienza.com/catalogo/autori/NILF25959/monica-lanzillotta/"
"NILF21549";"Lanzoni, Jari";"http://www.fantascienza.com/catalogo/autori/NILF21549/jari-lanzoni/"
"NILF13065";"Lanzotti, Paolo";"http://www.fantascienza.com/catalogo/autori/NILF13065/paolo-lanzotti/"
"NILF20777";"Lapham, Lewis H.";"http://www.fantascienza.com/catalogo/autori/NILF20777/lewis-h-lapham/"
"NILF20419";"Lapierre, Dominique";"http://www.fantascienza.com/catalogo/autori/NILF20419/dominique-lapierre/"
"NILF19370";"Lappa, M.";"http://www.fantascienza.com/catalogo/autori/NILF19370/m-lappa/"
"NILF26726";"Laprovitera, Andrea";"http://www.fantascienza.com/catalogo/autori/NILF26726/andrea-laprovitera/"
"NILF24250";"Larbalestier, Justine";"http://www.fantascienza.com/catalogo/autori/NILF24250/justine-larbalestier/"
"NILF22730";"Larcher, Fabio";"http://www.fantascienza.com/catalogo/autori/NILF22730/fabio-larcher/"
"NILF20792";"Large, David Clay";"http://www.fantascienza.com/catalogo/autori/NILF20792/david-clay-large/"
"NILF13067";"Lari, Alcide";"http://www.fantascienza.com/catalogo/autori/NILF13067/alcide-lari/"
"NILF13068";"Lari, Umberto";"http://www.fantascienza.com/catalogo/autori/NILF13068/umberto-lari/"
"NILF17464";"Lariccia, Giuseppe";"http://www.fantascienza.com/catalogo/autori/NILF17464/giuseppe-lariccia/"
"NILF24076";"Laringi, Stefano";"http://www.fantascienza.com/catalogo/autori/NILF24076/stefano-laringi/"
"NILF25674";"Larpi, Luca";"http://www.fantascienza.com/catalogo/autori/NILF25674/luca-larpi/"
"NILF23450";"Larson, G. G.";"http://www.fantascienza.com/catalogo/autori/NILF23450/g-g-larson/"
"NILF13070";"Larson, Glen A.";"http://www.fantascienza.com/catalogo/autori/NILF13070/glen-a-larson/"
"NILF13072";"Larson, Mary";"http://www.fantascienza.com/catalogo/autori/NILF13072/mary-larson/"
"NILF21115";"Larsson, Björn";"http://www.fantascienza.com/catalogo/autori/NILF21115/bjorn-larsson/"
"NILF23513";"Larue, Michèle";"http://www.fantascienza.com/catalogo/autori/NILF23513/michele-larue/"
"NILF19736";"Larva, Aristofane";"http://www.fantascienza.com/catalogo/autori/NILF19736/aristofane-larva/"
"NILF22339";"Lasagna, Roberto";"http://www.fantascienza.com/catalogo/autori/NILF22339/roberto-lasagna/"
"NILF13074";"Lasky, Kathryn";"http://www.fantascienza.com/catalogo/autori/NILF13074/kathryn-lasky/"
"NILF17384";"Lason-Kochanska, Grazyna";"http://www.fantascienza.com/catalogo/autori/NILF17384/grazyna-lason-kochanska/"
"NILF24628";"Lasorsa, Concetta";"http://www.fantascienza.com/catalogo/autori/NILF24628/concetta-lasorsa/"
"NILF19054";"Lassiter, Rhiannon";"http://www.fantascienza.com/catalogo/autori/NILF19054/rhiannon-lassiter/"
"NILF13076";"Lasswitz, Kurd";"http://www.fantascienza.com/catalogo/autori/NILF13076/kurd-lasswitz/"
"NILF16045";"Lastel, ";"http://www.fantascienza.com/catalogo/autori/NILF16045/-lastel/"
"NILF21562";"Lastrego, Cristina";"http://www.fantascienza.com/catalogo/autori/NILF21562/cristina-lastrego/"
"NILF21372";"Lastrucci, Fabio";"http://www.fantascienza.com/catalogo/autori/NILF21372/fabio-lastrucci/"
"NILF25430";"Latelanera.com, ";"http://www.fantascienza.com/catalogo/autori/NILF25430/-latelaneracom/"
"NILF25572";"Latella, Fortunato";"http://www.fantascienza.com/catalogo/autori/NILF25572/fortunato-latella/"
"NILF13077";"Latham, Philip";"http://www.fantascienza.com/catalogo/autori/NILF13077/philip-latham/"
"NILF13078";"Lathiére, Rènè";"http://www.fantascienza.com/catalogo/autori/NILF13078/rene-lathi-ere/"
"NILF13079";"Lathom, Francis";"http://www.fantascienza.com/catalogo/autori/NILF13079/francis-lathom/"
"NILF13081";"Latini, Angela";"http://www.fantascienza.com/catalogo/autori/NILF13081/angela-latini/"
"NILF18926";"Latique, Theodor";"http://www.fantascienza.com/catalogo/autori/NILF18926/theodor-latique/"
"NILF26142";"Lato, Francesco";"http://www.fantascienza.com/catalogo/autori/NILF26142/francesco-lato/"
"NILF26725";"Lattanzio, Gabriele";"http://www.fantascienza.com/catalogo/autori/NILF26725/gabriele-lattanzio/"
"NILF16501";"Lattarulo, Leonardo";"http://www.fantascienza.com/catalogo/autori/NILF16501/leonardo-lattarulo/"
"NILF25305";"Latteri, Nlm.";"http://www.fantascienza.com/catalogo/autori/NILF25305/nlm-latteri/"
"NILF17936";"Lattuada, Alberto";"http://www.fantascienza.com/catalogo/autori/NILF17936/alberto-lattuada/"
"NILF21941";"Laudadio, Felice";"http://www.fantascienza.com/catalogo/autori/NILF21941/felice-laudadio/"
"NILF13082";"Lauder, George Dick";"http://www.fantascienza.com/catalogo/autori/NILF13082/george-dick-lauder/"
"NILF13083";"Lauder, William";"http://www.fantascienza.com/catalogo/autori/NILF13083/william-lauder/"
"NILF19376";"Laugelli, Marcello";"http://www.fantascienza.com/catalogo/autori/NILF19376/marcello-laugelli/"
"NILF13084";"Laugham, Max";"http://www.fantascienza.com/catalogo/autori/NILF13084/max-laugham/"
"NILF18128";"Laumann, E. M.";"http://www.fantascienza.com/catalogo/autori/NILF18128/e-m-laumann/"
"NILF13085";"Laumer, Keith";"http://www.fantascienza.com/catalogo/autori/NILF13085/keith-laumer/"
"NILF17963";"Laura, Ernesto G.";"http://www.fantascienza.com/catalogo/autori/NILF17963/ernesto-g-laura/"
"NILF13086";"Laurance, Alice";"http://www.fantascienza.com/catalogo/autori/NILF13086/alice-laurance/"
"NILF19039";"Lauretta, Enzo";"http://www.fantascienza.com/catalogo/autori/NILF19039/enzo-lauretta/"
"NILF13088";"Lauria, Amilcare";"http://www.fantascienza.com/catalogo/autori/NILF13088/amilcare-lauria/"
"NILF13089";"Lauricella, Enzo";"http://www.fantascienza.com/catalogo/autori/NILF13089/enzo-lauricella/"
"NILF13090";"Laurie, Andrea";"http://www.fantascienza.com/catalogo/autori/NILF13090/andrea-laurie/"
"NILF19760";"Lausi, Andrea";"http://www.fantascienza.com/catalogo/autori/NILF19760/andrea-lausi/"
"NILF22719";"Lauton, G.";"http://www.fantascienza.com/catalogo/autori/NILF22719/g-lauton/"
"NILF21058";"Lavagna, Giorgio";"http://www.fantascienza.com/catalogo/autori/NILF21058/giorgio-lavagna/"
"NILF22849";"Lavagnini, Massimo F.";"http://www.fantascienza.com/catalogo/autori/NILF22849/massimo-f-lavagnini/"
"NILF23327";"Lavaur, Pierre";"http://www.fantascienza.com/catalogo/autori/NILF23327/pierre-lavaur/"
"NILF18856";"Lavelli, Giuseppe";"http://www.fantascienza.com/catalogo/autori/NILF18856/giuseppe-lavelli/"
"NILF16875";"Lavezzolo, Andrea";"http://www.fantascienza.com/catalogo/autori/NILF16875/andrea-lavezzolo/"
"NILF17503";"Lavin, Mary";"http://www.fantascienza.com/catalogo/autori/NILF17503/mary-lavin/"
"NILF23231";"Law, Lucas K.";"http://www.fantascienza.com/catalogo/autori/NILF23231/lucas-k-law/"
"NILF13091";"Lawhead, Stephen";"http://www.fantascienza.com/catalogo/autori/NILF13091/stephen-lawhead/"
"NILF13092";"Lawlor, Harold";"http://www.fantascienza.com/catalogo/autori/NILF13092/harold-lawlor/"
"NILF13093";"Lawrence, D. H.";"http://www.fantascienza.com/catalogo/autori/NILF13093/d-h-lawrence/"
"NILF13094";"Lawrence, H. L.";"http://www.fantascienza.com/catalogo/autori/NILF13094/h-l-lawrence/"
"NILF13095";"Lawrence, J. A.";"http://www.fantascienza.com/catalogo/autori/NILF13095/j-a-lawrence/"
"NILF18747";"Lawrence, Louise";"http://www.fantascienza.com/catalogo/autori/NILF18747/louise-lawrence/"
"NILF13096";"Lawrence, Margery";"http://www.fantascienza.com/catalogo/autori/NILF13096/margery-lawrence/"
"NILF17837";"Lawrence, William";"http://www.fantascienza.com/catalogo/autori/NILF17837/william-lawrence/"
"NILF13097";"Laws, Stephen";"http://www.fantascienza.com/catalogo/autori/NILF13097/stephen-laws/"
"NILF19948";"Lawson, Chris";"http://www.fantascienza.com/catalogo/autori/NILF19948/chris-lawson/"
"NILF13099";"Laymon, Richard";"http://www.fantascienza.com/catalogo/autori/NILF13099/richard-laymon/"
"NILF13100";"Layrargues, G. P.";"http://www.fantascienza.com/catalogo/autori/NILF13100/g-p-layrargues/"
"NILF24024";"Lazzara, Manuela";"http://www.fantascienza.com/catalogo/autori/NILF24024/manuela-lazzara/"
"NILF16611";"Lazzarato, Francesca";"http://www.fantascienza.com/catalogo/autori/NILF16611/francesca-lazzarato/"
"NILF25800";"Lazzari, Anna";"http://www.fantascienza.com/catalogo/autori/NILF25800/anna-lazzari/"
"NILF25978";"Lazzari, Bruno";"http://www.fantascienza.com/catalogo/autori/NILF25978/bruno-lazzari/"
"NILF13101";"Lazzari, Giorgio";"http://www.fantascienza.com/catalogo/autori/NILF13101/giorgio-lazzari/"
"NILF23071";"Lazzari, Ruggero";"http://www.fantascienza.com/catalogo/autori/NILF23071/ruggero-lazzari/"
"NILF21225";"Lazzarin, Stefano";"http://www.fantascienza.com/catalogo/autori/NILF21225/stefano-lazzarin/"
"NILF26451";"Lazzati, Alessio";"http://www.fantascienza.com/catalogo/autori/NILF26451/alessio-lazzati/"
"NILF13102";"Le Fanu, Joseph Sheridan";"http://www.fantascienza.com/catalogo/autori/NILF13102/joseph-sheridan-le-fanu/"
"NILF13103";"Le Guin, Ursula K.";"http://www.fantascienza.com/catalogo/autori/NILF13103/ursula-k-le-guin/"
"NILF24955";"Le Mille E Una Notte, ";"http://www.fantascienza.com/catalogo/autori/NILF24955/-le-mille-e-una-notte/"
"NILF13105";"Le Queux, William";"http://www.fantascienza.com/catalogo/autori/NILF13105/william-le-queux/"
"NILF25147";"Le Rose, Domenico";"http://www.fantascienza.com/catalogo/autori/NILF25147/domenico-le-rose/"
"NILF13106";"Le Rouge, Gustave";"http://www.fantascienza.com/catalogo/autori/NILF13106/gustave-le-rouge/"
"NILF24465";"Le Roy, Philip";"http://www.fantascienza.com/catalogo/autori/NILF24465/philip-le-roy/"
"NILF16298";"Le Traduttrici, ";"http://www.fantascienza.com/catalogo/autori/NILF16298/-le-traduttrici/"
"NILF13108";"Leache, Joy";"http://www.fantascienza.com/catalogo/autori/NILF13108/joy-leache/"
"NILF13109";"Leadenhall, ";"http://www.fantascienza.com/catalogo/autori/NILF13109/-leadenhall/"
"NILF13110";"Leahy, John Martin";"http://www.fantascienza.com/catalogo/autori/NILF13110/john-martin-leahy/"
"NILF13111";"Lear, Anne";"http://www.fantascienza.com/catalogo/autori/NILF13111/anne-lear/"
"NILF22287";"Leatherdale, Clive";"http://www.fantascienza.com/catalogo/autori/NILF22287/clive-leatherdale/"
"NILF18007";"Lebbon, Tim";"http://www.fantascienza.com/catalogo/autori/NILF18007/tim-lebbon/"
"NILF18399";"Leblanc, Maurizio";"http://www.fantascienza.com/catalogo/autori/NILF18399/maurizio-leblanc/"
"NILF13114";"Lebon, Jean";"http://www.fantascienza.com/catalogo/autori/NILF13114/jean-lebon/"
"NILF13115";"Lec, Jean";"http://www.fantascienza.com/catalogo/autori/NILF13115/jean-lec/"
"NILF23135";"Lecaye, Alexys";"http://www.fantascienza.com/catalogo/autori/NILF23135/alexys-lecaye/"
"NILF22271";"Lecco, Margherita";"http://www.fantascienza.com/catalogo/autori/NILF22271/margherita-lecco/"
"NILF19010";"Leclerc, Michel";"http://www.fantascienza.com/catalogo/autori/NILF19010/michel-leclerc/"
"NILF16339";"Leconte, Marianne";"http://www.fantascienza.com/catalogo/autori/NILF16339/marianne-leconte/"
"NILF13117";"Leda, Jack";"http://www.fantascienza.com/catalogo/autori/NILF13117/jack-leda/"
"NILF13118";"Ledbetter, Eileen";"http://www.fantascienza.com/catalogo/autori/NILF13118/eileen-ledbetter/"
"NILF13119";"Ledbetter, Kenneth W.";"http://www.fantascienza.com/catalogo/autori/NILF13119/kenneth-w-ledbetter/"
"NILF16366";"Lee, Christopher";"http://www.fantascienza.com/catalogo/autori/NILF16366/christopher-lee/"
"NILF17247";"Lee, Edward";"http://www.fantascienza.com/catalogo/autori/NILF17247/edward-lee/"
"NILF18936";"Lee, G. K.";"http://www.fantascienza.com/catalogo/autori/NILF18936/g-k-lee/"
"NILF13120";"Lee, Gentry";"http://www.fantascienza.com/catalogo/autori/NILF13120/gentry-lee/"
"NILF19260";"Lee, Gwenn";"http://www.fantascienza.com/catalogo/autori/NILF19260/gwenn-lee/"
"NILF18481";"Lee, John";"http://www.fantascienza.com/catalogo/autori/NILF18481/john-lee/"
"NILF17360";"Lee, Mary Soon";"http://www.fantascienza.com/catalogo/autori/NILF17360/mary-soon-lee/"
"NILF25056";"Lee, Mike";"http://www.fantascienza.com/catalogo/autori/NILF25056/mike-lee/"
"NILF24631";"Lee, Rachel";"http://www.fantascienza.com/catalogo/autori/NILF24631/rachel-lee/"
"NILF13125";"Lee, Rand B.";"http://www.fantascienza.com/catalogo/autori/NILF13125/rand-b-lee/"
"NILF18343";"Lee, Samantha";"http://www.fantascienza.com/catalogo/autori/NILF18343/samantha-lee/"
"NILF22225";"Lee, Stan";"http://www.fantascienza.com/catalogo/autori/NILF22225/stan-lee/"
"NILF13127";"Lee, Stanley R.";"http://www.fantascienza.com/catalogo/autori/NILF13127/stanley-r-lee/"
"NILF13128";"Lee, Tanith";"http://www.fantascienza.com/catalogo/autori/NILF13128/tanith-lee/"
"NILF13129";"Lee, Vernon";"http://www.fantascienza.com/catalogo/autori/NILF13129/vernon-lee/"
"NILF13130";"Lee, William M.";"http://www.fantascienza.com/catalogo/autori/NILF13130/william-m-lee/"
"NILF24620";"Leenhardt, Jacques";"http://www.fantascienza.com/catalogo/autori/NILF24620/jacques-leenhardt/"
"NILF19077";"Lega, Giuseppe";"http://www.fantascienza.com/catalogo/autori/NILF19077/giuseppe-lega/"
"NILF18377";"Legg, Alan";"http://www.fantascienza.com/catalogo/autori/NILF18377/alan-legg/"
"NILF26131";"Leggett, Judith Fielder";"http://www.fantascienza.com/catalogo/autori/NILF26131/judith-fielder-leggett/"
"NILF13131";"Leggio, Roberto";"http://www.fantascienza.com/catalogo/autori/NILF13131/roberto-leggio/"
"NILF16828";"Legni, Marco";"http://www.fantascienza.com/catalogo/autori/NILF16828/marco-legni/"
"NILF20322";"Lehman, Ernest";"http://www.fantascienza.com/catalogo/autori/NILF20322/ernest-lehman/"
"NILF17212";"Lehman, Serge";"http://www.fantascienza.com/catalogo/autori/NILF17212/serge-lehman/"
"NILF13133";"Lehmann, Alberto";"http://www.fantascienza.com/catalogo/autori/NILF13133/alberto-lehmann/"
"NILF24945";"Lei, Maurizio";"http://www.fantascienza.com/catalogo/autori/NILF24945/maurizio-lei/"
"NILF13134";"Leiber, Fritz";"http://www.fantascienza.com/catalogo/autori/NILF13134/fritz-leiber/"
"NILF13135";"Leiber, Justin";"http://www.fantascienza.com/catalogo/autori/NILF13135/justin-leiber/"
"NILF25675";"Leidi, Eva";"http://www.fantascienza.com/catalogo/autori/NILF25675/eva-leidi/"
"NILF13137";"Leigh, Stephen";"http://www.fantascienza.com/catalogo/autori/NILF13137/stephen-leigh/"
"NILF13138";"Leinster, Murray";"http://www.fantascienza.com/catalogo/autori/NILF13138/murray-leinster/"
"NILF20615";"Leiris, Michel";"http://www.fantascienza.com/catalogo/autori/NILF20615/michel-leiris/"
"NILF13139";"Lem, Stanisław";"http://www.fantascienza.com/catalogo/autori/NILF13139/stanislaw-lem/"
"NILF13140";"Leman, Bob";"http://www.fantascienza.com/catalogo/autori/NILF13140/bob-leman/"
"NILF13141";"Lemon, Don Mark";"http://www.fantascienza.com/catalogo/autori/NILF13141/don-mark-lemon/"
"NILF13142";"Lengyel, Péter";"http://www.fantascienza.com/catalogo/autori/NILF13142/p-eter-lengyel/"
"NILF13143";"Leni, Dan";"http://www.fantascienza.com/catalogo/autori/NILF13143/dan-leni/"
"NILF25555";"Lenic, Simona B.";"http://www.fantascienza.com/catalogo/autori/NILF25555/simona-b-lenic/"
"NILF21692";"Lenk, Timur";"http://www.fantascienza.com/catalogo/autori/NILF21692/timur-lenk/"
"NILF24639";"Lenti, Marina";"http://www.fantascienza.com/catalogo/autori/NILF24639/marina-lenti/"
"NILF20978";"Lenzi, Andrea";"http://www.fantascienza.com/catalogo/autori/NILF20978/andrea-lenzi/"
"NILF22539";"Lenzi, Giuliana";"http://www.fantascienza.com/catalogo/autori/NILF22539/giuliana-lenzi/"
"NILF20351";"Leo, Giampiero";"http://www.fantascienza.com/catalogo/autori/NILF20351/giampiero-leo/"
"NILF13144";"Leo, Vincenzo";"http://www.fantascienza.com/catalogo/autori/NILF13144/vincenzo-leo/"
"NILF13145";"Leocata, Mario";"http://www.fantascienza.com/catalogo/autori/NILF13145/mario-leocata/"
"NILF19095";"Leodhas, Sorche Nic";"http://www.fantascienza.com/catalogo/autori/NILF19095/sorche-nic-leodhas/"
"NILF17615";"Leonard, Elmore";"http://www.fantascienza.com/catalogo/autori/NILF17615/elmore-leonard/"
"NILF22380";"Leonardi, Claudio";"http://www.fantascienza.com/catalogo/autori/NILF22380/claudio-leonardi/"
"NILF22809";"Leonardi, Mauro";"http://www.fantascienza.com/catalogo/autori/NILF22809/mauro-leonardi/"
"NILF13146";"Leonardi, Ruggero";"http://www.fantascienza.com/catalogo/autori/NILF13146/ruggero-leonardi/"
"NILF13147";"Leoncini, Mario";"http://www.fantascienza.com/catalogo/autori/NILF13147/mario-leoncini/"
"NILF25004";"Leondi, Sergio";"http://www.fantascienza.com/catalogo/autori/NILF25004/sergio-leondi/"
"NILF25620";"Leone, Lucio";"http://www.fantascienza.com/catalogo/autori/NILF25620/lucio-leone/"
"NILF21060";"Leone, Mario N.";"http://www.fantascienza.com/catalogo/autori/NILF21060/mario-n-leone/"
"NILF21345";"Leone, Vincenzo";"http://www.fantascienza.com/catalogo/autori/NILF21345/vincenzo-leone/"
"NILF16408";"Leonetti, Francesco";"http://www.fantascienza.com/catalogo/autori/NILF16408/francesco-leonetti/"
"NILF19503";"Leonforte, Antonio";"http://www.fantascienza.com/catalogo/autori/NILF19503/antonio-leonforte/"
"NILF22458";"Leoni, Giulio";"http://www.fantascienza.com/catalogo/autori/NILF22458/giulio-leoni/"
"NILF23807";"Leoni, Isabella";"http://www.fantascienza.com/catalogo/autori/NILF23807/isabella-leoni/"
"NILF23808";"Leoni, Michele";"http://www.fantascienza.com/catalogo/autori/NILF23808/michele-leoni/"
"NILF24000";"Léonnec, Felice";"http://www.fantascienza.com/catalogo/autori/NILF24000/felice-l-eonnec/"
"NILF13148";"Leopardi, Giacomo";"http://www.fantascienza.com/catalogo/autori/NILF13148/giacomo-leopardi/"
"NILF22893";"Leotta, Guido";"http://www.fantascienza.com/catalogo/autori/NILF22893/guido-leotta/"
"NILF17644";"Lepovetsky, Lisa";"http://www.fantascienza.com/catalogo/autori/NILF17644/lisa-lepovetsky/"
"NILF21577";"Lepre, Ornella";"http://www.fantascienza.com/catalogo/autori/NILF21577/ornella-lepre/"
"NILF24986";"Lepri, Andrea";"http://www.fantascienza.com/catalogo/autori/NILF24986/andrea-lepri/"
"NILF24556";"Lepschy, Giulio";"http://www.fantascienza.com/catalogo/autori/NILF24556/giulio-lepschy/"
"NILF19082";"Lerangis, Peter";"http://www.fantascienza.com/catalogo/autori/NILF19082/peter-lerangis/"
"NILF24350";"Lerbs, Jessica R.";"http://www.fantascienza.com/catalogo/autori/NILF24350/jessica-r-lerbs/"
"NILF26280";"Lerda, Michele";"http://www.fantascienza.com/catalogo/autori/NILF26280/michele-lerda/"
"NILF13149";"Lerici, Caterina";"http://www.fantascienza.com/catalogo/autori/NILF13149/caterina-lerici/"
"NILF13150";"Lerman, Rhoda";"http://www.fantascienza.com/catalogo/autori/NILF13150/rhoda-lerman/"
"NILF13151";"Lermina, Giulio";"http://www.fantascienza.com/catalogo/autori/NILF13151/giulio-lermina/"
"NILF13152";"Lermontov, Michail Jur'evič";"http://www.fantascienza.com/catalogo/autori/NILF13152/michail-jur-evic-lermontov/"
"NILF24286";"Lerner, Edward M.";"http://www.fantascienza.com/catalogo/autori/NILF24286/edward-m-lerner/"
"NILF22447";"Lerner, Fred";"http://www.fantascienza.com/catalogo/autori/NILF22447/fred-lerner/"
"NILF13153";"Leroux, Gaston";"http://www.fantascienza.com/catalogo/autori/NILF13153/gaston-leroux/"
"NILF22963";"Lesh, Adam";"http://www.fantascienza.com/catalogo/autori/NILF22963/adam-lesh/"
"NILF13154";"Leskov, Nikolàj Semënovič";"http://www.fantascienza.com/catalogo/autori/NILF13154/nikolaj-semenovic-leskov/"
"NILF16185";"Leslie, Arthur";"http://www.fantascienza.com/catalogo/autori/NILF16185/arthur-leslie/"
"NILF26076";"Leslie, Desmond";"http://www.fantascienza.com/catalogo/autori/NILF26076/desmond-leslie/"
"NILF13156";"Leslie, Shane";"http://www.fantascienza.com/catalogo/autori/NILF13156/shane-leslie/"
"NILF16702";"Lessem, Don";"http://www.fantascienza.com/catalogo/autori/NILF16702/don-lessem/"
"NILF13157";"Lesser, Milton";"http://www.fantascienza.com/catalogo/autori/NILF13157/milton-lesser/"
"NILF13158";"Lessing, Doris";"http://www.fantascienza.com/catalogo/autori/NILF13158/doris-lessing/"
"NILF18492";"Lester, Erich";"http://www.fantascienza.com/catalogo/autori/NILF18492/erich-lester/"
"NILF13159";"Lethem, Jonathan";"http://www.fantascienza.com/catalogo/autori/NILF13159/jonathan-lethem/"
"NILF16944";"Letson, Russell";"http://www.fantascienza.com/catalogo/autori/NILF16944/russell-letson/"
"NILF13160";"Leturque, Enrico";"http://www.fantascienza.com/catalogo/autori/NILF13160/enrico-leturque/"
"NILF19369";"Leva, Federica";"http://www.fantascienza.com/catalogo/autori/NILF19369/federica-leva/"
"NILF22018";"Levati, Clò Miles";"http://www.fantascienza.com/catalogo/autori/NILF22018/clo-miles-levati/"
"NILF16827";"Levato, Giuseppe";"http://www.fantascienza.com/catalogo/autori/NILF16827/giuseppe-levato/"
"NILF13161";"Leveghi, Riccardo";"http://www.fantascienza.com/catalogo/autori/NILF13161/riccardo-leveghi/"
"NILF13162";"Levene, Philip";"http://www.fantascienza.com/catalogo/autori/NILF13162/philip-levene/"
"NILF24568";"Lévi, Eliphas";"http://www.fantascienza.com/catalogo/autori/NILF24568/eliphas-l-evi/"
"NILF13163";"Levi, Primo";"http://www.fantascienza.com/catalogo/autori/NILF13163/primo-levi/"
"NILF25252";"Levi, Sergio";"http://www.fantascienza.com/catalogo/autori/NILF25252/sergio-levi/"
"NILF16011";"Levi, Wolfgang";"http://www.fantascienza.com/catalogo/autori/NILF16011/wolfgang-levi/"
"NILF20213";"Levi Della Vida, Giorgio";"http://www.fantascienza.com/catalogo/autori/NILF20213/giorgio-levi-della-vida/"
"NILF13164";"Levin, Ira";"http://www.fantascienza.com/catalogo/autori/NILF13164/ira-levin/"
"NILF22985";"Levine, David D.";"http://www.fantascienza.com/catalogo/autori/NILF22985/david-d-levine/"
"NILF13165";"Levinson, Luisa Mercedes";"http://www.fantascienza.com/catalogo/autori/NILF13165/luisa-mercedes-levinson/"
"NILF17265";"Levinson, Paul";"http://www.fantascienza.com/catalogo/autori/NILF17265/paul-levinson/"
"NILF18767";"Levithan, David";"http://www.fantascienza.com/catalogo/autori/NILF18767/david-levithan/"
"NILF16224";"Levy, Claude";"http://www.fantascienza.com/catalogo/autori/NILF16224/claude-levy/"
"NILF18452";"Levy, Elizabeth";"http://www.fantascienza.com/catalogo/autori/NILF18452/elizabeth-levy/"
"NILF19137";"Levy, Marc";"http://www.fantascienza.com/catalogo/autori/NILF19137/marc-levy/"
"NILF16221";"Lévy, Maurice";"http://www.fantascienza.com/catalogo/autori/NILF16221/maurice-l-evy/"
"NILF22926";"Lewis, Alex";"http://www.fantascienza.com/catalogo/autori/NILF22926/alex-lewis/"
"NILF13166";"Lewis, C. S.";"http://www.fantascienza.com/catalogo/autori/NILF13166/c-s-lewis/"
"NILF17575";"Lewis, D. F.";"http://www.fantascienza.com/catalogo/autori/NILF17575/d-f-lewis/"
"NILF13168";"Lewis, Elisabeth R.";"http://www.fantascienza.com/catalogo/autori/NILF13168/elisabeth-r-lewis/"
"NILF18019";"Lewis, Hilda";"http://www.fantascienza.com/catalogo/autori/NILF18019/hilda-lewis/"
"NILF13169";"Lewis, Irwin";"http://www.fantascienza.com/catalogo/autori/NILF13169/irwin-lewis/"
"NILF13170";"Lewis, Jack";"http://www.fantascienza.com/catalogo/autori/NILF13170/jack-lewis/"
"NILF13171";"Lewis, Matthew Gregory";"http://www.fantascienza.com/catalogo/autori/NILF13171/matthew-gregory-lewis/"
"NILF13172";"Lewis, Myron R.";"http://www.fantascienza.com/catalogo/autori/NILF13172/myron-r-lewis/"
"NILF13173";"Lewis, Roy";"http://www.fantascienza.com/catalogo/autori/NILF13173/roy-lewis/"
"NILF13174";"Lewis, Shari";"http://www.fantascienza.com/catalogo/autori/NILF13174/shari-lewis/"
"NILF13175";"Lewis, Sinclair";"http://www.fantascienza.com/catalogo/autori/NILF13175/sinclair-lewis/"
"NILF24798";"Lewis, W. S.";"http://www.fantascienza.com/catalogo/autori/NILF24798/w-s-lewis/"
"NILF13176";"Lewitt, Shariann";"http://www.fantascienza.com/catalogo/autori/NILF13176/shariann-lewitt/"
"NILF13177";"Lewton, Val";"http://www.fantascienza.com/catalogo/autori/NILF13177/val-lewton/"
"NILF13179";"Ley, Willie";"http://www.fantascienza.com/catalogo/autori/NILF13179/willie-ley/"
"NILF13180";"Leyland, Eric";"http://www.fantascienza.com/catalogo/autori/NILF13180/eric-leyland/"
"NILF17864";"Leyner, Mark";"http://www.fantascienza.com/catalogo/autori/NILF17864/mark-leyner/"
"NILF22050";"Leys, Simon";"http://www.fantascienza.com/catalogo/autori/NILF22050/simon-leys/"
"NILF13181";"Lezcano-Lezcano, Francisco";"http://www.fantascienza.com/catalogo/autori/NILF13181/francisco-lezcano-lezcano/"
"NILF26765";"Li, Shelly";"http://www.fantascienza.com/catalogo/autori/NILF26765/shelly-li/"
"NILF13183";"Libenzi, Ermanno";"http://www.fantascienza.com/catalogo/autori/NILF13183/ermanno-libenzi/"
"NILF20254";"Liberati, Luigi Bruti";"http://www.fantascienza.com/catalogo/autori/NILF20254/luigi-bruti-liberati/"
"NILF19770";"Libero, ";"http://www.fantascienza.com/catalogo/autori/NILF19770/-libero/"
"NILF21573";"Librinet.com, ";"http://www.fantascienza.com/catalogo/autori/NILF21573/-librinetcom/"
"NILF21458";"Licari, Fabio";"http://www.fantascienza.com/catalogo/autori/NILF21458/fabio-licari/"
"NILF13185";"Lichtenberg, Jacqueline";"http://www.fantascienza.com/catalogo/autori/NILF13185/jacqueline-lichtenberg/"
"NILF13186";"Lie, Jonas";"http://www.fantascienza.com/catalogo/autori/NILF13186/jonas-lie/"
"NILF13187";"Liebscher, Walt";"http://www.fantascienza.com/catalogo/autori/NILF13187/walt-liebscher/"
"NILF13188";"Lieferant, Henry";"http://www.fantascienza.com/catalogo/autori/NILF13188/henry-lieferant/"
"NILF23261";"Ligabue, Luciano";"http://www.fantascienza.com/catalogo/autori/NILF23261/luciano-ligabue/"
"NILF13189";"Liggett, Byron";"http://www.fantascienza.com/catalogo/autori/NILF13189/byron-liggett/"
"NILF17331";"Ligny, Jean-Marc";"http://www.fantascienza.com/catalogo/autori/NILF17331/jean-marc-ligny/"
"NILF13191";"Ligotti, Thomas";"http://www.fantascienza.com/catalogo/autori/NILF13191/thomas-ligotti/"
"NILF22110";"Lilli, Laura";"http://www.fantascienza.com/catalogo/autori/NILF22110/laura-lilli/"
"NILF16800";"Lilli, Massimo";"http://www.fantascienza.com/catalogo/autori/NILF16800/massimo-lilli/"
"NILF13193";"Lillington, Kenneth";"http://www.fantascienza.com/catalogo/autori/NILF13193/kenneth-lillington/"
"NILF18793";"Lillo, Baldomero";"http://www.fantascienza.com/catalogo/autori/NILF18793/baldomero-lillo/"
"NILF13194";"Limat, Maurice";"http://www.fantascienza.com/catalogo/autori/NILF13194/maurice-limat/"
"NILF19480";"Limatola, Luca";"http://www.fantascienza.com/catalogo/autori/NILF19480/luca-limatola/"
"NILF24182";"Limo, Gaetano";"http://www.fantascienza.com/catalogo/autori/NILF24182/gaetano-limo/"
"NILF19194";"Limon, Fabrizio";"http://www.fantascienza.com/catalogo/autori/NILF19194/fabrizio-limon/"
"NILF13195";"Lin, Chow";"http://www.fantascienza.com/catalogo/autori/NILF13195/chow-lin/"
"NILF13196";"Linares, Vincenzo";"http://www.fantascienza.com/catalogo/autori/NILF13196/vincenzo-linares/"
"NILF21324";"Linari, Gabriele";"http://www.fantascienza.com/catalogo/autori/NILF21324/gabriele-linari/"
"NILF13197";"Linati, Carlo";"http://www.fantascienza.com/catalogo/autori/NILF13197/carlo-linati/"
"NILF13198";"Linaweaver, Brad";"http://www.fantascienza.com/catalogo/autori/NILF13198/brad-linaweaver/"
"NILF13199";"Lindbohm, Denis";"http://www.fantascienza.com/catalogo/autori/NILF13199/denis-lindbohm/"
"NILF17040";"Lindell, Thomas J.";"http://www.fantascienza.com/catalogo/autori/NILF17040/thomas-j-lindell/"
"NILF22875";"Lindgren, Astrid";"http://www.fantascienza.com/catalogo/autori/NILF22875/astrid-lindgren/"
"NILF13200";"Lindholm, Megan";"http://www.fantascienza.com/catalogo/autori/NILF13200/megan-lindholm/"
"NILF25341";"Lindqvist, John Ajvide";"http://www.fantascienza.com/catalogo/autori/NILF25341/john-ajvide-lindqvist/"
"NILF21015";"Lindsay, Joan";"http://www.fantascienza.com/catalogo/autori/NILF21015/joan-lindsay/"
"NILF13201";"Lindsey, Johanna";"http://www.fantascienza.com/catalogo/autori/NILF13201/johanna-lindsey/"
"NILF17221";"Lindskold, Jane";"http://www.fantascienza.com/catalogo/autori/NILF17221/jane-lindskold/"
"NILF19863";"Link, Kelly";"http://www.fantascienza.com/catalogo/autori/NILF19863/kelly-link/"
"NILF13204";"Linklater, Eric";"http://www.fantascienza.com/catalogo/autori/NILF13204/eric-linklater/"
"NILF25553";"Linnea, S. L.";"http://www.fantascienza.com/catalogo/autori/NILF25553/s-l-linnea/"
"NILF19277";"Lins, Osman";"http://www.fantascienza.com/catalogo/autori/NILF19277/osman-lins/"
"NILF23638";"Lionello, Davide";"http://www.fantascienza.com/catalogo/autori/NILF23638/davide-lionello/"
"NILF13206";"Liorni, Massimo";"http://www.fantascienza.com/catalogo/autori/NILF13206/massimo-liorni/"
"NILF13207";"Lipos, Grazia";"http://www.fantascienza.com/catalogo/autori/NILF13207/grazia-lipos/"
"NILF25523";"Lipparini, Giuseppe";"http://www.fantascienza.com/catalogo/autori/NILF25523/giuseppe-lipparini/"
"NILF26372";"Lipperini, Loredana";"http://www.fantascienza.com/catalogo/autori/NILF26372/loredana-lipperini/"
"NILF13208";"Lippi, Giuseppe";"http://www.fantascienza.com/catalogo/autori/NILF13208/giuseppe-lippi/"
"NILF26435";"Lippman, Laura";"http://www.fantascienza.com/catalogo/autori/NILF26435/laura-lippman/"
"NILF23666";"Lippolis, Ignazio";"http://www.fantascienza.com/catalogo/autori/NILF23666/ignazio-lippolis/"
"NILF13209";"Lisi, Nicola";"http://www.fantascienza.com/catalogo/autori/NILF13209/nicola-lisi/"
"NILF18867";"Lisiero, Alberto";"http://www.fantascienza.com/catalogo/autori/NILF18867/alberto-lisiero/"
"NILF23584";"Lisitzky, Gene";"http://www.fantascienza.com/catalogo/autori/NILF23584/gene-lisitzky/"
"NILF13210";"Lisle, Holly";"http://www.fantascienza.com/catalogo/autori/NILF13210/holly-lisle/"
"NILF20902";"Lisle, Janet Taylor";"http://www.fantascienza.com/catalogo/autori/NILF20902/janet-taylor-lisle/"
"NILF24309";"Lissa, Giuseppe";"http://www.fantascienza.com/catalogo/autori/NILF24309/giuseppe-lissa/"
"NILF22999";"Littke, Lael J.";"http://www.fantascienza.com/catalogo/autori/NILF22999/lael-j-littke/"
"NILF13213";"Little, Bentley";"http://www.fantascienza.com/catalogo/autori/NILF13213/bentley-little/"
"NILF13212";"Little, John R.";"http://www.fantascienza.com/catalogo/autori/NILF13212/john-r-little/"
"NILF24044";"Littrow, G. Giovanni";"http://www.fantascienza.com/catalogo/autori/NILF24044/g-giovanni-littrow/"
"NILF26114";"Liu, Ken";"http://www.fantascienza.com/catalogo/autori/NILF26114/ken-liu/"
"NILF20635";"Liuti, Giancarlo";"http://www.fantascienza.com/catalogo/autori/NILF20635/giancarlo-liuti/"
"NILF13216";"Lively, Penelope";"http://www.fantascienza.com/catalogo/autori/NILF13216/penelope-lively/"
"NILF23809";"Liverani, Gianni";"http://www.fantascienza.com/catalogo/autori/NILF23809/gianni-liverani/"
"NILF19697";"Liverani, Maurizio";"http://www.fantascienza.com/catalogo/autori/NILF19697/maurizio-liverani/"
"NILF20625";"Livi, Grazia";"http://www.fantascienza.com/catalogo/autori/NILF20625/grazia-livi/"
"NILF13217";"Livingston, Harold";"http://www.fantascienza.com/catalogo/autori/NILF13217/harold-livingston/"
"NILF26647";"Livingston, Lesley";"http://www.fantascienza.com/catalogo/autori/NILF26647/lesley-livingston/"
"NILF13219";"Livingston, Thomas";"http://www.fantascienza.com/catalogo/autori/NILF13219/thomas-livingston/"
"NILF13220";"Livio, Robin";"http://www.fantascienza.com/catalogo/autori/NILF13220/robin-livio/"
"NILF26569";"Livio, Simona";"http://www.fantascienza.com/catalogo/autori/NILF26569/simona-livio/"
"NILF21405";"Liviova, M.";"http://www.fantascienza.com/catalogo/autori/NILF21405/m-liviova/"
"NILF16982";"Llewellyn, Alun";"http://www.fantascienza.com/catalogo/autori/NILF16982/alun-llewellyn/"
"NILF16210";"Llopis, Rafael";"http://www.fantascienza.com/catalogo/autori/NILF16210/rafael-llopis/"
"NILF24468";"Lloyd, David";"http://www.fantascienza.com/catalogo/autori/NILF24468/david-lloyd/"
"NILF13222";"Llywelyn, Morgan";"http://www.fantascienza.com/catalogo/autori/NILF13222/morgan-llywelyn/"
"NILF25958";"Lo Castro, Giuseppe";"http://www.fantascienza.com/catalogo/autori/NILF25958/giuseppe-lo-castro/"
"NILF19282";"Lo Curzio, Guglielmo";"http://www.fantascienza.com/catalogo/autori/NILF19282/guglielmo-lo-curzio/"
"NILF13223";"Lo Duca, ";"http://www.fantascienza.com/catalogo/autori/NILF13223/-lo-duca/"
"NILF24443";"Lo Forti, Luigi";"http://www.fantascienza.com/catalogo/autori/NILF24443/luigi-lo-forti/"
"NILF16309";"Lo Gatto, Ettore";"http://www.fantascienza.com/catalogo/autori/NILF16309/ettore-lo-gatto/"
"NILF25086";"Lo Giudice, Paolo";"http://www.fantascienza.com/catalogo/autori/NILF25086/paolo-lo-giudice/"
"NILF13229";"Lo Jacono, Massimo";"http://www.fantascienza.com/catalogo/autori/NILF13229/massimo-lo-jacono/"
"NILF17440";"Lo Magro, Raffaele";"http://www.fantascienza.com/catalogo/autori/NILF17440/raffaele-lo-magro/"
"NILF16038";"Lo Sparviero, ";"http://www.fantascienza.com/catalogo/autori/NILF16038/-lo-sparviero/"
"NILF25898";"Lobrutto, Cordwainer";"http://www.fantascienza.com/catalogo/autori/NILF25898/cordwainer-lobrutto/"
"NILF19605";"Locatelli, Attilio";"http://www.fantascienza.com/catalogo/autori/NILF19605/attilio-locatelli/"
"NILF19606";"Locatelli, Marco";"http://www.fantascienza.com/catalogo/autori/NILF19606/marco-locatelli/"
"NILF13224";"Lochte, Dick";"http://www.fantascienza.com/catalogo/autori/NILF13224/dick-lochte/"
"NILF13225";"Lock, Jean";"http://www.fantascienza.com/catalogo/autori/NILF13225/jean-lock/"
"NILF16679";"Locke, R. A.";"http://www.fantascienza.com/catalogo/autori/NILF16679/r-a-locke/"
"NILF16218";"Lockhart, Andrew Francis";"http://www.fantascienza.com/catalogo/autori/NILF16218/andrew-francis-lockhart/"
"NILF21285";"Locking, A.";"http://www.fantascienza.com/catalogo/autori/NILF21285/a-locking/"
"NILF18066";"Lockley, Steve";"http://www.fantascienza.com/catalogo/autori/NILF18066/steve-lockley/"
"NILF19673";"Lodi, Mario";"http://www.fantascienza.com/catalogo/autori/NILF19673/mario-lodi/"
"NILF19788";"Lodigiani, Emilia";"http://www.fantascienza.com/catalogo/autori/NILF19788/emilia-lodigiani/"
"NILF23535";"Lodone, Paolo";"http://www.fantascienza.com/catalogo/autori/NILF23535/paolo-lodone/"
"NILF24084";"Loewenthal, Elena";"http://www.fantascienza.com/catalogo/autori/NILF24084/elena-loewenthal/"
"NILF13226";"Loewenthal, Lise";"http://www.fantascienza.com/catalogo/autori/NILF13226/lise-loewenthal/"
"NILF20373";"Loffredo, Michele";"http://www.fantascienza.com/catalogo/autori/NILF20373/michele-loffredo/"
"NILF18968";"Loforti, Luigi";"http://www.fantascienza.com/catalogo/autori/NILF18968/luigi-loforti/"
"NILF20896";"Lofting, Hugh";"http://www.fantascienza.com/catalogo/autori/NILF20896/hugh-lofting/"
"NILF13227";"Logan, Charles";"http://www.fantascienza.com/catalogo/autori/NILF13227/charles-logan/"
"NILF25334";"Lohr, Michael";"http://www.fantascienza.com/catalogo/autori/NILF25334/michael-lohr/"
"NILF24505";"Loj, Raul";"http://www.fantascienza.com/catalogo/autori/NILF24505/raul-loj/"
"NILF23442";"Lollini, Luigi";"http://www.fantascienza.com/catalogo/autori/NILF23442/luigi-lollini/"
"NILF18892";"Lomagno, Pierangelo";"http://www.fantascienza.com/catalogo/autori/NILF18892/pierangelo-lomagno/"
"NILF24077";"Lombardi, Angelo";"http://www.fantascienza.com/catalogo/autori/NILF24077/angelo-lombardi/"
"NILF13231";"Lombardi, Cinzia";"http://www.fantascienza.com/catalogo/autori/NILF13231/cinzia-lombardi/"
"NILF13232";"Lombardi, Edmondo";"http://www.fantascienza.com/catalogo/autori/NILF13232/edmondo-lombardi/"
"NILF13233";"Lombardi, Fabio";"http://www.fantascienza.com/catalogo/autori/NILF13233/fabio-lombardi/"
"NILF24412";"Lombardi, Maria Cristina";"http://www.fantascienza.com/catalogo/autori/NILF24412/maria-cristina-lombardi/"
"NILF25225";"Lombardi, Marinella";"http://www.fantascienza.com/catalogo/autori/NILF25225/marinella-lombardi/"
"NILF17387";"Lombardi, Nicola";"http://www.fantascienza.com/catalogo/autori/NILF17387/nicola-lombardi/"
"NILF20614";"Lombardi, Paola Dècina";"http://www.fantascienza.com/catalogo/autori/NILF20614/paola-decina-lombardi/"
"NILF24595";"Lombardi Satriani, Luigi M.";"http://www.fantascienza.com/catalogo/autori/NILF24595/luigi-m-lombardi-satriani/"
"NILF25722";"Lombardini, Francesca";"http://www.fantascienza.com/catalogo/autori/NILF25722/francesca-lombardini/"
"NILF16323";"Lombardo, Agostino";"http://www.fantascienza.com/catalogo/autori/NILF16323/agostino-lombardo/"
"NILF21222";"Lombardo, Alberto";"http://www.fantascienza.com/catalogo/autori/NILF21222/alberto-lombardo/"
"NILF21083";"Lombardo, Caterina";"http://www.fantascienza.com/catalogo/autori/NILF21083/caterina-lombardo/"
"NILF18391";"Lombardo, Silvana";"http://www.fantascienza.com/catalogo/autori/NILF18391/silvana-lombardo/"
"NILF20278";"Lona, Alessandra Mezzena";"http://www.fantascienza.com/catalogo/autori/NILF20278/alessandra-mezzena-lona/"
"NILF20985";"Londhe, Laxman";"http://www.fantascienza.com/catalogo/autori/NILF20985/laxman-londhe/"
"NILF13235";"London, Jack";"http://www.fantascienza.com/catalogo/autori/NILF13235/jack-london/"
"NILF25663";"London, Sondra";"http://www.fantascienza.com/catalogo/autori/NILF25663/sondra-london/"
"NILF13236";"Long, Amelia Reynolds";"http://www.fantascienza.com/catalogo/autori/NILF13236/amelia-reynolds-long/"
"NILF13237";"Long, Charles";"http://www.fantascienza.com/catalogo/autori/NILF13237/charles-long/"
"NILF13238";"Long, Frank Belknap";"http://www.fantascienza.com/catalogo/autori/NILF13238/frank-belknap-long/"
"NILF19718";"Long, Jeff";"http://www.fantascienza.com/catalogo/autori/NILF19718/jeff-long/"
"NILF13240";"Long, Julius";"http://www.fantascienza.com/catalogo/autori/NILF13240/julius-long/"
"NILF26252";"Long, Laird";"http://www.fantascienza.com/catalogo/autori/NILF26252/laird-long/"
"NILF13241";"Long, Y. F. J.";"http://www.fantascienza.com/catalogo/autori/NILF13241/y-f-j-long/"
"NILF24938";"Longhi, Desirée";"http://www.fantascienza.com/catalogo/autori/NILF24938/desir-ee-longhi/"
"NILF13243";"Longhi, Maria Grazia";"http://www.fantascienza.com/catalogo/autori/NILF13243/maria-grazia-longhi/"
"NILF25145";"Longo, Chiara";"http://www.fantascienza.com/catalogo/autori/NILF25145/chiara-longo/"
"NILF24660";"Longo, Francesco";"http://www.fantascienza.com/catalogo/autori/NILF24660/francesco-longo/"
"NILF13244";"Longo, Giuseppe O.";"http://www.fantascienza.com/catalogo/autori/NILF13244/giuseppe-o-longo/"
"NILF18160";"Longo, Lydia Giuffrida";"http://www.fantascienza.com/catalogo/autori/NILF18160/lydia-giuffrida-longo/"
"NILF13245";"Longo, Massimo";"http://www.fantascienza.com/catalogo/autori/NILF13245/massimo-longo/"
"NILF13246";"Longyear, Barry B.";"http://www.fantascienza.com/catalogo/autori/NILF13246/barry-b-longyear/"
"NILF24744";"Lonigro, Andrea";"http://www.fantascienza.com/catalogo/autori/NILF24744/andrea-lonigro/"
"NILF20220";"Lönnrot, Elias";"http://www.fantascienza.com/catalogo/autori/NILF20220/elias-lonnrot/"
"NILF13247";"Loomis, Noel";"http://www.fantascienza.com/catalogo/autori/NILF13247/noel-loomis/"
"NILF24727";"Lopez, Ragnarock";"http://www.fantascienza.com/catalogo/autori/NILF24727/ragnarock-lopez/"
"NILF19297";"Lorandi, Marco";"http://www.fantascienza.com/catalogo/autori/NILF19297/marco-lorandi/"
"NILF13248";"Lord, Frederik S.";"http://www.fantascienza.com/catalogo/autori/NILF13248/frederik-s-lord/"
"NILF16173";"Lord, Glenn";"http://www.fantascienza.com/catalogo/autori/NILF16173/glenn-lord/"
"NILF13250";"Lord, Mindret";"http://www.fantascienza.com/catalogo/autori/NILF13250/mindret-lord/"
"NILF26636";"Lorente, Miguel";"http://www.fantascienza.com/catalogo/autori/NILF26636/miguel-lorente/"
"NILF20596";"Lorenzi, Stefano";"http://www.fantascienza.com/catalogo/autori/NILF20596/stefano-lorenzi/"
"NILF13251";"Lorenzini, Carlo";"http://www.fantascienza.com/catalogo/autori/NILF13251/carlo-lorenzini/"
"NILF21442";"Lorenzini, Paolo";"http://www.fantascienza.com/catalogo/autori/NILF21442/paolo-lorenzini/"
"NILF20531";"Lorenzini, Secondo";"http://www.fantascienza.com/catalogo/autori/NILF20531/secondo-lorenzini/"
"NILF20976";"Lorenzon, Luca";"http://www.fantascienza.com/catalogo/autori/NILF20976/luca-lorenzon/"
"NILF26269";"Lorey, Dean";"http://www.fantascienza.com/catalogo/autori/NILF26269/dean-lorey/"
"NILF17443";"Lori, Alberto";"http://www.fantascienza.com/catalogo/autori/NILF17443/alberto-lori/"
"NILF25969";"Loria, Annamaria";"http://www.fantascienza.com/catalogo/autori/NILF25969/annamaria-loria/"
"NILF13252";"Loria, Arturo";"http://www.fantascienza.com/catalogo/autori/NILF13252/arturo-loria/"
"NILF23015";"Loria, Stefano";"http://www.fantascienza.com/catalogo/autori/NILF23015/stefano-loria/"
"NILF13253";"Loriga, Vanni";"http://www.fantascienza.com/catalogo/autori/NILF13253/vanni-loriga/"
"NILF23737";"Lőrinczi, Marinella";"http://www.fantascienza.com/catalogo/autori/NILF23737/marinella-lorinczi/"
"NILF13254";"Loring, G. F.";"http://www.fantascienza.com/catalogo/autori/NILF13254/g-f-loring/"
"NILF25168";"Loro, Giuliano";"http://www.fantascienza.com/catalogo/autori/NILF25168/giuliano-loro/"
"NILF13256";"Lorrain, Jean";"http://www.fantascienza.com/catalogo/autori/NILF13256/jean-lorrain/"
"NILF26764";"Lorusso, Adriana";"http://www.fantascienza.com/catalogo/autori/NILF26764/adriana-lorusso/"
"NILF13258";"Lory, Robert";"http://www.fantascienza.com/catalogo/autori/NILF13258/robert-lory/"
"NILF13260";"Losacco, Fabio";"http://www.fantascienza.com/catalogo/autori/NILF13260/fabio-losacco/"
"NILF23895";"Losse, Bert";"http://www.fantascienza.com/catalogo/autori/NILF23895/bert-losse/"
"NILF13262";"Lothar, Walt";"http://www.fantascienza.com/catalogo/autori/NILF13262/walt-lothar/"
"NILF25211";"Lottman, Herbert R.";"http://www.fantascienza.com/catalogo/autori/NILF25211/herbert-r-lottman/"
"NILF25842";"Lotto, Alessandra";"http://www.fantascienza.com/catalogo/autori/NILF25842/alessandra-lotto/"
"NILF25161";"Lotto, Damiano";"http://www.fantascienza.com/catalogo/autori/NILF25161/damiano-lotto/"
"NILF26071";"Louinet, Patrice";"http://www.fantascienza.com/catalogo/autori/NILF26071/patrice-louinet/"
"NILF13264";"Louÿs, Pierre";"http://www.fantascienza.com/catalogo/autori/NILF13264/pierre-louys/"
"NILF13265";"Love, Rosaleen";"http://www.fantascienza.com/catalogo/autori/NILF13265/rosaleen-love/"
"NILF13267";"Lovecraft, Howard Phillips";"http://www.fantascienza.com/catalogo/autori/NILF13267/howard-phillips-lovecraft/"
"NILF17713";"Lovegrove, James";"http://www.fantascienza.com/catalogo/autori/NILF17713/james-lovegrove/"
"NILF13268";"Lovejoy, Jack";"http://www.fantascienza.com/catalogo/autori/NILF13268/jack-lovejoy/"
"NILF20743";"Lovelace, Delos Wheeler";"http://www.fantascienza.com/catalogo/autori/NILF20743/delos-wheeler-lovelace/"
"NILF20355";"Loveman, Samuel";"http://www.fantascienza.com/catalogo/autori/NILF20355/samuel-loveman/"
"NILF19732";"Lovering, Paul H.";"http://www.fantascienza.com/catalogo/autori/NILF19732/paul-h-lovering/"
"NILF20587";"Lovesey, Peter [Harmer]";"http://www.fantascienza.com/catalogo/autori/NILF20587/peter-harmer-lovesey/"
"NILF13269";"Lovin, Roger";"http://www.fantascienza.com/catalogo/autori/NILF13269/roger-lovin/"
"NILF22656";"Lowder, James";"http://www.fantascienza.com/catalogo/autori/NILF22656/james-lowder/"
"NILF22189";"Lowell, Chris";"http://www.fantascienza.com/catalogo/autori/NILF22189/chris-lowell/"
"NILF16507";"Lowell, Percival";"http://www.fantascienza.com/catalogo/autori/NILF16507/percival-lowell/"
"NILF16028";"Lowell, Sir Bernard";"http://www.fantascienza.com/catalogo/autori/NILF16028/sir-bernard-lowell/"
"NILF13271";"Lowenkopf, Shelly";"http://www.fantascienza.com/catalogo/autori/NILF13271/shelly-lowenkopf/"
"NILF13272";"Lower, Martin";"http://www.fantascienza.com/catalogo/autori/NILF13272/martin-lower/"
"NILF13273";"Lowndes, Robert A. W.";"http://www.fantascienza.com/catalogo/autori/NILF13273/robert-a-w-lowndes/"
"NILF25232";"Lowry, Brian";"http://www.fantascienza.com/catalogo/autori/NILF25232/brian-lowry/"
"NILF13274";"Lowry, Lois";"http://www.fantascienza.com/catalogo/autori/NILF13274/lois-lowry/"
"NILF13275";"Lowry, Malcolm";"http://www.fantascienza.com/catalogo/autori/NILF13275/malcolm-lowry/"
"NILF13276";"Lualdi, Maner";"http://www.fantascienza.com/catalogo/autori/NILF13276/maner-lualdi/"
"NILF21186";"Lube, Manfred";"http://www.fantascienza.com/catalogo/autori/NILF21186/manfred-lube/"
"NILF18037";"Lubrano, Patrizia";"http://www.fantascienza.com/catalogo/autori/NILF18037/patrizia-lubrano/"
"NILF13277";"Luca, Gherásim";"http://www.fantascienza.com/catalogo/autori/NILF13277/gher-asim-luca/"
"NILF21889";"Lucantonio, Gabriele";"http://www.fantascienza.com/catalogo/autori/NILF21889/gabriele-lucantonio/"
"NILF17398";"Lucarelli, Carlo";"http://www.fantascienza.com/catalogo/autori/NILF17398/carlo-lucarelli/"
"NILF23069";"Lucarelli, Manuela";"http://www.fantascienza.com/catalogo/autori/NILF23069/manuela-lucarelli/"
"NILF13280";"Lucas, George";"http://www.fantascienza.com/catalogo/autori/NILF13280/george-lucas/"
"NILF13281";"Lucas, John Meredyth";"http://www.fantascienza.com/catalogo/autori/NILF13281/john-meredyth-lucas/"
"NILF13282";"Lucas, Jon";"http://www.fantascienza.com/catalogo/autori/NILF13282/jon-lucas/"
"NILF13283";"Lucatelli, Luigi";"http://www.fantascienza.com/catalogo/autori/NILF13283/luigi-lucatelli/"
"NILF13284";"Lucchesi, Armando";"http://www.fantascienza.com/catalogo/autori/NILF13284/armando-lucchesi/"
"NILF19195";"Lucchetti, Daniele";"http://www.fantascienza.com/catalogo/autori/NILF19195/daniele-lucchetti/"
"NILF13285";"Lucchetti, Leandro";"http://www.fantascienza.com/catalogo/autori/NILF13285/leandro-lucchetti/"
"NILF13286";"Luceno, James";"http://www.fantascienza.com/catalogo/autori/NILF13286/james-luceno/"
"NILF13287";"Lucentini, Franco";"http://www.fantascienza.com/catalogo/autori/NILF13287/franco-lucentini/"
"NILF13288";"Lucentini, Gianni";"http://www.fantascienza.com/catalogo/autori/NILF13288/gianni-lucentini/"
"NILF13289";"Lucentini, P.";"http://www.fantascienza.com/catalogo/autori/NILF13289/p-lucentini/"
"NILF25468";"Luceri, Nicola";"http://www.fantascienza.com/catalogo/autori/NILF25468/nicola-luceri/"
"NILF22511";"Luceste, ";"http://www.fantascienza.com/catalogo/autori/NILF22511/-luceste/"
"NILF21396";"Luchi, Valerio";"http://www.fantascienza.com/catalogo/autori/NILF21396/valerio-luchi/"
"NILF18566";"Luchini, Alberto";"http://www.fantascienza.com/catalogo/autori/NILF18566/alberto-luchini/"
"NILF24347";"Luciani, Domenica";"http://www.fantascienza.com/catalogo/autori/NILF24347/domenica-luciani/"
"NILF17732";"Luciani, Giovanni";"http://www.fantascienza.com/catalogo/autori/NILF17732/giovanni-luciani/"
"NILF17378";"Luciani, Luciano";"http://www.fantascienza.com/catalogo/autori/NILF17378/luciano-luciani/"
"NILF24123";"Luciani, Serena";"http://www.fantascienza.com/catalogo/autori/NILF24123/serena-luciani/"
"NILF19410";"Luciano, A. & A.";"http://www.fantascienza.com/catalogo/autori/NILF19410/a-and-a-luciano/"
"NILF17701";"Luciano Di Samosata, ";"http://www.fantascienza.com/catalogo/autori/NILF17701/-luciano-di-samosata/"
"NILF23372";"Lucidi, Guglielmo";"http://www.fantascienza.com/catalogo/autori/NILF23372/guglielmo-lucidi/"
"NILF13290";"Lucidi, Mario";"http://www.fantascienza.com/catalogo/autori/NILF13290/mario-lucidi/"
"NILF13291";"Lucini, Gian Pietro";"http://www.fantascienza.com/catalogo/autori/NILF13291/gian-pietro-lucini/"
"NILF17090";"Luckett, Dave";"http://www.fantascienza.com/catalogo/autori/NILF17090/dave-luckett/"
"NILF17832";"Lucrezi, Gino";"http://www.fantascienza.com/catalogo/autori/NILF17832/gino-lucrezi/"
"NILF13292";"Ludens, Magnus";"http://www.fantascienza.com/catalogo/autori/NILF13292/magnus-ludens/"
"NILF24335";"Ludlam, Harry";"http://www.fantascienza.com/catalogo/autori/NILF24335/harry-ludlam/"
"NILF13293";"Ludlum, Robert";"http://www.fantascienza.com/catalogo/autori/NILF13293/robert-ludlum/"
"NILF13294";"Ludwig, Edward W.";"http://www.fantascienza.com/catalogo/autori/NILF13294/edward-w-ludwig/"
"NILF18559";"Ludwig, Emil";"http://www.fantascienza.com/catalogo/autori/NILF18559/emil-ludwig/"
"NILF19648";"Lugli, Antonio";"http://www.fantascienza.com/catalogo/autori/NILF19648/antonio-lugli/"
"NILF23083";"Lugli, Marco";"http://www.fantascienza.com/catalogo/autori/NILF23083/marco-lugli/"
"NILF26179";"Lugli, Mario";"http://www.fantascienza.com/catalogo/autori/NILF26179/mario-lugli/"
"NILF23672";"Lugnani, Lucio";"http://www.fantascienza.com/catalogo/autori/NILF23672/lucio-lugnani/"
"NILF13295";"Lugones, Leopoldo";"http://www.fantascienza.com/catalogo/autori/NILF13295/leopoldo-lugones/"
"NILF19273";"Lugosi, Bela";"http://www.fantascienza.com/catalogo/autori/NILF19273/bela-lugosi/"
"NILF18173";"Luini, Fabio";"http://www.fantascienza.com/catalogo/autori/NILF18173/fabio-luini/"
"NILF13298";"Luisetti, Luigi";"http://www.fantascienza.com/catalogo/autori/NILF13298/luigi-luisetti/"
"NILF18334";"Luisoni, Carlo";"http://www.fantascienza.com/catalogo/autori/NILF18334/carlo-luisoni/"
"NILF23237";"Luk, Karen";"http://www.fantascienza.com/catalogo/autori/NILF23237/karen-luk/"
"NILF20091";"Luk'Janenko, Sergej";"http://www.fantascienza.com/catalogo/autori/NILF20091/sergej-luk-janenko/"
"NILF22233";"Lukacs, John";"http://www.fantascienza.com/catalogo/autori/NILF22233/john-lukacs/"
"NILF13299";"Lukens, Adam";"http://www.fantascienza.com/catalogo/autori/NILF13299/adam-lukens/"
"NILF17669";"Lukes, Steven";"http://www.fantascienza.com/catalogo/autori/NILF17669/steven-lukes/"
"NILF13300";"Lukojadnov, I.";"http://www.fantascienza.com/catalogo/autori/NILF13300/i-lukojadnov/"
"NILF13302";"Luminati, Luigi";"http://www.fantascienza.com/catalogo/autori/NILF13302/luigi-luminati/"
"NILF13303";"Lumley, Brian";"http://www.fantascienza.com/catalogo/autori/NILF13303/brian-lumley/"
"NILF24312";"Luna, Mirko";"http://www.fantascienza.com/catalogo/autori/NILF24312/mirko-luna/"
"NILF13307";"Lunan, Duncan";"http://www.fantascienza.com/catalogo/autori/NILF13307/duncan-lunan/"
"NILF25116";"Lunardini, Augusto";"http://www.fantascienza.com/catalogo/autori/NILF25116/augusto-lunardini/"
"NILF25357";"Lunazzi, Melania";"http://www.fantascienza.com/catalogo/autori/NILF25357/melania-lunazzi/"
"NILF13308";"Lundwall, Sam J.";"http://www.fantascienza.com/catalogo/autori/NILF13308/sam-j-lundwall/"
"NILF13309";"Lunetta, Mario";"http://www.fantascienza.com/catalogo/autori/NILF13309/mario-lunetta/"
"NILF19610";"Lupati, Cesarina";"http://www.fantascienza.com/catalogo/autori/NILF19610/cesarina-lupati/"
"NILF26050";"Luperini, Romano";"http://www.fantascienza.com/catalogo/autori/NILF26050/romano-luperini/"
"NILF19326";"Lupi, Gordiano";"http://www.fantascienza.com/catalogo/autori/NILF19326/gordiano-lupi/"
"NILF24334";"Lupieri, Edmondo";"http://www.fantascienza.com/catalogo/autori/NILF24334/edmondo-lupieri/"
"NILF13310";"Lupinacci, Antonio Tafuri";"http://www.fantascienza.com/catalogo/autori/NILF13310/antonio-tafuri-lupinacci/"
"NILF13311";"Lupo, Roberto";"http://www.fantascienza.com/catalogo/autori/NILF13311/roberto-lupo/"
"NILF13312";"Lupoff, Richard A.";"http://www.fantascienza.com/catalogo/autori/NILF13312/richard-a-lupoff/"
"NILF25031";"Luppi, Aldo";"http://www.fantascienza.com/catalogo/autori/NILF25031/aldo-luppi/"
"NILF13313";"Luppi, Maria M.";"http://www.fantascienza.com/catalogo/autori/NILF13313/maria-m-luppi/"
"NILF20506";"Luraghi, Giuseppe E.";"http://www.fantascienza.com/catalogo/autori/NILF20506/giuseppe-e-luraghi/"
"NILF23458";"Lurie, Allison";"http://www.fantascienza.com/catalogo/autori/NILF23458/allison-lurie/"
"NILF13315";"Luserke, Uwe";"http://www.fantascienza.com/catalogo/autori/NILF13315/uwe-luserke/"
"NILF18504";"Lusini, R.";"http://www.fantascienza.com/catalogo/autori/NILF18504/r-lusini/"
"NILF22660";"Lussi, Giorgio";"http://www.fantascienza.com/catalogo/autori/NILF22660/giorgio-lussi/"
"NILF21539";"Luti, Giorgio";"http://www.fantascienza.com/catalogo/autori/NILF21539/giorgio-luti/"
"NILF17423";"Lutrario, Severo";"http://www.fantascienza.com/catalogo/autori/NILF17423/severo-lutrario/"
"NILF13317";"Lutz, John";"http://www.fantascienza.com/catalogo/autori/NILF13317/john-lutz/"
"NILF24621";"Luzi, Alfredo";"http://www.fantascienza.com/catalogo/autori/NILF24621/alfredo-luzi/"
"NILF16504";"Luzi, Mario";"http://www.fantascienza.com/catalogo/autori/NILF16504/mario-luzi/"
"NILF25444";"Luzzatto, Amos";"http://www.fantascienza.com/catalogo/autori/NILF25444/amos-luzzatto/"
"NILF23770";"Luzzatto, Michele";"http://www.fantascienza.com/catalogo/autori/NILF23770/michele-luzzatto/"
"NILF13318";"Lyle, Gene III";"http://www.fantascienza.com/catalogo/autori/NILF13318/gene-iii-lyle/"
"NILF13320";"Lynch, Hal";"http://www.fantascienza.com/catalogo/autori/NILF13320/hal-lynch/"
"NILF24298";"Lynch, Jim";"http://www.fantascienza.com/catalogo/autori/NILF24298/jim-lynch/"
"NILF17639";"Lynch, Patrick";"http://www.fantascienza.com/catalogo/autori/NILF17639/patrick-lynch/"
"NILF25272";"Lynch, Scott";"http://www.fantascienza.com/catalogo/autori/NILF25272/scott-lynch/"
"NILF13321";"Lynds, Dennis";"http://www.fantascienza.com/catalogo/autori/NILF13321/dennis-lynds/"
"NILF19280";"Lynds, Gayle";"http://www.fantascienza.com/catalogo/autori/NILF19280/gayle-lynds/"
"NILF13322";"Lynn, Elizabeth A.";"http://www.fantascienza.com/catalogo/autori/NILF13322/elizabeth-a-lynn/"
"NILF13323";"Lyon, Howard";"http://www.fantascienza.com/catalogo/autori/NILF13323/howard-lyon/"
"NILF18523";"Lyon, Winston";"http://www.fantascienza.com/catalogo/autori/NILF18523/winston-lyon/"
"NILF13324";"Lyris, Sonia Orin";"http://www.fantascienza.com/catalogo/autori/NILF13324/sonia-orin-lyris/"
"NILF18331";"L[eo], S[abrina]";"http://www.fantascienza.com/catalogo/autori/NILF18331/sabrina-leo/"
