"NILF13843";"N., Cesare";"http://www.fantascienza.com/catalogo/autori/NILF13843/cesare-n/"
"NILF18949";"N. D. R., ";"http://www.fantascienza.com/catalogo/autori/NILF18949/-n-d-r/"
"NILF21480";"Nabokov, Dmitri";"http://www.fantascienza.com/catalogo/autori/NILF21480/dmitri-nabokov/"
"NILF13844";"Nabokov, Vladimir";"http://www.fantascienza.com/catalogo/autori/NILF13844/vladimir-nabokov/"
"NILF18087";"Nacci, Bruno";"http://www.fantascienza.com/catalogo/autori/NILF18087/bruno-nacci/"
"NILF22897";"Nadiani, Giovanni";"http://www.fantascienza.com/catalogo/autori/NILF22897/giovanni-nadiani/"
"NILF18115";"Nadir, Daniele";"http://www.fantascienza.com/catalogo/autori/NILF18115/daniele-nadir/"
"NILF13846";"Nadler, Maggie";"http://www.fantascienza.com/catalogo/autori/NILF13846/maggie-nadler/"
"NILF17640";"Nadolny, Sten";"http://www.fantascienza.com/catalogo/autori/NILF17640/sten-nadolny/"
"NILF17581";"Nadotti, Anna";"http://www.fantascienza.com/catalogo/autori/NILF17581/anna-nadotti/"
"NILF20389";"Nagl, Manfred";"http://www.fantascienza.com/catalogo/autori/NILF20389/manfred-nagl/"
"NILF18877";"Naha, Ed";"http://www.fantascienza.com/catalogo/autori/NILF18877/ed-naha/"
"NILF13848";"Nahin, Paul J.";"http://www.fantascienza.com/catalogo/autori/NILF13848/paul-j-nahin/"
"NILF23362";"Naja, Milvia";"http://www.fantascienza.com/catalogo/autori/NILF23362/milvia-naja/"
"NILF17622";"Nance, John J.";"http://www.fantascienza.com/catalogo/autori/NILF17622/john-j-nance/"
"NILF25887";"Napier, Bill";"http://www.fantascienza.com/catalogo/autori/NILF25887/bill-napier/"
"NILF23379";"Napoli, Roberto Enrico";"http://www.fantascienza.com/catalogo/autori/NILF23379/roberto-enrico-napoli/"
"NILF26719";"Napolitano, Alessandro";"http://www.fantascienza.com/catalogo/autori/NILF26719/alessandro-napolitano/"
"NILF13851";"Napolitano, Massimo";"http://www.fantascienza.com/catalogo/autori/NILF13851/massimo-napolitano/"
"NILF23415";"Nappi, Antonio";"http://www.fantascienza.com/catalogo/autori/NILF23415/antonio-nappi/"
"NILF13852";"Narcejac, Thomas";"http://www.fantascienza.com/catalogo/autori/NILF13852/thomas-narcejac/"
"NILF26218";"Narciso, Giancarlo";"http://www.fantascienza.com/catalogo/autori/NILF26218/giancarlo-narciso/"
"NILF24941";"Nardella, Francesco";"http://www.fantascienza.com/catalogo/autori/NILF24941/francesco-nardella/"
"NILF13853";"Nardella, Gino";"http://www.fantascienza.com/catalogo/autori/NILF13853/gino-nardella/"
"NILF13854";"Nardelli, Luciano";"http://www.fantascienza.com/catalogo/autori/NILF13854/luciano-nardelli/"
"NILF13856";"Nardini, Fabio";"http://www.fantascienza.com/catalogo/autori/NILF13856/fabio-nardini/"
"NILF23300";"Naria, Giuliano";"http://www.fantascienza.com/catalogo/autori/NILF23300/giuliano-naria/"
"NILF18386";"Narlikar, Jayant V.";"http://www.fantascienza.com/catalogo/autori/NILF18386/jayant-v-narlikar/"
"NILF24745";"Naselli, Laura";"http://www.fantascienza.com/catalogo/autori/NILF24745/laura-naselli/"
"NILF26363";"Nasi, Allegra";"http://www.fantascienza.com/catalogo/autori/NILF26363/allegra-nasi/"
"NILF13857";"Naso, Enzo";"http://www.fantascienza.com/catalogo/autori/NILF13857/enzo-naso/"
"NILF24717";"Naspini, Sacha";"http://www.fantascienza.com/catalogo/autori/NILF24717/sacha-naspini/"
"NILF13858";"Nassi, Enzo";"http://www.fantascienza.com/catalogo/autori/NILF13858/enzo-nassi/"
"NILF21165";"Nassise, Joseph";"http://www.fantascienza.com/catalogo/autori/NILF21165/joseph-nassise/"
"NILF21325";"Natangelo, Mario";"http://www.fantascienza.com/catalogo/autori/NILF21325/mario-natangelo/"
"NILF20697";"Natella, Andrea";"http://www.fantascienza.com/catalogo/autori/NILF20697/andrea-natella/"
"NILF13860";"Nathan, Robert";"http://www.fantascienza.com/catalogo/autori/NILF13860/robert-nathan/"
"NILF24641";"Nathan, Robert Stuart";"http://www.fantascienza.com/catalogo/autori/NILF24641/robert-stuart-nathan/"
"NILF16208";"Nati, Maurizio";"http://www.fantascienza.com/catalogo/autori/NILF16208/maurizio-nati/"
"NILF13861";"Nation, Terry";"http://www.fantascienza.com/catalogo/autori/NILF13861/terry-nation/"
"NILF26406";"Natoli, Silvana";"http://www.fantascienza.com/catalogo/autori/NILF26406/silvana-natoli/"
"NILF16896";"Natta, Enzo";"http://www.fantascienza.com/catalogo/autori/NILF16896/enzo-natta/"
"NILF13862";"Navarro, Yvonne";"http://www.fantascienza.com/catalogo/autori/NILF13862/yvonne-navarro/"
"NILF24692";"Nave, Sergio";"http://www.fantascienza.com/catalogo/autori/NILF24692/sergio-nave/"
"NILF23201";"Navello, Beppe";"http://www.fantascienza.com/catalogo/autori/NILF23201/beppe-navello/"
"NILF13863";"Naviglio, Luigi";"http://www.fantascienza.com/catalogo/autori/NILF13863/luigi-naviglio/"
"NILF13865";"Naylor, Charles";"http://www.fantascienza.com/catalogo/autori/NILF13865/charles-naylor/"
"NILF15892";"Naylor, Chris";"http://www.fantascienza.com/catalogo/autori/NILF15892/chris-naylor/"
"NILF13866";"Nazarian, Vera";"http://www.fantascienza.com/catalogo/autori/NILF13866/vera-nazarian/"
"NILF13867";"Nearing, Homer C. jr.";"http://www.fantascienza.com/catalogo/autori/NILF13867/homer-c-jr-nearing/"
"NILF25130";"Nebbia, Claudio";"http://www.fantascienza.com/catalogo/autori/NILF25130/claudio-nebbia/"
"NILF19173";"Nebbia, Francesco";"http://www.fantascienza.com/catalogo/autori/NILF19173/francesco-nebbia/"
"NILF25684";"Nebuloni, Giovanni";"http://www.fantascienza.com/catalogo/autori/NILF25684/giovanni-nebuloni/"
"NILF13868";"Nebulosa, Gianni";"http://www.fantascienza.com/catalogo/autori/NILF13868/gianni-nebulosa/"
"NILF13869";"Necchi, Andrea";"http://www.fantascienza.com/catalogo/autori/NILF13869/andrea-necchi/"
"NILF13871";"Neff, Ondrej";"http://www.fantascienza.com/catalogo/autori/NILF13871/ondrej-neff/"
"NILF15969";"Negretti, Andreina";"http://www.fantascienza.com/catalogo/autori/NILF15969/andreina-negretti/"
"NILF13872";"Negri, Ada";"http://www.fantascienza.com/catalogo/autori/NILF13872/ada-negri/"
"NILF20968";"Negri, Alberto";"http://www.fantascienza.com/catalogo/autori/NILF20968/alberto-negri/"
"NILF23380";"Negri, Armando";"http://www.fantascienza.com/catalogo/autori/NILF23380/armando-negri/"
"NILF13873";"Negri-Visconti, ";"http://www.fantascienza.com/catalogo/autori/NILF13873/-negri-visconti/"
"NILF22816";"Negrini, Alessandro";"http://www.fantascienza.com/catalogo/autori/NILF22816/alessandro-negrini/"
"NILF25251";"Negrini, Sergio";"http://www.fantascienza.com/catalogo/autori/NILF25251/sergio-negrini/"
"NILF26714";"Negro, Marco";"http://www.fantascienza.com/catalogo/autori/NILF26714/marco-negro/"
"NILF24550";"Neher, André";"http://www.fantascienza.com/catalogo/autori/NILF24550/andr-e-neher/"
"NILF23732";"Neiger, Ada";"http://www.fantascienza.com/catalogo/autori/NILF23732/ada-neiger/"
"NILF13874";"Neill, A. S.";"http://www.fantascienza.com/catalogo/autori/NILF13874/a-s-neill/"
"NILF20901";"Neirynck, Jacques";"http://www.fantascienza.com/catalogo/autori/NILF20901/jacques-neirynck/"
"NILF16861";"Nejrotti, Chiara";"http://www.fantascienza.com/catalogo/autori/NILF16861/chiara-nejrotti/"
"NILF13875";"Nelli, Federico";"http://www.fantascienza.com/catalogo/autori/NILF13875/federico-nelli/"
"NILF13876";"Nelson, Alan";"http://www.fantascienza.com/catalogo/autori/NILF13876/alan-nelson/"
"NILF13877";"Nelson, Barry";"http://www.fantascienza.com/catalogo/autori/NILF13877/barry-nelson/"
"NILF13878";"Nelson, Ray";"http://www.fantascienza.com/catalogo/autori/NILF13878/ray-nelson/"
"NILF16189";"Nelson, Robert";"http://www.fantascienza.com/catalogo/autori/NILF16189/robert-nelson/"
"NILF13879";"Nemcov, Vladimir";"http://www.fantascienza.com/catalogo/autori/NILF13879/vladimir-nemcov/"
"NILF13880";"Nemere, István";"http://www.fantascienza.com/catalogo/autori/NILF13880/istv-an-nemere/"
"NILF21895";"Nemerson, Roy";"http://www.fantascienza.com/catalogo/autori/NILF21895/roy-nemerson/"
"NILF19078";"Nemo, Cap. Manfredo";"http://www.fantascienza.com/catalogo/autori/NILF19078/cap-manfredo-nemo/"
"NILF23920";"Nemo, Capitano";"http://www.fantascienza.com/catalogo/autori/NILF23920/capitano-nemo/"
"NILF13881";"Nencini, Rodolfo";"http://www.fantascienza.com/catalogo/autori/NILF13881/rodolfo-nencini/"
"NILF13882";"Nenzi, Roberto";"http://www.fantascienza.com/catalogo/autori/NILF13882/roberto-nenzi/"
"NILF20965";"Nepoti, Roberto";"http://www.fantascienza.com/catalogo/autori/NILF20965/roberto-nepoti/"
"NILF24969";"Neri, Corrado";"http://www.fantascienza.com/catalogo/autori/NILF24969/corrado-neri/"
"NILF26362";"Neri, Enrico";"http://www.fantascienza.com/catalogo/autori/NILF26362/enrico-neri/"
"NILF18495";"Neri, Guido";"http://www.fantascienza.com/catalogo/autori/NILF18495/guido-neri/"
"NILF13883";"Neri, Mauro";"http://www.fantascienza.com/catalogo/autori/NILF13883/mauro-neri/"
"NILF22412";"Neri, Michele";"http://www.fantascienza.com/catalogo/autori/NILF22412/michele-neri/"
"NILF20368";"Neri, Nicoletta";"http://www.fantascienza.com/catalogo/autori/NILF20368/nicoletta-neri/"
"NILF13885";"Neroni, Lilia Isoldi";"http://www.fantascienza.com/catalogo/autori/NILF13885/lilia-isoldi-neroni/"
"NILF13886";"Nerozzi, Gianfranco";"http://www.fantascienza.com/catalogo/autori/NILF13886/gianfranco-nerozzi/"
"NILF21224";"Neruda, Jan";"http://www.fantascienza.com/catalogo/autori/NILF21224/jan-neruda/"
"NILF25006";"Nervegna, Maria Pia";"http://www.fantascienza.com/catalogo/autori/NILF25006/maria-pia-nervegna/"
"NILF18798";"Nervo, Amado";"http://www.fantascienza.com/catalogo/autori/NILF18798/amado-nervo/"
"NILF13888";"Nesbit, Edith";"http://www.fantascienza.com/catalogo/autori/NILF13888/edith-nesbit/"
"NILF23794";"Nesi, Edoardo";"http://www.fantascienza.com/catalogo/autori/NILF23794/edoardo-nesi/"
"NILF13889";"Nesi, Paola";"http://www.fantascienza.com/catalogo/autori/NILF13889/paola-nesi/"
"NILF26294";"Ness, Patrick";"http://www.fantascienza.com/catalogo/autori/NILF26294/patrick-ness/"
"NILF21244";"Nessi, Camillo";"http://www.fantascienza.com/catalogo/autori/NILF21244/camillo-nessi/"
"NILF23168";"Nestvold, Ruth";"http://www.fantascienza.com/catalogo/autori/NILF23168/ruth-nestvold/"
"NILF13890";"Nesvadba, Josef";"http://www.fantascienza.com/catalogo/autori/NILF13890/josef-nesvadba/"
"NILF13891";"Neustaedter, Kier";"http://www.fantascienza.com/catalogo/autori/NILF13891/kier-neustaedter/"
"NILF13892";"Neville, Katherine";"http://www.fantascienza.com/catalogo/autori/NILF13892/katherine-neville/"
"NILF13893";"Neville, Kris";"http://www.fantascienza.com/catalogo/autori/NILF13893/kris-neville/"
"NILF19136";"Nevins Jr., Francis M.";"http://www.fantascienza.com/catalogo/autori/NILF19136/francis-m-nevins-jr/"
"NILF22573";"Newcomb, Robert";"http://www.fantascienza.com/catalogo/autori/NILF22573/robert-newcomb/"
"NILF13894";"Newcombe, Kerry";"http://www.fantascienza.com/catalogo/autori/NILF13894/kerry-newcombe/"
"NILF18670";"Newcombe, Philip Martin";"http://www.fantascienza.com/catalogo/autori/NILF18670/philip-martin-newcombe/"
"NILF19492";"Newell, Homer E.";"http://www.fantascienza.com/catalogo/autori/NILF19492/homer-e-newell/"
"NILF13895";"Newman, Bernard";"http://www.fantascienza.com/catalogo/autori/NILF13895/bernard-newman/"
"NILF13897";"Newman, Kim";"http://www.fantascienza.com/catalogo/autori/NILF13897/kim-newman/"
"NILF13898";"Newmann, Louis";"http://www.fantascienza.com/catalogo/autori/NILF13898/louis-newmann/"
"NILF21714";"Newsome, Matt";"http://www.fantascienza.com/catalogo/autori/NILF21714/matt-newsome/"
"NILF22882";"Nezval, Vítezslav";"http://www.fantascienza.com/catalogo/autori/NILF22882/v-itezslav-nezval/"
"NILF24456";"Nichetti, Maurizio";"http://www.fantascienza.com/catalogo/autori/NILF24456/maurizio-nichetti/"
"NILF17021";"Nicholls, Stan";"http://www.fantascienza.com/catalogo/autori/NILF17021/stan-nicholls/"
"NILF13899";"Nichols, Jerry";"http://www.fantascienza.com/catalogo/autori/NILF13899/jerry-nichols/"
"NILF16152";"Nichols, Peter";"http://www.fantascienza.com/catalogo/autori/NILF16152/peter-nichols/"
"NILF21725";"Nicholson, William";"http://www.fantascienza.com/catalogo/autori/NILF21725/william-nicholson/"
"NILF26609";"Nicholson Di Winterbourne, Baronessa";"http://www.fantascienza.com/catalogo/autori/NILF26609/baronessa-nicholson-di-winterbourne/"
"NILF18902";"Nicola, Mario";"http://www.fantascienza.com/catalogo/autori/NILF18902/mario-nicola/"
"NILF23773";"Nicola, Mirella";"http://www.fantascienza.com/catalogo/autori/NILF23773/mirella-nicola/"
"NILF22665";"Nicola, Padre John";"http://www.fantascienza.com/catalogo/autori/NILF22665/padre-john-nicola/"
"NILF15915";"Nicolazzini, Piergiorgio";"http://www.fantascienza.com/catalogo/autori/NILF15915/piergiorgio-nicolazzini/"
"NILF24743";"Nicoletti, Adriana";"http://www.fantascienza.com/catalogo/autori/NILF24743/adriana-nicoletti/"
"NILF13901";"Nicolini, Adriana";"http://www.fantascienza.com/catalogo/autori/NILF13901/adriana-nicolini/"
"NILF16293";"Nicolini, Federica";"http://www.fantascienza.com/catalogo/autori/NILF16293/federica-nicolini/"
"NILF13902";"Nicolini, Milena";"http://www.fantascienza.com/catalogo/autori/NILF13902/milena-nicolini/"
"NILF20693";"Nicolini, Renato";"http://www.fantascienza.com/catalogo/autori/NILF20693/renato-nicolini/"
"NILF20396";"Nicolodi, Daria";"http://www.fantascienza.com/catalogo/autori/NILF20396/daria-nicolodi/"
"NILF18557";"Nicolson, Harold";"http://www.fantascienza.com/catalogo/autori/NILF18557/harold-nicolson/"
"NILF21087";"Nicora, Laura";"http://www.fantascienza.com/catalogo/autori/NILF21087/laura-nicora/"
"NILF23629";"Nicosia, Stefano";"http://www.fantascienza.com/catalogo/autori/NILF23629/stefano-nicosia/"
"NILF25058";"Nicotra, Lorenzo";"http://www.fantascienza.com/catalogo/autori/NILF25058/lorenzo-nicotra/"
"NILF13904";"Nielsen, Niels E.";"http://www.fantascienza.com/catalogo/autori/NILF13904/niels-e-nielsen/"
"NILF25491";"Niemi, Mikael";"http://www.fantascienza.com/catalogo/autori/NILF25491/mikael-niemi/"
"NILF21497";"Nievo, Ippolito";"http://www.fantascienza.com/catalogo/autori/NILF21497/ippolito-nievo/"
"NILF13906";"Nievo, Stanislao";"http://www.fantascienza.com/catalogo/autori/NILF13906/stanislao-nievo/"
"NILF17382";"Niewiadomski, Andrzej";"http://www.fantascienza.com/catalogo/autori/NILF17382/andrzej-niewiadomski/"
"NILF23472";"Niffenegger, Audrey";"http://www.fantascienza.com/catalogo/autori/NILF23472/audrey-niffenegger/"
"NILF13907";"Nightingale, Charles";"http://www.fantascienza.com/catalogo/autori/NILF13907/charles-nightingale/"
"NILF13908";"Nigi, Alberto";"http://www.fantascienza.com/catalogo/autori/NILF13908/alberto-nigi/"
"NILF25963";"Nigro, Amelia";"http://www.fantascienza.com/catalogo/autori/NILF25963/amelia-nigro/"
"NILF25990";"Nigro, Domenico";"http://www.fantascienza.com/catalogo/autori/NILF25990/domenico-nigro/"
"NILF16283";"Nikar, ";"http://www.fantascienza.com/catalogo/autori/NILF16283/-nikar/"
"NILF13910";"Niles, Douglas";"http://www.fantascienza.com/catalogo/autori/NILF13910/douglas-niles/"
"NILF13911";"Nilson, Robert";"http://www.fantascienza.com/catalogo/autori/NILF13911/robert-nilson/"
"NILF13912";"Nimersheim, Jack";"http://www.fantascienza.com/catalogo/autori/NILF13912/jack-nimersheim/"
"NILF16410";"Nin, Anaïs";"http://www.fantascienza.com/catalogo/autori/NILF16410/anais-nin/"
"NILF13914";"Nisbet, Hume";"http://www.fantascienza.com/catalogo/autori/NILF13914/hume-nisbet/"
"NILF20995";"Nisbet, Jim";"http://www.fantascienza.com/catalogo/autori/NILF20995/jim-nisbet/"
"NILF25608";"Nisi, Cesare";"http://www.fantascienza.com/catalogo/autori/NILF25608/cesare-nisi/"
"NILF19696";"Nistri, Mario";"http://www.fantascienza.com/catalogo/autori/NILF19696/mario-nistri/"
"NILF13915";"Niutold, Bielt";"http://www.fantascienza.com/catalogo/autori/NILF13915/bielt-niutold/"
"NILF13916";"Niven, Larry";"http://www.fantascienza.com/catalogo/autori/NILF13916/larry-niven/"
"NILF17056";"Nix, Garth";"http://www.fantascienza.com/catalogo/autori/NILF17056/garth-nix/"
"NILF18287";"Nixon, Joan Lowery";"http://www.fantascienza.com/catalogo/autori/NILF18287/joan-lowery-nixon/"
"NILF17758";"Nizan, Paul";"http://www.fantascienza.com/catalogo/autori/NILF17758/paul-nizan/"
"NILF13917";"Nobili, Gino";"http://www.fantascienza.com/catalogo/autori/NILF13917/gino-nobili/"
"NILF13918";"Noble, Carol T.";"http://www.fantascienza.com/catalogo/autori/NILF13918/carol-t-noble/"
"NILF13919";"Noble, Martin";"http://www.fantascienza.com/catalogo/autori/NILF13919/martin-noble/"
"NILF26660";"Nocentini, Giovanni";"http://www.fantascienza.com/catalogo/autori/NILF26660/giovanni-nocentini/"
"NILF13920";"Nocilli, Stefano";"http://www.fantascienza.com/catalogo/autori/NILF13920/stefano-nocilli/"
"NILF22480";"Nodier, Carlo";"http://www.fantascienza.com/catalogo/autori/NILF22480/carlo-nodier/"
"NILF13921";"Nodier, Charles";"http://www.fantascienza.com/catalogo/autori/NILF13921/charles-nodier/"
"NILF22305";"Noel, Ruth S.";"http://www.fantascienza.com/catalogo/autori/NILF22305/ruth-s-noel/"
"NILF13924";"Noguerol, Omar Claudio";"http://www.fantascienza.com/catalogo/autori/NILF13924/omar-claudio-noguerol/"
"NILF13925";"Nolan, William F.";"http://www.fantascienza.com/catalogo/autori/NILF13925/william-f-nolan/"
"NILF13926";"Nolane, Richard D.";"http://www.fantascienza.com/catalogo/autori/NILF13926/richard-d-nolane/"
"NILF18925";"Noniman, Gou";"http://www.fantascienza.com/catalogo/autori/NILF18925/gou-noniman/"
"NILF13927";"Noon, Jeff";"http://www.fantascienza.com/catalogo/autori/NILF13927/jeff-noon/"
"NILF19354";"Nooteboom, Cees";"http://www.fantascienza.com/catalogo/autori/NILF19354/cees-nooteboom/"
"NILF13928";"Norden, Eric";"http://www.fantascienza.com/catalogo/autori/NILF13928/eric-norden/"
"NILF13929";"Nordley, David G.";"http://www.fantascienza.com/catalogo/autori/NILF13929/david-g-nordley/"
"NILF13930";"Norman, John";"http://www.fantascienza.com/catalogo/autori/NILF13930/john-norman/"
"NILF24215";"Norman, Roger";"http://www.fantascienza.com/catalogo/autori/NILF24215/roger-norman/"
"NILF18057";"Normanby, Henry";"http://www.fantascienza.com/catalogo/autori/NILF18057/henry-normanby/"
"NILF19267";"Norris, Frank";"http://www.fantascienza.com/catalogo/autori/NILF19267/frank-norris/"
"NILF13931";"Norris, Hoke";"http://www.fantascienza.com/catalogo/autori/NILF13931/hoke-norris/"
"NILF13933";"North, Edmund H.";"http://www.fantascienza.com/catalogo/autori/NILF13933/edmund-h-north/"
"NILF13934";"North, Eric";"http://www.fantascienza.com/catalogo/autori/NILF13934/eric-north/"
"NILF13935";"Northcote, Amyas";"http://www.fantascienza.com/catalogo/autori/NILF13935/amyas-northcote/"
"NILF13937";"Norton, Andre";"http://www.fantascienza.com/catalogo/autori/NILF13937/andre-norton/"
"NILF13940";"Norton, Mary";"http://www.fantascienza.com/catalogo/autori/NILF13940/mary-norton/"
"NILF13942";"Norwood, Victor";"http://www.fantascienza.com/catalogo/autori/NILF13942/victor-norwood/"
"NILF23160";"Nöstlinger, Christine";"http://www.fantascienza.com/catalogo/autori/NILF23160/christine-nostlinger/"
"NILF13944";"Nota, Alfredo";"http://www.fantascienza.com/catalogo/autori/NILF13944/alfredo-nota/"
"NILF20869";"Notarianni, Michelangelo";"http://www.fantascienza.com/catalogo/autori/NILF20869/michelangelo-notarianni/"
"NILF13945";"Nothing, Just";"http://www.fantascienza.com/catalogo/autori/NILF13945/just-nothing/"
"NILF18897";"Nothomb, Amélie";"http://www.fantascienza.com/catalogo/autori/NILF18897/am-elie-nothomb/"
"NILF21440";"Notking, R.";"http://www.fantascienza.com/catalogo/autori/NILF21440/r-notking/"
"NILF18479";"Nougier, Louis-René";"http://www.fantascienza.com/catalogo/autori/NILF18479/louis-ren-e-nougier/"
"NILF13946";"Nourse, Alan E.";"http://www.fantascienza.com/catalogo/autori/NILF13946/alan-e-nourse/"
"NILF16889";"Nova Sf*, ";"http://www.fantascienza.com/catalogo/autori/NILF16889/-nova-sf/"
"NILF13948";"Novak, Patricia Duffy";"http://www.fantascienza.com/catalogo/autori/NILF13948/patricia-duffy-novak/"
"NILF18490";"Novati, Umberto";"http://www.fantascienza.com/catalogo/autori/NILF18490/umberto-novati/"
"NILF25440";"Nove, Aldo";"http://www.fantascienza.com/catalogo/autori/NILF25440/aldo-nove/"
"NILF21245";"Novel, Fabio";"http://www.fantascienza.com/catalogo/autori/NILF21245/fabio-novel/"
"NILF26219";"Novelli, Andrea";"http://www.fantascienza.com/catalogo/autori/NILF26219/andrea-novelli/"
"NILF18082";"Novelli, Diego";"http://www.fantascienza.com/catalogo/autori/NILF18082/diego-novelli/"
"NILF16972";"Novelli, Silverio";"http://www.fantascienza.com/catalogo/autori/NILF16972/silverio-novelli/"
"NILF25257";"Novik, Naomi";"http://www.fantascienza.com/catalogo/autori/NILF25257/naomi-novik/"
"NILF13950";"Novitsky, Paul David";"http://www.fantascienza.com/catalogo/autori/NILF13950/paul-david-novitsky/"
"NILF13951";"Novotny, John";"http://www.fantascienza.com/catalogo/autori/NILF13951/john-novotny/"
"NILF13952";"Nowlan, Philip Francis";"http://www.fantascienza.com/catalogo/autori/NILF13952/philip-francis-nowlan/"
"NILF22752";"Nozick, Robert";"http://www.fantascienza.com/catalogo/autori/NILF22752/robert-nozick/"
"NILF20388";"Nudelman, Rafail";"http://www.fantascienza.com/catalogo/autori/NILF20388/rafail-nudelman/"
"NILF13953";"Nuetzel, Charles";"http://www.fantascienza.com/catalogo/autori/NILF13953/charles-nuetzel/"
"NILF13954";"Nulli, Bianca";"http://www.fantascienza.com/catalogo/autori/NILF13954/bianca-nulli/"
"NILF19525";"Nunziante, Francesco Antonio";"http://www.fantascienza.com/catalogo/autori/NILF19525/francesco-antonio-nunziante/"
"NILF19427";"Nunziata, Andrea";"http://www.fantascienza.com/catalogo/autori/NILF19427/andrea-nunziata/"
"NILF13957";"Nurri, Feliciano";"http://www.fantascienza.com/catalogo/autori/NILF13957/feliciano-nurri/"
"NILF13958";"Nurse, Patricia";"http://www.fantascienza.com/catalogo/autori/NILF13958/patricia-nurse/"
"NILF22761";"Nussbaum, Al[bert Francis]";"http://www.fantascienza.com/catalogo/autori/NILF22761/albert-francis-nussbaum/"
"NILF25852";"Nuti, Elio";"http://www.fantascienza.com/catalogo/autori/NILF25852/elio-nuti/"
"NILF13959";"Nutman, Philip";"http://www.fantascienza.com/catalogo/autori/NILF13959/philip-nutman/"
"NILF19652";"Nuvoli, Giuliana";"http://www.fantascienza.com/catalogo/autori/NILF19652/giuliana-nuvoli/"
"NILF18105";"Nuzzo, Simone";"http://www.fantascienza.com/catalogo/autori/NILF18105/simone-nuzzo/"
"NILF13961";"Nyberg, Björn";"http://www.fantascienza.com/catalogo/autori/NILF13961/bjorn-nyberg/"
"NILF18996";"Nydahl, Joel";"http://www.fantascienza.com/catalogo/autori/NILF18996/joel-nydahl/"
"NILF13962";"Nye, Cassandra";"http://www.fantascienza.com/catalogo/autori/NILF13962/cassandra-nye/"
"NILF13963";"Nye, Jody Lynn";"http://www.fantascienza.com/catalogo/autori/NILF13963/jody-lynn-nye/"
"NILF19840";"Nylund, Eric S.";"http://www.fantascienza.com/catalogo/autori/NILF19840/eric-s-nylund/"
