"NILF14044";"P'Ien Hung, ";"http://www.fantascienza.com/catalogo/autori/NILF14044/-p-ien-hung/"
"NILF15135";"P'U Sung-Ling, ";"http://www.fantascienza.com/catalogo/autori/NILF15135/-p-u-sung-ling/"
"NILF20516";"P., ";"http://www.fantascienza.com/catalogo/autori/NILF20516/-p/"
"NILF25575";"P., A.";"http://www.fantascienza.com/catalogo/autori/NILF25575/a-p/"
"NILF19447";"P., L.";"http://www.fantascienza.com/catalogo/autori/NILF19447/l-p/"
"NILF20180";"P., T.";"http://www.fantascienza.com/catalogo/autori/NILF20180/t-p/"
"NILF19529";"Paasilinna, Arto";"http://www.fantascienza.com/catalogo/autori/NILF19529/arto-paasilinna/"
"NILF23378";"Pacchiarotti, Ercole";"http://www.fantascienza.com/catalogo/autori/NILF23378/ercole-pacchiarotti/"
"NILF21800";"Pacchiarotti, Mario";"http://www.fantascienza.com/catalogo/autori/NILF21800/mario-pacchiarotti/"
"NILF21011";"Pace, Maria";"http://www.fantascienza.com/catalogo/autori/NILF21011/maria-pace/"
"NILF24503";"Pace, Pino";"http://www.fantascienza.com/catalogo/autori/NILF24503/pino-pace/"
"NILF25594";"Pace, Roberto";"http://www.fantascienza.com/catalogo/autori/NILF25594/roberto-pace/"
"NILF14045";"Pachì, Luigi";"http://www.fantascienza.com/catalogo/autori/NILF14045/luigi-pachi/"
"NILF14046";"Pachter, Josh";"http://www.fantascienza.com/catalogo/autori/NILF14046/josh-pachter/"
"NILF18738";"Paci, Giuseppe";"http://www.fantascienza.com/catalogo/autori/NILF18738/giuseppe-paci/"
"NILF18962";"Pacifico, Duilio";"http://www.fantascienza.com/catalogo/autori/NILF18962/duilio-pacifico/"
"NILF25543";"Pacifico, Francesco";"http://www.fantascienza.com/catalogo/autori/NILF25543/francesco-pacifico/"
"NILF16313";"Pacifico, Michele";"http://www.fantascienza.com/catalogo/autori/NILF16313/michele-pacifico/"
"NILF25589";"Pacini, Franco";"http://www.fantascienza.com/catalogo/autori/NILF25589/franco-pacini/"
"NILF25609";"Pacini, Nicoletta";"http://www.fantascienza.com/catalogo/autori/NILF25609/nicoletta-pacini/"
"NILF21805";"Pacioni, Patrizio";"http://www.fantascienza.com/catalogo/autori/NILF21805/patrizio-pacioni/"
"NILF22967";"Pack, Janet";"http://www.fantascienza.com/catalogo/autori/NILF22967/janet-pack/"
"NILF17865";"Padawer, Craig";"http://www.fantascienza.com/catalogo/autori/NILF17865/craig-padawer/"
"NILF14047";"Padelli, Claudio";"http://www.fantascienza.com/catalogo/autori/NILF14047/claudio-padelli/"
"NILF14049";"Padoan, Gianni";"http://www.fantascienza.com/catalogo/autori/NILF14049/gianni-padoan/"
"NILF18905";"Padovani, Gisella";"http://www.fantascienza.com/catalogo/autori/NILF18905/gisella-padovani/"
"NILF20476";"Padovano, Maurizio";"http://www.fantascienza.com/catalogo/autori/NILF20476/maurizio-padovano/"
"NILF23919";"Padovini, Memmo";"http://www.fantascienza.com/catalogo/autori/NILF23919/memmo-padovini/"
"NILF16070";"Pagan, Fabio";"http://www.fantascienza.com/catalogo/autori/NILF16070/fabio-pagan/"
"NILF25128";"Pagani, Andrea";"http://www.fantascienza.com/catalogo/autori/NILF25128/andrea-pagani/"
"NILF23648";"Pagani, Flavio";"http://www.fantascienza.com/catalogo/autori/NILF23648/flavio-pagani/"
"NILF23879";"Pagani, Gina";"http://www.fantascienza.com/catalogo/autori/NILF23879/gina-pagani/"
"NILF25847";"Pagani, Marco";"http://www.fantascienza.com/catalogo/autori/NILF25847/marco-pagani/"
"NILF23054";"Pagani, Massimo";"http://www.fantascienza.com/catalogo/autori/NILF23054/massimo-pagani/"
"NILF14050";"Pagani, Pier Luigi";"http://www.fantascienza.com/catalogo/autori/NILF14050/pier-luigi-pagani/"
"NILF14051";"Pagano, Alberto";"http://www.fantascienza.com/catalogo/autori/NILF14051/alberto-pagano/"
"NILF16570";"Pagano, Angela";"http://www.fantascienza.com/catalogo/autori/NILF16570/angela-pagano/"
"NILF14052";"Page, Gerald W.";"http://www.fantascienza.com/catalogo/autori/NILF14052/gerald-w-page/"
"NILF26271";"Page, Jan";"http://www.fantascienza.com/catalogo/autori/NILF26271/jan-page/"
"NILF14053";"Page, Norvell W.";"http://www.fantascienza.com/catalogo/autori/NILF14053/norvell-w-page/"
"NILF14054";"Page, Thomas";"http://www.fantascienza.com/catalogo/autori/NILF14054/thomas-page/"
"NILF14055";"Page, Will Adino";"http://www.fantascienza.com/catalogo/autori/NILF14055/will-adino-page/"
"NILF18551";"Pagel, Michel";"http://www.fantascienza.com/catalogo/autori/NILF18551/michel-pagel/"
"NILF14057";"Pagetti, Carlo";"http://www.fantascienza.com/catalogo/autori/NILF14057/carlo-pagetti/"
"NILF18762";"Paggi, Marco";"http://www.fantascienza.com/catalogo/autori/NILF18762/marco-paggi/"
"NILF14058";"Paggi, Marco e Dida";"http://www.fantascienza.com/catalogo/autori/NILF14058/marco-e-dida-paggi/"
"NILF18931";"Pagliacci, Aldo";"http://www.fantascienza.com/catalogo/autori/NILF18931/aldo-pagliacci/"
"NILF22308";"Pagliano, Piero";"http://www.fantascienza.com/catalogo/autori/NILF22308/piero-pagliano/"
"NILF14059";"Pagliaro, Giorgio";"http://www.fantascienza.com/catalogo/autori/NILF14059/giorgio-pagliaro/"
"NILF24984";"Pagogna, Giovanni";"http://www.fantascienza.com/catalogo/autori/NILF24984/giovanni-pagogna/"
"NILF14060";"Pain, Barry";"http://www.fantascienza.com/catalogo/autori/NILF14060/barry-pain/"
"NILF14061";"Paine, Michael";"http://www.fantascienza.com/catalogo/autori/NILF14061/michael-paine/"
"NILF14062";"Paini, Marco";"http://www.fantascienza.com/catalogo/autori/NILF14062/marco-paini/"
"NILF18823";"Palacio, Pablo";"http://www.fantascienza.com/catalogo/autori/NILF18823/pablo-palacio/"
"NILF22649";"Paladin, Tomas";"http://www.fantascienza.com/catalogo/autori/NILF22649/tomas-paladin/"
"NILF14065";"Paladino, Santi";"http://www.fantascienza.com/catalogo/autori/NILF14065/santi-paladino/"
"NILF19678";"Paladino, Vincenzo";"http://www.fantascienza.com/catalogo/autori/NILF19678/vincenzo-paladino/"
"NILF26740";"Palagi, Rebecca";"http://www.fantascienza.com/catalogo/autori/NILF26740/rebecca-palagi/"
"NILF22431";"Palahniuk, Chuck";"http://www.fantascienza.com/catalogo/autori/NILF22431/chuck-palahniuk/"
"NILF25049";"Palandri, Enrico";"http://www.fantascienza.com/catalogo/autori/NILF25049/enrico-palandri/"
"NILF23880";"Palau, A[lbertina]";"http://www.fantascienza.com/catalogo/autori/NILF23880/albertina-palau/"
"NILF17458";"Palau I Fabre, Josep";"http://www.fantascienza.com/catalogo/autori/NILF17458/josep-palau-i-fabre/"
"NILF14066";"Palazzeschi, Aldo";"http://www.fantascienza.com/catalogo/autori/NILF14066/aldo-palazzeschi/"
"NILF24137";"Palazzi, Roberto";"http://www.fantascienza.com/catalogo/autori/NILF24137/roberto-palazzi/"
"NILF16749";"Palazzo, Vittoria";"http://www.fantascienza.com/catalogo/autori/NILF16749/vittoria-palazzo/"
"NILF24213";"Palazzolo, Chiara";"http://www.fantascienza.com/catalogo/autori/NILF24213/chiara-palazzolo/"
"NILF25903";"Palermo, Carlo";"http://www.fantascienza.com/catalogo/autori/NILF25903/carlo-palermo/"
"NILF16809";"Palermo, Reginaldo";"http://www.fantascienza.com/catalogo/autori/NILF16809/reginaldo-palermo/"
"NILF20576";"Paley, Raimond";"http://www.fantascienza.com/catalogo/autori/NILF20576/raimond-paley/"
"NILF16963";"Palinuro, ";"http://www.fantascienza.com/catalogo/autori/NILF16963/-palinuro/"
"NILF19161";"Palladino, M[ario] Bruno";"http://www.fantascienza.com/catalogo/autori/NILF19161/mario-bruno-palladino/"
"NILF14067";"Pallavicini, Luciano";"http://www.fantascienza.com/catalogo/autori/NILF14067/luciano-pallavicini/"
"NILF25558";"Pallavicini, Vito";"http://www.fantascienza.com/catalogo/autori/NILF25558/vito-pallavicini/"
"NILF14068";"Pallotta, Lucia";"http://www.fantascienza.com/catalogo/autori/NILF14068/lucia-pallotta/"
"NILF16427";"Pallottelli, Duilio";"http://www.fantascienza.com/catalogo/autori/NILF16427/duilio-pallottelli/"
"NILF14069";"Pallottino, Paola";"http://www.fantascienza.com/catalogo/autori/NILF14069/paola-pallottino/"
"NILF22460";"Pallucca, Alvaro";"http://www.fantascienza.com/catalogo/autori/NILF22460/alvaro-pallucca/"
"NILF18799";"Palma, Clemente";"http://www.fantascienza.com/catalogo/autori/NILF18799/clemente-palma/"
"NILF18790";"Palma, Ricardo";"http://www.fantascienza.com/catalogo/autori/NILF18790/ricardo-palma/"
"NILF18420";"Palmas, Nuccia Resegotti";"http://www.fantascienza.com/catalogo/autori/NILF18420/nuccia-resegotti-palmas/"
"NILF14070";"Palmer, Charles H.";"http://www.fantascienza.com/catalogo/autori/NILF14070/charles-h-palmer/"
"NILF17610";"Palmer, Michael";"http://www.fantascienza.com/catalogo/autori/NILF17610/michael-palmer/"
"NILF26464";"Palmer, Raymond A.";"http://www.fantascienza.com/catalogo/autori/NILF26464/raymond-a-palmer/"
"NILF21518";"Palmerini, Luca M.";"http://www.fantascienza.com/catalogo/autori/NILF21518/luca-m-palmerini/"
"NILF14072";"Paloscia, Annibale";"http://www.fantascienza.com/catalogo/autori/NILF14072/annibale-paloscia/"
"NILF20491";"Paltro, Piera";"http://www.fantascienza.com/catalogo/autori/NILF20491/piera-paltro/"
"NILF14073";"Paluan, Mario";"http://www.fantascienza.com/catalogo/autori/NILF14073/mario-paluan/"
"NILF20429";"Palumbo, Aldo";"http://www.fantascienza.com/catalogo/autori/NILF20429/aldo-palumbo/"
"NILF22265";"Palumbo, Angelica";"http://www.fantascienza.com/catalogo/autori/NILF22265/angelica-palumbo/"
"NILF14074";"Palumbo, Carlo";"http://www.fantascienza.com/catalogo/autori/NILF14074/carlo-palumbo/"
"NILF14075";"Palumbo, Dennis";"http://www.fantascienza.com/catalogo/autori/NILF14075/dennis-palumbo/"
"NILF15926";"Palusci, Oriana";"http://www.fantascienza.com/catalogo/autori/NILF15926/oriana-palusci/"
"NILF21960";"Pampaloni, Geno";"http://www.fantascienza.com/catalogo/autori/NILF21960/geno-pampaloni/"
"NILF24366";"Panayotopoulos, Nicos";"http://www.fantascienza.com/catalogo/autori/NILF24366/nicos-panayotopoulos/"
"NILF25913";"Pancaldi, Augusto";"http://www.fantascienza.com/catalogo/autori/NILF25913/augusto-pancaldi/"
"NILF16065";"Pancini, Adolfo";"http://www.fantascienza.com/catalogo/autori/NILF16065/adolfo-pancini/"
"NILF26026";"Pancrazi, Pietro";"http://www.fantascienza.com/catalogo/autori/NILF26026/pietro-pancrazi/"
"NILF14077";"Pandini, Giancarlo";"http://www.fantascienza.com/catalogo/autori/NILF14077/giancarlo-pandini/"
"NILF14078";"Pandolfi, Massimo";"http://www.fantascienza.com/catalogo/autori/NILF14078/massimo-pandolfi/"
"NILF25656";"Pandolfo, Ignazio";"http://www.fantascienza.com/catalogo/autori/NILF25656/ignazio-pandolfo/"
"NILF22561";"Panella, Antonio";"http://www.fantascienza.com/catalogo/autori/NILF22561/antonio-panella/"
"NILF19308";"Panella, Giuseppe";"http://www.fantascienza.com/catalogo/autori/NILF19308/giuseppe-panella/"
"NILF19328";"Panerini, Andrea";"http://www.fantascienza.com/catalogo/autori/NILF19328/andrea-panerini/"
"NILF14079";"Panfili, Enrico";"http://www.fantascienza.com/catalogo/autori/NILF14079/enrico-panfili/"
"NILF14080";"Pangborn, Edgar";"http://www.fantascienza.com/catalogo/autori/NILF14080/edgar-pangborn/"
"NILF17565";"Panich, Jovan";"http://www.fantascienza.com/catalogo/autori/NILF17565/jovan-panich/"
"NILF22813";"Panicucci, Alberto";"http://www.fantascienza.com/catalogo/autori/NILF22813/alberto-panicucci/"
"NILF14082";"Panizza, Gian Maria";"http://www.fantascienza.com/catalogo/autori/NILF14082/gian-maria-panizza/"
"NILF20524";"Panizza, Mario";"http://www.fantascienza.com/catalogo/autori/NILF20524/mario-panizza/"
"NILF25308";"Panizza, Oskar";"http://www.fantascienza.com/catalogo/autori/NILF25308/oskar-panizza/"
"NILF19456";"Pannella, Marco";"http://www.fantascienza.com/catalogo/autori/NILF19456/marco-pannella/"
"NILF19644";"Pannofino, Gianni";"http://www.fantascienza.com/catalogo/autori/NILF19644/gianni-pannofino/"
"NILF26234";"Pannunzio, Umberto";"http://www.fantascienza.com/catalogo/autori/NILF26234/umberto-pannunzio/"
"NILF25556";"Pansèlinos, Alexis";"http://www.fantascienza.com/catalogo/autori/NILF25556/alexis-panselinos/"
"NILF14083";"Panshin, Alexei";"http://www.fantascienza.com/catalogo/autori/NILF14083/alexei-panshin/"
"NILF19143";"Panshin, Cory";"http://www.fantascienza.com/catalogo/autori/NILF19143/cory-panshin/"
"NILF14084";"Pansini, Carlo";"http://www.fantascienza.com/catalogo/autori/NILF14084/carlo-pansini/"
"NILF24736";"Pantè, Maria Rosa";"http://www.fantascienza.com/catalogo/autori/NILF24736/maria-rosa-pante/"
"NILF25176";"Panvini, Sigismondo";"http://www.fantascienza.com/catalogo/autori/NILF25176/sigismondo-panvini/"
"NILF14085";"Panzini, Alfredo";"http://www.fantascienza.com/catalogo/autori/NILF14085/alfredo-panzini/"
"NILF21065";"Paolella, Domenico";"http://www.fantascienza.com/catalogo/autori/NILF21065/domenico-paolella/"
"NILF23494";"Paoletti, Fabio";"http://www.fantascienza.com/catalogo/autori/NILF23494/fabio-paoletti/"
"NILF17554";"Paoletti, Francesco";"http://www.fantascienza.com/catalogo/autori/NILF17554/francesco-paoletti/"
"NILF26041";"Paoli, Sergio";"http://www.fantascienza.com/catalogo/autori/NILF26041/sergio-paoli/"
"NILF14086";"Paolini, Alcide";"http://www.fantascienza.com/catalogo/autori/NILF14086/alcide-paolini/"
"NILF23193";"Paolini, Christopher";"http://www.fantascienza.com/catalogo/autori/NILF23193/christopher-paolini/"
"NILF22798";"Paolini, Ennio";"http://www.fantascienza.com/catalogo/autori/NILF22798/ennio-paolini/"
"NILF14087";"Paolini, Lorenzo";"http://www.fantascienza.com/catalogo/autori/NILF14087/lorenzo-paolini/"
"NILF16518";"Paolini, Pier Francesco";"http://www.fantascienza.com/catalogo/autori/NILF16518/pier-francesco-paolini/"
"NILF23927";"Paolini & Silvestri, ";"http://www.fantascienza.com/catalogo/autori/NILF23927/-paolini-and-silvestri/"
"NILF14088";"Paoloni, Paolo";"http://www.fantascienza.com/catalogo/autori/NILF14088/paolo-paoloni/"
"NILF25005";"Paone, Alessandro Cecchi";"http://www.fantascienza.com/catalogo/autori/NILF25005/alessandro-cecchi-paone/"
"NILF26141";"Paone, Pasquale";"http://www.fantascienza.com/catalogo/autori/NILF26141/pasquale-paone/"
"NILF14089";"Pap, Viola";"http://www.fantascienza.com/catalogo/autori/NILF14089/viola-pap/"
"NILF14090";"Papa, Marco";"http://www.fantascienza.com/catalogo/autori/NILF14090/marco-papa/"
"NILF20628";"Papetti, Viola";"http://www.fantascienza.com/catalogo/autori/NILF20628/viola-papetti/"
"NILF14091";"Papini, Giovanni";"http://www.fantascienza.com/catalogo/autori/NILF14091/giovanni-papini/"
"NILF14092";"Papy, Jacques";"http://www.fantascienza.com/catalogo/autori/NILF14092/jacques-papy/"
"NILF17755";"Paradisi, Riccardo";"http://www.fantascienza.com/catalogo/autori/NILF17755/riccardo-paradisi/"
"NILF19206";"Parasiliti, B. Luigi";"http://www.fantascienza.com/catalogo/autori/NILF19206/b-luigi-parasiliti/"
"NILF25192";"Paraskeva, Helene";"http://www.fantascienza.com/catalogo/autori/NILF25192/helene-paraskeva/"
"NILF19775";"Parazzi, Luigi";"http://www.fantascienza.com/catalogo/autori/NILF19775/luigi-parazzi/"
"NILF14094";"Parazzoli, Ferruccio";"http://www.fantascienza.com/catalogo/autori/NILF14094/ferruccio-parazzoli/"
"NILF25563";"Parazzoli, Lidia";"http://www.fantascienza.com/catalogo/autori/NILF25563/lidia-parazzoli/"
"NILF14095";"Parca, Gabriella";"http://www.fantascienza.com/catalogo/autori/NILF14095/gabriella-parca/"
"NILF14096";"Pardini, Vincenzo";"http://www.fantascienza.com/catalogo/autori/NILF14096/vincenzo-pardini/"
"NILF21217";"Pardo, Piergiorgio";"http://www.fantascienza.com/catalogo/autori/NILF21217/piergiorgio-pardo/"
"NILF14097";"Pardoe, Rosemary";"http://www.fantascienza.com/catalogo/autori/NILF14097/rosemary-pardoe/"
"NILF24276";"Parent, Gail";"http://www.fantascienza.com/catalogo/autori/NILF24276/gail-parent/"
"NILF14098";"Parent, Julien";"http://www.fantascienza.com/catalogo/autori/NILF14098/julien-parent/"
"NILF24277";"Parent, Kevin";"http://www.fantascienza.com/catalogo/autori/NILF24277/kevin-parent/"
"NILF20559";"Parente, Margherita Isnardi";"http://www.fantascienza.com/catalogo/autori/NILF20559/margherita-isnardi-parente/"
"NILF26616";"Parente, Vincenzo";"http://www.fantascienza.com/catalogo/autori/NILF26616/vincenzo-parente/"
"NILF14099";"Parenti, Francesco";"http://www.fantascienza.com/catalogo/autori/NILF14099/francesco-parenti/"
"NILF26059";"Parenti, Liliana Veracini";"http://www.fantascienza.com/catalogo/autori/NILF26059/liliana-veracini-parenti/"
"NILF17833";"Pareschi, Silvia";"http://www.fantascienza.com/catalogo/autori/NILF17833/silvia-pareschi/"
"NILF19974";"Paretsky, Sara";"http://www.fantascienza.com/catalogo/autori/NILF19974/sara-paretsky/"
"NILF22637";"Paris, Renzo";"http://www.fantascienza.com/catalogo/autori/NILF22637/renzo-paris/"
"NILF26203";"Paris, Roberto";"http://www.fantascienza.com/catalogo/autori/NILF26203/roberto-paris/"
"NILF20852";"Parise, Goffredo";"http://www.fantascienza.com/catalogo/autori/NILF20852/goffredo-parise/"
"NILF19710";"Parisi, Domenico";"http://www.fantascienza.com/catalogo/autori/NILF19710/domenico-parisi/"
"NILF23247";"Parisi, Gianandrea";"http://www.fantascienza.com/catalogo/autori/NILF23247/gianandrea-parisi/"
"NILF19591";"Parisi, Pasquale";"http://www.fantascienza.com/catalogo/autori/NILF19591/pasquale-parisi/"
"NILF20883";"Park, Ruth";"http://www.fantascienza.com/catalogo/autori/NILF20883/ruth-park/"
"NILF20783";"Parker, Geoffrey";"http://www.fantascienza.com/catalogo/autori/NILF20783/geoffrey-parker/"
"NILF18550";"Parker, K. J.";"http://www.fantascienza.com/catalogo/autori/NILF18550/k-j-parker/"
"NILF14103";"Parker, Richard";"http://www.fantascienza.com/catalogo/autori/NILF14103/richard-parker/"
"NILF26431";"Parker, T. Jefferson";"http://www.fantascienza.com/catalogo/autori/NILF26431/t-jefferson-parker/"
"NILF25450";"Parker, Vic";"http://www.fantascienza.com/catalogo/autori/NILF25450/vic-parker/"
"NILF14105";"Parkinson, Dan";"http://www.fantascienza.com/catalogo/autori/NILF14105/dan-parkinson/"
"NILF14106";"Parkinson, T. L.";"http://www.fantascienza.com/catalogo/autori/NILF14106/t-l-parkinson/"
"NILF14107";"Parks, G. B.";"http://www.fantascienza.com/catalogo/autori/NILF14107/g-b-parks/"
"NILF17953";"Parks, Richard";"http://www.fantascienza.com/catalogo/autori/NILF17953/richard-parks/"
"NILF14108";"Parnov, Boris";"http://www.fantascienza.com/catalogo/autori/NILF14108/boris-parnov/"
"NILF14109";"Parnov, Eremej";"http://www.fantascienza.com/catalogo/autori/NILF14109/eremej-parnov/"
"NILF14110";"Parodi, Domenico";"http://www.fantascienza.com/catalogo/autori/NILF14110/domenico-parodi/"
"NILF20932";"Parolo, Loreno";"http://www.fantascienza.com/catalogo/autori/NILF20932/loreno-parolo/"
"NILF17736";"Paron, Paolo";"http://www.fantascienza.com/catalogo/autori/NILF17736/paolo-paron/"
"NILF14111";"Paronuzzi, Alessandro";"http://www.fantascienza.com/catalogo/autori/NILF14111/alessandro-paronuzzi/"
"NILF23965";"Paronzini, V.";"http://www.fantascienza.com/catalogo/autori/NILF23965/v-paronzini/"
"NILF14113";"Parravicini, Laura";"http://www.fantascienza.com/catalogo/autori/NILF14113/laura-parravicini/"
"NILF23710";"Parrinder, Patrick";"http://www.fantascienza.com/catalogo/autori/NILF23710/patrick-parrinder/"
"NILF26433";"Parrish, P. J.";"http://www.fantascienza.com/catalogo/autori/NILF26433/p-j-parrish/"
"NILF17026";"Parry, Glyn";"http://www.fantascienza.com/catalogo/autori/NILF17026/glyn-parry/"
"NILF16255";"Parry, Michel";"http://www.fantascienza.com/catalogo/autori/NILF16255/michel-parry/"
"NILF14114";"Parsi-Bastogi, Carla";"http://www.fantascienza.com/catalogo/autori/NILF14114/carla-parsi-bastogi/"
"NILF14115";"Parsons, Aly";"http://www.fantascienza.com/catalogo/autori/NILF14115/aly-parsons/"
"NILF20836";"Partenza, Paola";"http://www.fantascienza.com/catalogo/autori/NILF20836/paola-partenza/"
"NILF23894";"Partisch, Pet";"http://www.fantascienza.com/catalogo/autori/NILF23894/pet-partisch/"
"NILF14116";"Partridge, Diann";"http://www.fantascienza.com/catalogo/autori/NILF14116/diann-partridge/"
"NILF21913";"Parziale, Gianluca";"http://www.fantascienza.com/catalogo/autori/NILF21913/gianluca-parziale/"
"NILF23086";"Pascoletti, Luca";"http://www.fantascienza.com/catalogo/autori/NILF23086/luca-pascoletti/"
"NILF26450";"Pascoli, Giovanni";"http://www.fantascienza.com/catalogo/autori/NILF26450/giovanni-pascoli/"
"NILF23012";"Pascucci, Giammario";"http://www.fantascienza.com/catalogo/autori/NILF23012/giammario-pascucci/"
"NILF14118";"Pasetti, Aldo";"http://www.fantascienza.com/catalogo/autori/NILF14118/aldo-pasetti/"
"NILF18158";"Pasetti, Maurizio";"http://www.fantascienza.com/catalogo/autori/NILF18158/maurizio-pasetti/"
"NILF23257";"Pasi, Carlo";"http://www.fantascienza.com/catalogo/autori/NILF23257/carlo-pasi/"
"NILF16849";"Pasinato, Antonio";"http://www.fantascienza.com/catalogo/autori/NILF16849/antonio-pasinato/"
"NILF26674";"Pasini, Andrea";"http://www.fantascienza.com/catalogo/autori/NILF26674/andrea-pasini/"
"NILF23743";"Pasini, Giovanni";"http://www.fantascienza.com/catalogo/autori/NILF23743/giovanni-pasini/"
"NILF16375";"Pasolini, Pier Paolo";"http://www.fantascienza.com/catalogo/autori/NILF16375/pier-paolo-pasolini/"
"NILF21322";"Pasquali, Angela";"http://www.fantascienza.com/catalogo/autori/NILF21322/angela-pasquali/"
"NILF14120";"Pasqualicchio, Nicola";"http://www.fantascienza.com/catalogo/autori/NILF14120/nicola-pasqualicchio/"
"NILF21887";"Pasqualino, Giovanni";"http://www.fantascienza.com/catalogo/autori/NILF21887/giovanni-pasqualino/"
"NILF25163";"Pasquetti, Tarcisio";"http://www.fantascienza.com/catalogo/autori/NILF25163/tarcisio-pasquetti/"
"NILF26099";"Pasqui, Umberto";"http://www.fantascienza.com/catalogo/autori/NILF26099/umberto-pasqui/"
"NILF25356";"Pasquini, Alessio";"http://www.fantascienza.com/catalogo/autori/NILF25356/alessio-pasquini/"
"NILF26248";"Pasquini, Daniele";"http://www.fantascienza.com/catalogo/autori/NILF26248/daniele-pasquini/"
"NILF14121";"Pasquinucci, Mirio";"http://www.fantascienza.com/catalogo/autori/NILF14121/mirio-pasquinucci/"
"NILF14122";"Passalenti, Maria Pia";"http://www.fantascienza.com/catalogo/autori/NILF14122/maria-pia-passalenti/"
"NILF19955";"Passarella, J. G.";"http://www.fantascienza.com/catalogo/autori/NILF19955/j-g-passarella/"
"NILF14123";"Passarella, Ottorino L.";"http://www.fantascienza.com/catalogo/autori/NILF14123/ottorino-l-passarella/"
"NILF16822";"Passarello, Marco";"http://www.fantascienza.com/catalogo/autori/NILF16822/marco-passarello/"
"NILF14124";"Passaro, Errico";"http://www.fantascienza.com/catalogo/autori/NILF14124/errico-passaro/"
"NILF14125";"Passegaud, Jean-Claude";"http://www.fantascienza.com/catalogo/autori/NILF14125/jean-claude-passegaud/"
"NILF26399";"Pasti, Umberto";"http://www.fantascienza.com/catalogo/autori/NILF26399/umberto-pasti/"
"NILF25564";"Pastor, Ben";"http://www.fantascienza.com/catalogo/autori/NILF25564/ben-pastor/"
"NILF21914";"Pastore, Andrea";"http://www.fantascienza.com/catalogo/autori/NILF21914/andrea-pastore/"
"NILF25991";"Pastore, Giuseppe";"http://www.fantascienza.com/catalogo/autori/NILF25991/giuseppe-pastore/"
"NILF23095";"Pastorelli, Luca";"http://www.fantascienza.com/catalogo/autori/NILF23095/luca-pastorelli/"
"NILF14126";"Pastoretto, Piero";"http://www.fantascienza.com/catalogo/autori/NILF14126/piero-pastoretto/"
"NILF24367";"Pastori, Stefano";"http://www.fantascienza.com/catalogo/autori/NILF24367/stefano-pastori/"
"NILF14127";"Pater, Roger";"http://www.fantascienza.com/catalogo/autori/NILF14127/roger-pater/"
"NILF23448";"Paterna, Piero";"http://www.fantascienza.com/catalogo/autori/NILF23448/piero-paterna/"
"NILF26418";"Paterni, Massimo";"http://www.fantascienza.com/catalogo/autori/NILF26418/massimo-paterni/"
"NILF18509";"Paternoster, Sidney G.";"http://www.fantascienza.com/catalogo/autori/NILF18509/sidney-g-paternoster/"
"NILF22202";"Paterson, Al";"http://www.fantascienza.com/catalogo/autori/NILF22202/al-paterson/"
"NILF25046";"Paterson, Katherine";"http://www.fantascienza.com/catalogo/autori/NILF25046/katherine-paterson/"
"NILF14128";"Paton, John";"http://www.fantascienza.com/catalogo/autori/NILF14128/john-paton/"
"NILF22596";"Patrick, Terry";"http://www.fantascienza.com/catalogo/autori/NILF22596/terry-patrick/"
"NILF16909";"Patrito, Marco";"http://www.fantascienza.com/catalogo/autori/NILF16909/marco-patrito/"
"NILF19574";"Patrizi, Federico";"http://www.fantascienza.com/catalogo/autori/NILF19574/federico-patrizi/"
"NILF21337";"Patrizi Da Cherso, Francesco";"http://www.fantascienza.com/catalogo/autori/NILF21337/francesco-patrizi-da-cherso/"
"NILF14129";"Patson, Dan Aily";"http://www.fantascienza.com/catalogo/autori/NILF14129/dan-aily-patson/"
"NILF16094";"Patterson, C. N.";"http://www.fantascienza.com/catalogo/autori/NILF16094/c-n-patterson/"
"NILF18677";"Patterson, James";"http://www.fantascienza.com/catalogo/autori/NILF18677/james-patterson/"
"NILF16984";"Patterson, Kent";"http://www.fantascienza.com/catalogo/autori/NILF16984/kent-patterson/"
"NILF18864";"Patterson, Richard North";"http://www.fantascienza.com/catalogo/autori/NILF18864/richard-north-patterson/"
"NILF18526";"Patti, Ercole";"http://www.fantascienza.com/catalogo/autori/NILF18526/ercole-patti/"
"NILF20996";"Patton, Phil";"http://www.fantascienza.com/catalogo/autori/NILF20996/phil-patton/"
"NILF26596";"Patuzzi, Gaetano Lionello";"http://www.fantascienza.com/catalogo/autori/NILF26596/gaetano-lionello-patuzzi/"
"NILF17762";"Patuzzi, Roberto";"http://www.fantascienza.com/catalogo/autori/NILF17762/roberto-patuzzi/"
"NILF14131";"Paul, Barbara";"http://www.fantascienza.com/catalogo/autori/NILF14131/barbara-paul/"
"NILF19022";"Paul, F. W.";"http://www.fantascienza.com/catalogo/autori/NILF19022/f-w-paul/"
"NILF14132";"Paulsen, Kathryn";"http://www.fantascienza.com/catalogo/autori/NILF14132/kathryn-paulsen/"
"NILF26403";"Pauselli, Claudio";"http://www.fantascienza.com/catalogo/autori/NILF26403/claudio-pauselli/"
"NILF14133";"Pausewang, Gudrun";"http://www.fantascienza.com/catalogo/autori/NILF14133/gudrun-pausewang/"
"NILF18965";"Pautasso, Guido Andrea";"http://www.fantascienza.com/catalogo/autori/NILF18965/guido-andrea-pautasso/"
"NILF24679";"Pauvert, Olivier";"http://www.fantascienza.com/catalogo/autori/NILF24679/olivier-pauvert/"
"NILF14134";"Pauwels, Louis";"http://www.fantascienza.com/catalogo/autori/NILF14134/louis-pauwels/"
"NILF16682";"Pavanello, Giancarlo";"http://www.fantascienza.com/catalogo/autori/NILF16682/giancarlo-pavanello/"
"NILF19207";"Pavani, Raffaella";"http://www.fantascienza.com/catalogo/autori/NILF19207/raffaella-pavani/"
"NILF25369";"Pavarin, Francesco Adamo";"http://www.fantascienza.com/catalogo/autori/NILF25369/francesco-adamo-pavarin/"
"NILF16801";"Pavarotti, Barbara";"http://www.fantascienza.com/catalogo/autori/NILF16801/barbara-pavarotti/"
"NILF24326";"Paver, Michelle";"http://www.fantascienza.com/catalogo/autori/NILF24326/michelle-paver/"
"NILF16326";"Pavese, Cesare";"http://www.fantascienza.com/catalogo/autori/NILF16326/cesare-pavese/"
"NILF17811";"Pavese, Nella";"http://www.fantascienza.com/catalogo/autori/NILF17811/nella-pavese/"
"NILF14135";"Pavesi, Paolo";"http://www.fantascienza.com/catalogo/autori/NILF14135/paolo-pavesi/"
"NILF21447";"Pavesio, Vittorio";"http://www.fantascienza.com/catalogo/autori/NILF21447/vittorio-pavesio/"
"NILF24972";"Pavlou, Stel";"http://www.fantascienza.com/catalogo/autori/NILF24972/stel-pavlou/"
"NILF25915";"Pavone, Claudio";"http://www.fantascienza.com/catalogo/autori/NILF25915/claudio-pavone/"
"NILF14136";"Paxson, Diana L.";"http://www.fantascienza.com/catalogo/autori/NILF14136/diana-l-paxson/"
"NILF25854";"Pazienti, Giuseppe";"http://www.fantascienza.com/catalogo/autori/NILF25854/giuseppe-pazienti/"
"NILF17827";"Pazzi, Giovanni";"http://www.fantascienza.com/catalogo/autori/NILF17827/giovanni-pazzi/"
"NILF14139";"Pazzi, Roberto";"http://www.fantascienza.com/catalogo/autori/NILF14139/roberto-pazzi/"
"NILF16533";"Peacock, Thomas Love";"http://www.fantascienza.com/catalogo/autori/NILF16533/thomas-love-peacock/"
"NILF14140";"Peake, Mervyn";"http://www.fantascienza.com/catalogo/autori/NILF14140/mervyn-peake/"
"NILF14141";"Pearce, Gerald";"http://www.fantascienza.com/catalogo/autori/NILF14141/gerald-pearce/"
"NILF14142";"Pearce, Philippa";"http://www.fantascienza.com/catalogo/autori/NILF14142/philippa-pearce/"
"NILF17995";"Pearce, Q. L.";"http://www.fantascienza.com/catalogo/autori/NILF17995/q-l-pearce/"
"NILF22991";"Pearl, Matthew";"http://www.fantascienza.com/catalogo/autori/NILF22991/matthew-pearl/"
"NILF14143";"Pearlman, Daniel";"http://www.fantascienza.com/catalogo/autori/NILF14143/daniel-pearlman/"
"NILF24351";"Pearson, Charley";"http://www.fantascienza.com/catalogo/autori/NILF24351/charley-pearson/"
"NILF26329";"Pearson, Ridley";"http://www.fantascienza.com/catalogo/autori/NILF26329/ridley-pearson/"
"NILF17720";"Pearson, Ryne Douglas";"http://www.fantascienza.com/catalogo/autori/NILF17720/ryne-douglas-pearson/"
"NILF22510";"Peary, Danny";"http://www.fantascienza.com/catalogo/autori/NILF22510/danny-peary/"
"NILF22507";"Peary, Gerald";"http://www.fantascienza.com/catalogo/autori/NILF22507/gerald-peary/"
"NILF14144";"Pease, M. C.";"http://www.fantascienza.com/catalogo/autori/NILF14144/m-c-pease/"
"NILF21279";"Peattie, Donald";"http://www.fantascienza.com/catalogo/autori/NILF21279/donald-peattie/"
"NILF21280";"Peattie, Louise";"http://www.fantascienza.com/catalogo/autori/NILF21280/louise-peattie/"
"NILF22866";"Pecchenino, Mauro";"http://www.fantascienza.com/catalogo/autori/NILF22866/mauro-pecchenino/"
"NILF25626";"Pecchinenda, Gianfranco";"http://www.fantascienza.com/catalogo/autori/NILF25626/gianfranco-pecchinenda/"
"NILF24601";"Pecere, Paolo";"http://www.fantascienza.com/catalogo/autori/NILF24601/paolo-pecere/"
"NILF24979";"Peck, Dale";"http://www.fantascienza.com/catalogo/autori/NILF24979/dale-peck/"
"NILF14145";"Peck, Richard E.";"http://www.fantascienza.com/catalogo/autori/NILF14145/richard-e-peck/"
"NILF24958";"Pedale, Mirko";"http://www.fantascienza.com/catalogo/autori/NILF24958/mirko-pedale/"
"NILF25217";"Pede, Pasquale";"http://www.fantascienza.com/catalogo/autori/NILF25217/pasquale-pede/"
"NILF14146";"Pederiali, Giuseppe";"http://www.fantascienza.com/catalogo/autori/NILF14146/giuseppe-pederiali/"
"NILF25039";"Pederzini, Pietro";"http://www.fantascienza.com/catalogo/autori/NILF25039/pietro-pederzini/"
"NILF23659";"Pedicini, Antonio";"http://www.fantascienza.com/catalogo/autori/NILF23659/antonio-pedicini/"
"NILF14147";"Pedler, Kit";"http://www.fantascienza.com/catalogo/autori/NILF14147/kit-pedler/"
"NILF20833";"Pedna, Antonio";"http://www.fantascienza.com/catalogo/autori/NILF20833/antonio-pedna/"
"NILF21364";"Pedrale, Enzo";"http://www.fantascienza.com/catalogo/autori/NILF21364/enzo-pedrale/"
"NILF18988";"Pedrini, Riccardo";"http://www.fantascienza.com/catalogo/autori/NILF18988/riccardo-pedrini/"
"NILF21313";"Pedrocchi, Carlo";"http://www.fantascienza.com/catalogo/autori/NILF21313/carlo-pedrocchi/"
"NILF19611";"Pedrocchi, Federico";"http://www.fantascienza.com/catalogo/autori/NILF19611/federico-pedrocchi/"
"NILF15956";"Pedullà, Walter";"http://www.fantascienza.com/catalogo/autori/NILF15956/walter-pedulla/"
"NILF17560";"Peel, John";"http://www.fantascienza.com/catalogo/autori/NILF17560/john-peel/"
"NILF14150";"Peeples, Samuel A.";"http://www.fantascienza.com/catalogo/autori/NILF14150/samuel-a-peeples/"
"NILF14151";"Pei, Mario A.";"http://www.fantascienza.com/catalogo/autori/NILF14151/mario-a-pei/"
"NILF26207";"Peinkofer, Michael";"http://www.fantascienza.com/catalogo/autori/NILF26207/michael-peinkofer/"
"NILF14152";"Peirce, Earl jr.";"http://www.fantascienza.com/catalogo/autori/NILF14152/earl-jr-peirce/"
"NILF14153";"Peirce, Hayford";"http://www.fantascienza.com/catalogo/autori/NILF14153/hayford-peirce/"
"NILF18415";"Peirce, J. F.";"http://www.fantascienza.com/catalogo/autori/NILF18415/j-f-peirce/"
"NILF22971";"Pekić, Borislav";"http://www.fantascienza.com/catalogo/autori/NILF22971/borislav-peki-c/"
"NILF22674";"Pelé, ";"http://www.fantascienza.com/catalogo/autori/NILF22674/-pel-e/"
"NILF19570";"Pelevin, Viktor";"http://www.fantascienza.com/catalogo/autori/NILF19570/viktor-pelevin/"
"NILF17866";"Pell, Derek";"http://www.fantascienza.com/catalogo/autori/NILF17866/derek-pell/"
"NILF14154";"Pellacani, Ada Maria";"http://www.fantascienza.com/catalogo/autori/NILF14154/ada-maria-pellacani/"
"NILF22453";"Pellegrin, Andrea";"http://www.fantascienza.com/catalogo/autori/NILF22453/andrea-pellegrin/"
"NILF14155";"Pellegrin, Giancarlo";"http://www.fantascienza.com/catalogo/autori/NILF14155/giancarlo-pellegrin/"
"NILF18417";"Pellegrini, Alessandro";"http://www.fantascienza.com/catalogo/autori/NILF18417/alessandro-pellegrini/"
"NILF17747";"Pellegrini, Claudio";"http://www.fantascienza.com/catalogo/autori/NILF17747/claudio-pellegrini/"
"NILF14156";"Pellegrini, Michele";"http://www.fantascienza.com/catalogo/autori/NILF14156/michele-pellegrini/"
"NILF22800";"Pellegrino, Aurelio";"http://www.fantascienza.com/catalogo/autori/NILF22800/aurelio-pellegrino/"
"NILF14158";"Pelleschi, Andrea";"http://www.fantascienza.com/catalogo/autori/NILF14158/andrea-pelleschi/"
"NILF25486";"Pellitteri, Marco";"http://www.fantascienza.com/catalogo/autori/NILF25486/marco-pellitteri/"
"NILF14160";"Pelton, Loris";"http://www.fantascienza.com/catalogo/autori/NILF14160/loris-pelton/"
"NILF14161";"Peltzer, Federico";"http://www.fantascienza.com/catalogo/autori/NILF14161/federico-peltzer/"
"NILF14162";"Pemberton, Clive";"http://www.fantascienza.com/catalogo/autori/NILF14162/clive-pemberton/"
"NILF18407";"Pemberton, Max";"http://www.fantascienza.com/catalogo/autori/NILF18407/max-pemberton/"
"NILF19118";"Peña, Francisco";"http://www.fantascienza.com/catalogo/autori/NILF19118/francisco-pena/"
"NILF26040";"Penati, Elisabetta";"http://www.fantascienza.com/catalogo/autori/NILF26040/elisabetta-penati/"
"NILF14163";"Pendarves, G. G.";"http://www.fantascienza.com/catalogo/autori/NILF14163/g-g-pendarves/"
"NILF18106";"Pennacchi, Andrea";"http://www.fantascienza.com/catalogo/autori/NILF18106/andrea-pennacchi/"
"NILF26610";"Pennino, Pasquale";"http://www.fantascienza.com/catalogo/autori/NILF26610/pasquale-pennino/"
"NILF20028";"Penrose, Roger";"http://www.fantascienza.com/catalogo/autori/NILF20028/roger-penrose/"
"NILF14165";"Pensante, Marco";"http://www.fantascienza.com/catalogo/autori/NILF14165/marco-pensante/"
"NILF14166";"Pensuti, Mario";"http://www.fantascienza.com/catalogo/autori/NILF14166/mario-pensuti/"
"NILF20337";"Pent, Sergio";"http://www.fantascienza.com/catalogo/autori/NILF20337/sergio-pent/"
"NILF20544";"Penzler, Otto";"http://www.fantascienza.com/catalogo/autori/NILF20544/otto-penzler/"
"NILF16159";"Penzoldt, Peter";"http://www.fantascienza.com/catalogo/autori/NILF16159/peter-penzoldt/"
"NILF14167";"Pepper, Frank S.";"http://www.fantascienza.com/catalogo/autori/NILF14167/frank-s-pepper/"
"NILF21508";"Pepperštejn, Pavel";"http://www.fantascienza.com/catalogo/autori/NILF21508/pavel-pepperstejn/"
"NILF25532";"Pera, Simone";"http://www.fantascienza.com/catalogo/autori/NILF25532/simone-pera/"
"NILF23303";"Peragallo, Luigi Caprera";"http://www.fantascienza.com/catalogo/autori/NILF23303/luigi-caprera-peragallo/"
"NILF14168";"Peralta, Carlos";"http://www.fantascienza.com/catalogo/autori/NILF14168/carlos-peralta/"
"NILF14169";"Percy, Walker";"http://www.fantascienza.com/catalogo/autori/NILF14169/walker-percy/"
"NILF15893";"Perego, Roberto";"http://www.fantascienza.com/catalogo/autori/NILF15893/roberto-perego/"
"NILF17445";"Perello, Marco";"http://www.fantascienza.com/catalogo/autori/NILF17445/marco-perello/"
"NILF22315";"Pérès, Jean Baptiste";"http://www.fantascienza.com/catalogo/autori/NILF22315/jean-baptiste-p-eres/"
"NILF21683";"Peressini, Laura";"http://www.fantascienza.com/catalogo/autori/NILF21683/laura-peressini/"
"NILF19734";"Peretti-Griva, Domenico Riccardo";"http://www.fantascienza.com/catalogo/autori/NILF19734/domenico-riccardo-peretti-griva/"
"NILF14170";"Peretz, I. L.";"http://www.fantascienza.com/catalogo/autori/NILF14170/i-l-peretz/"
"NILF17905";"Pérez-Reverte, Arturo";"http://www.fantascienza.com/catalogo/autori/NILF17905/arturo-p-erez-reverte/"
"NILF15918";"Pergameno, Sandro";"http://www.fantascienza.com/catalogo/autori/NILF15918/sandro-pergameno/"
"NILF25809";"Pergolizzi, Antonio";"http://www.fantascienza.com/catalogo/autori/NILF25809/antonio-pergolizzi/"
"NILF16426";"Peri, Cesare";"http://www.fantascienza.com/catalogo/autori/NILF16426/cesare-peri/"
"NILF20290";"Perilli, Alessandro";"http://www.fantascienza.com/catalogo/autori/NILF20290/alessandro-perilli/"
"NILF21569";"Perilli, Plinio";"http://www.fantascienza.com/catalogo/autori/NILF21569/plinio-perilli/"
"NILF17405";"Perillo, Salvatore";"http://www.fantascienza.com/catalogo/autori/NILF17405/salvatore-perillo/"
"NILF26019";"Perini, Maria Grazia";"http://www.fantascienza.com/catalogo/autori/NILF26019/maria-grazia-perini/"
"NILF19731";"Perissinotto, Massimo";"http://www.fantascienza.com/catalogo/autori/NILF19731/massimo-perissinotto/"
"NILF14171";"Perkins, Gerald";"http://www.fantascienza.com/catalogo/autori/NILF14171/gerald-perkins/"
"NILF24364";"Perkins, Mildred";"http://www.fantascienza.com/catalogo/autori/NILF24364/mildred-perkins/"
"NILF20874";"Pernigotti, Attilio";"http://www.fantascienza.com/catalogo/autori/NILF20874/attilio-pernigotti/"
"NILF20387";"Perniola, Mario";"http://www.fantascienza.com/catalogo/autori/NILF20387/mario-perniola/"
"NILF26471";"Pero, Gaspare";"http://www.fantascienza.com/catalogo/autori/NILF26471/gaspare-pero/"
"NILF14172";"Perodi, Emma";"http://www.fantascienza.com/catalogo/autori/NILF14172/emma-perodi/"
"NILF25355";"Peroncini, Vieri";"http://www.fantascienza.com/catalogo/autori/NILF25355/vieri-peroncini/"
"NILF16566";"Perosa, Sergio";"http://www.fantascienza.com/catalogo/autori/NILF16566/sergio-perosa/"
"NILF19509";"Perotti, Anna";"http://www.fantascienza.com/catalogo/autori/NILF19509/anna-perotti/"
"NILF23748";"Perotti, Carla";"http://www.fantascienza.com/catalogo/autori/NILF23748/carla-perotti/"
"NILF14173";"Perowne, Barry";"http://www.fantascienza.com/catalogo/autori/NILF14173/barry-perowne/"
"NILF25967";"Perri, Rossana";"http://www.fantascienza.com/catalogo/autori/NILF25967/rossana-perri/"
"NILF20468";"Perriera, Michele";"http://www.fantascienza.com/catalogo/autori/NILF20468/michele-perriera/"
"NILF17014";"Perriman, Cole";"http://www.fantascienza.com/catalogo/autori/NILF17014/cole-perriman/"
"NILF20718";"Perrin, Alice";"http://www.fantascienza.com/catalogo/autori/NILF20718/alice-perrin/"
"NILF19081";"Perrin, Don";"http://www.fantascienza.com/catalogo/autori/NILF19081/don-perrin/"
"NILF14174";"Perrin, Jeffrey";"http://www.fantascienza.com/catalogo/autori/NILF14174/jeffrey-perrin/"
"NILF23621";"Perro, Bryan";"http://www.fantascienza.com/catalogo/autori/NILF23621/bryan-perro/"
"NILF25459";"Perrone, Nicoletta";"http://www.fantascienza.com/catalogo/autori/NILF25459/nicoletta-perrone/"
"NILF21765";"Perroni, Maria Giovanna";"http://www.fantascienza.com/catalogo/autori/NILF21765/maria-giovanna-perroni/"
"NILF26321";"Perrotta, Francesco";"http://www.fantascienza.com/catalogo/autori/NILF26321/francesco-perrotta/"
"NILF16767";"Perry, ";"http://www.fantascienza.com/catalogo/autori/NILF16767/-perry/"
"NILF17952";"Perry, Clark";"http://www.fantascienza.com/catalogo/autori/NILF17952/clark-perry/"
"NILF14176";"Perry, Diana";"http://www.fantascienza.com/catalogo/autori/NILF14176/diana-perry/"
"NILF14177";"Perry, S. D.";"http://www.fantascienza.com/catalogo/autori/NILF14177/s-d-perry/"
"NILF14178";"Perry, Steve";"http://www.fantascienza.com/catalogo/autori/NILF14178/steve-perry/"
"NILF16251";"Perry, Tom";"http://www.fantascienza.com/catalogo/autori/NILF16251/tom-perry/"
"NILF16905";"Perseo Libri, ";"http://www.fantascienza.com/catalogo/autori/NILF16905/-perseo-libri/"
"NILF14179";"Persiani, Maurizio";"http://www.fantascienza.com/catalogo/autori/NILF14179/maurizio-persiani/"
"NILF24010";"Persic, G.";"http://www.fantascienza.com/catalogo/autori/NILF24010/g-persic/"
"NILF24026";"Person, Joe Mac";"http://www.fantascienza.com/catalogo/autori/NILF24026/joe-mac-person/"
"NILF25750";"Pertegato, Andrea";"http://www.fantascienza.com/catalogo/autori/NILF25750/andrea-pertegato/"
"NILF25677";"Pertegato, Vanessa";"http://www.fantascienza.com/catalogo/autori/NILF25677/vanessa-pertegato/"
"NILF22959";"Perucho, Joan";"http://www.fantascienza.com/catalogo/autori/NILF22959/joan-perucho/"
"NILF24284";"Peruggi, Fulvio";"http://www.fantascienza.com/catalogo/autori/NILF24284/fulvio-peruggi/"
"NILF14180";"Perutz, Leo";"http://www.fantascienza.com/catalogo/autori/NILF14180/leo-perutz/"
"NILF19174";"Peruzio, Giorgio";"http://www.fantascienza.com/catalogo/autori/NILF19174/giorgio-peruzio/"
"NILF22420";"Peruzzo, Giuseppe";"http://www.fantascienza.com/catalogo/autori/NILF22420/giuseppe-peruzzo/"
"NILF19208";"Pes, Roberto";"http://www.fantascienza.com/catalogo/autori/NILF19208/roberto-pes/"
"NILF16951";"Pesaro, Luca";"http://www.fantascienza.com/catalogo/autori/NILF16951/luca-pesaro/"
"NILF24508";"Pescatore, Carmine";"http://www.fantascienza.com/catalogo/autori/NILF24508/carmine-pescatore/"
"NILF25724";"Pesce, Alberto";"http://www.fantascienza.com/catalogo/autori/NILF25724/alberto-pesce/"
"NILF14181";"Pešek, Ludek";"http://www.fantascienza.com/catalogo/autori/NILF14181/ludek-pesek/"
"NILF16122";"Pessina, Hector Raul";"http://www.fantascienza.com/catalogo/autori/NILF16122/hector-raul-pessina/"
"NILF14182";"Pessoa, Fernando";"http://www.fantascienza.com/catalogo/autori/NILF14182/fernando-pessoa/"
"NILF14183";"Pestellini, Francesco";"http://www.fantascienza.com/catalogo/autori/NILF14183/francesco-pestellini/"
"NILF14184";"Pestriniero, Renato";"http://www.fantascienza.com/catalogo/autori/NILF14184/renato-pestriniero/"
"NILF14185";"Petaja, Emil";"http://www.fantascienza.com/catalogo/autori/NILF14185/emil-petaja/"
"NILF14188";"Peter, Sam";"http://www.fantascienza.com/catalogo/autori/NILF14188/sam-peter/"
"NILF20573";"Peter & Wolf, ";"http://www.fantascienza.com/catalogo/autori/NILF20573/-peter-and-wolf/"
"NILF23604";"Peters, Elizabeth";"http://www.fantascienza.com/catalogo/autori/NILF23604/elizabeth-peters/"
"NILF14189";"Peterson, Niels T.";"http://www.fantascienza.com/catalogo/autori/NILF14189/niels-t-peterson/"
"NILF21801";"Petino, Gianni";"http://www.fantascienza.com/catalogo/autori/NILF21801/gianni-petino/"
"NILF17444";"Petitti, Ermanno";"http://www.fantascienza.com/catalogo/autori/NILF17444/ermanno-petitti/"
"NILF16673";"Petoia, Erberto";"http://www.fantascienza.com/catalogo/autori/NILF16673/erberto-petoia/"
"NILF23373";"Petrai, Guido";"http://www.fantascienza.com/catalogo/autori/NILF23373/guido-petrai/"
"NILF18562";"Petrie, Charles";"http://www.fantascienza.com/catalogo/autori/NILF18562/charles-petrie/"
"NILF14191";"Petrie, Graham";"http://www.fantascienza.com/catalogo/autori/NILF14191/graham-petrie/"
"NILF22481";"Petrignani, Sandra";"http://www.fantascienza.com/catalogo/autori/NILF22481/sandra-petrignani/"
"NILF23108";"Petrino, Annarita";"http://www.fantascienza.com/catalogo/autori/NILF23108/annarita-petrino/"
"NILF19107";"Petrolati, Marica";"http://www.fantascienza.com/catalogo/autori/NILF19107/marica-petrolati/"
"NILF14192";"Petrovski, Slobodan";"http://www.fantascienza.com/catalogo/autori/NILF14192/slobodan-petrovski/"
"NILF19372";"Petrozzi, Elvezio";"http://www.fantascienza.com/catalogo/autori/NILF19372/elvezio-petrozzi/"
"NILF24078";"Petrucci, Antonio";"http://www.fantascienza.com/catalogo/autori/NILF24078/antonio-petrucci/"
"NILF14193";"Petruccioli, Luciano";"http://www.fantascienza.com/catalogo/autori/NILF14193/luciano-petruccioli/"
"NILF20705";"Petruzzi, Simonetta SATRAGNI";"http://www.fantascienza.com/catalogo/autori/NILF20705/simonetta-satragni-petruzzi/"
"NILF21882";"Pettersson, Allan Rune";"http://www.fantascienza.com/catalogo/autori/NILF21882/allan-rune-pettersson/"
"NILF25183";"Petti, Lavinia";"http://www.fantascienza.com/catalogo/autori/NILF25183/lavinia-petti/"
"NILF16913";"Pettinotti, Paola";"http://www.fantascienza.com/catalogo/autori/NILF16913/paola-pettinotti/"
"NILF25574";"Pettoello, Decio";"http://www.fantascienza.com/catalogo/autori/NILF25574/decio-pettoello/"
"NILF23145";"Peverelli, Luciana";"http://www.fantascienza.com/catalogo/autori/NILF23145/luciana-peverelli/"
"NILF14194";"Peyramaure, Michel";"http://www.fantascienza.com/catalogo/autori/NILF14194/michel-peyramaure/"
"NILF14195";"Peyrou, Manuel";"http://www.fantascienza.com/catalogo/autori/NILF14195/manuel-peyrou/"
"NILF25619";"Pezone, Bruno";"http://www.fantascienza.com/catalogo/autori/NILF25619/bruno-pezone/"
"NILF21360";"Pezzali, Max";"http://www.fantascienza.com/catalogo/autori/NILF21360/max-pezzali/"
"NILF23270";"Pezzani, Sebastiano";"http://www.fantascienza.com/catalogo/autori/NILF23270/sebastiano-pezzani/"
"NILF14196";"Pezzato, Toni";"http://www.fantascienza.com/catalogo/autori/NILF14196/toni-pezzato/"
"NILF19514";"Pezzini, Franco";"http://www.fantascienza.com/catalogo/autori/NILF19514/franco-pezzini/"
"NILF23217";"Pezzotta, Alberto";"http://www.fantascienza.com/catalogo/autori/NILF23217/alberto-pezzotta/"
"NILF23026";"Pfaue, Justus";"http://www.fantascienza.com/catalogo/autori/NILF23026/justus-pfaue/"
"NILF14197";"Pfeil, Donald J.";"http://www.fantascienza.com/catalogo/autori/NILF14197/donald-j-pfeil/"
"NILF17530";"Phelps, Elizabeth Stuart";"http://www.fantascienza.com/catalogo/autori/NILF17530/elizabeth-stuart-phelps/"
"NILF14200";"Philbrick, W. R.";"http://www.fantascienza.com/catalogo/autori/NILF14200/w-r-philbrick/"
"NILF15942";"Phillips, A. M.";"http://www.fantascienza.com/catalogo/autori/NILF15942/a-m-phillips/"
"NILF22856";"Phillips, Ann";"http://www.fantascienza.com/catalogo/autori/NILF22856/ann-phillips/"
"NILF24409";"Phillips, Bob";"http://www.fantascienza.com/catalogo/autori/NILF24409/bob-phillips/"
"NILF14205";"Phillips, Peter";"http://www.fantascienza.com/catalogo/autori/NILF14205/peter-phillips/"
"NILF16389";"Phillips, Robert";"http://www.fantascienza.com/catalogo/autori/NILF16389/robert-phillips/"
"NILF14206";"Phillips, Rog";"http://www.fantascienza.com/catalogo/autori/NILF14206/rog-phillips/"
"NILF16247";"Philmus, Robert M.";"http://www.fantascienza.com/catalogo/autori/NILF16247/robert-m-philmus/"
"NILF17645";"Phipps, Jeremiah E.";"http://www.fantascienza.com/catalogo/autori/NILF17645/jeremiah-e-phipps/"
"NILF21713";"Phipps, Keith";"http://www.fantascienza.com/catalogo/autori/NILF21713/keith-phipps/"
"NILF20269";"Phondke, Bal";"http://www.fantascienza.com/catalogo/autori/NILF20269/bal-phondke/"
"NILF20941";"Piani, Stefano";"http://www.fantascienza.com/catalogo/autori/NILF20941/stefano-piani/"
"NILF19804";"Piantanida, Donato";"http://www.fantascienza.com/catalogo/autori/NILF19804/donato-piantanida/"
"NILF20228";"Piantini, Francesco";"http://www.fantascienza.com/catalogo/autori/NILF20228/francesco-piantini/"
"NILF20589";"Piazza, Maria Luisa";"http://www.fantascienza.com/catalogo/autori/NILF20589/maria-luisa-piazza/"
"NILF14207";"Piazzano, Luis";"http://www.fantascienza.com/catalogo/autori/NILF14207/luis-piazzano/"
"NILF24516";"Piazzesi, Simone";"http://www.fantascienza.com/catalogo/autori/NILF24516/simone-piazzesi/"
"NILF25964";"Pica, Vittorio";"http://www.fantascienza.com/catalogo/autori/NILF25964/vittorio-pica/"
"NILF14208";"Picano, Felice";"http://www.fantascienza.com/catalogo/autori/NILF14208/felice-picano/"
"NILF16795";"Piccardo, Anna Maria";"http://www.fantascienza.com/catalogo/autori/NILF16795/anna-maria-piccardo/"
"NILF22536";"Picchi, Nicola";"http://www.fantascienza.com/catalogo/autori/NILF22536/nicola-picchi/"
"NILF16665";"Picchio, Luciana Stegagno";"http://www.fantascienza.com/catalogo/autori/NILF16665/luciana-stegagno-picchio/"
"NILF14210";"Piccini, Toni";"http://www.fantascienza.com/catalogo/autori/NILF14210/toni-piccini/"
"NILF25604";"Piccinini, Alberto";"http://www.fantascienza.com/catalogo/autori/NILF25604/alberto-piccinini/"
"NILF23396";"Piccinini, Elissa";"http://www.fantascienza.com/catalogo/autori/NILF23396/elissa-piccinini/"
"NILF14211";"Piccinini, Franco";"http://www.fantascienza.com/catalogo/autori/NILF14211/franco-piccinini/"
"NILF14212";"Piccioli, Gian Luigi";"http://www.fantascienza.com/catalogo/autori/NILF14212/gian-luigi-piccioli/"
"NILF23287";"Piccione, Vincenzo A.";"http://www.fantascienza.com/catalogo/autori/NILF23287/vincenzo-a-piccione/"
"NILF26689";"Piccirilli, Giovanni";"http://www.fantascienza.com/catalogo/autori/NILF26689/giovanni-piccirilli/"
"NILF14213";"Piccirilli, Tom";"http://www.fantascienza.com/catalogo/autori/NILF14213/tom-piccirilli/"
"NILF24970";"Piccirillo, Davide";"http://www.fantascienza.com/catalogo/autori/NILF24970/davide-piccirillo/"
"NILF24381";"Picciuti, Daniele";"http://www.fantascienza.com/catalogo/autori/NILF24381/daniele-picciuti/"
"NILF21242";"Piccolino, Michele";"http://www.fantascienza.com/catalogo/autori/NILF21242/michele-piccolino/"
"NILF19130";"Piccolo, Francesco";"http://www.fantascienza.com/catalogo/autori/NILF19130/francesco-piccolo/"
"NILF20465";"Piccolo, Lucio";"http://www.fantascienza.com/catalogo/autori/NILF20465/lucio-piccolo/"
"NILF20845";"Pichetto, Maria Teresa Bovetti";"http://www.fantascienza.com/catalogo/autori/NILF20845/maria-teresa-bovetti-pichetto/"
"NILF16605";"Pichler, Anita";"http://www.fantascienza.com/catalogo/autori/NILF16605/anita-pichler/"
"NILF20492";"Piciarelli, Giancarlo";"http://www.fantascienza.com/catalogo/autori/NILF20492/giancarlo-piciarelli/"
"NILF21182";"Pickard, Nancy";"http://www.fantascienza.com/catalogo/autori/NILF21182/nancy-pickard/"
"NILF15895";"Pickford, Ted";"http://www.fantascienza.com/catalogo/autori/NILF15895/ted-pickford/"
"NILF22549";"Picozzi, Massimo";"http://www.fantascienza.com/catalogo/autori/NILF22549/massimo-picozzi/"
"NILF17562";"Pieczenik, Steve";"http://www.fantascienza.com/catalogo/autori/NILF17562/steve-pieczenik/"
"NILF14214";"Piegai, Daniela";"http://www.fantascienza.com/catalogo/autori/NILF14214/daniela-piegai/"
"NILF14215";"Piemontese, Felice";"http://www.fantascienza.com/catalogo/autori/NILF14215/felice-piemontese/"
"NILF19252";"Pieragostini, Catia";"http://www.fantascienza.com/catalogo/autori/NILF19252/catia-pieragostini/"
"NILF26147";"Pierangelini, Cinzia";"http://www.fantascienza.com/catalogo/autori/NILF26147/cinzia-pierangelini/"
"NILF25184";"Pierantozzi, Alcide";"http://www.fantascienza.com/catalogo/autori/NILF25184/alcide-pierantozzi/"
"NILF14217";"Piercy, Marge";"http://www.fantascienza.com/catalogo/autori/NILF14217/marge-piercy/"
"NILF14218";"Pieroni, Piero";"http://www.fantascienza.com/catalogo/autori/NILF14218/piero-pieroni/"
"NILF16505";"Piersanti, Gilda";"http://www.fantascienza.com/catalogo/autori/NILF16505/gilda-piersanti/"
"NILF22968";"Pierson, Chris";"http://www.fantascienza.com/catalogo/autori/NILF22968/chris-pierson/"
"NILF20781";"Pierson, Peter";"http://www.fantascienza.com/catalogo/autori/NILF20781/peter-pierson/"
"NILF14219";"Pierson, Roxana";"http://www.fantascienza.com/catalogo/autori/NILF14219/roxana-pierson/"
"NILF18948";"Pieter, Van";"http://www.fantascienza.com/catalogo/autori/NILF18948/van-pieter/"
"NILF26419";"Pietra, Elena Stefania";"http://www.fantascienza.com/catalogo/autori/NILF26419/elena-stefania-pietra/"
"NILF23052";"Pietrabissa, Riccardo";"http://www.fantascienza.com/catalogo/autori/NILF23052/riccardo-pietrabissa/"
"NILF19706";"Pietrai, Guido";"http://www.fantascienza.com/catalogo/autori/NILF19706/guido-pietrai/"
"NILF15936";"Pietri, [Maria] Cristina";"http://www.fantascienza.com/catalogo/autori/NILF15936/maria-cristina-pietri/"
"NILF25144";"Pietrobono, Palma Sara";"http://www.fantascienza.com/catalogo/autori/NILF25144/palma-sara-pietrobono/"
"NILF24406";"Pietroletti, Claudio";"http://www.fantascienza.com/catalogo/autori/NILF24406/claudio-pietroletti/"
"NILF23551";"Pietromarchi, Luca";"http://www.fantascienza.com/catalogo/autori/NILF23551/luca-pietromarchi/"
"NILF16916";"Pietroselli, Massimo";"http://www.fantascienza.com/catalogo/autori/NILF16916/massimo-pietroselli/"
"NILF21082";"Pighi, Laura";"http://www.fantascienza.com/catalogo/autori/NILF21082/laura-pighi/"
"NILF25784";"Pigliacelli, Davide";"http://www.fantascienza.com/catalogo/autori/NILF25784/davide-pigliacelli/"
"NILF25088";"Pignani, Massimo";"http://www.fantascienza.com/catalogo/autori/NILF25088/massimo-pignani/"
"NILF23390";"Pignata, Piero";"http://www.fantascienza.com/catalogo/autori/NILF23390/piero-pignata/"
"NILF21906";"Pignataro, Leonardo";"http://www.fantascienza.com/catalogo/autori/NILF21906/leonardo-pignataro/"
"NILF14220";"Pignatelli, J.";"http://www.fantascienza.com/catalogo/autori/NILF14220/j-pignatelli/"
"NILF18859";"Pignatone, Sergio";"http://www.fantascienza.com/catalogo/autori/NILF18859/sergio-pignatone/"
"NILF16279";"Pigreco, ";"http://www.fantascienza.com/catalogo/autori/NILF16279/-pigreco/"
"NILF14221";"Pike, Christopher";"http://www.fantascienza.com/catalogo/autori/NILF14221/christopher-pike/"
"NILF14222";"Pike, Steven D.";"http://www.fantascienza.com/catalogo/autori/NILF14222/steven-d-pike/"
"NILF18118";"Pileri, Italo";"http://www.fantascienza.com/catalogo/autori/NILF18118/italo-pileri/"
"NILF23232";"Pillard, David A.";"http://www.fantascienza.com/catalogo/autori/NILF23232/david-a-pillard/"
"NILF16296";"Pillepich, Piero";"http://www.fantascienza.com/catalogo/autori/NILF16296/piero-pillepich/"
"NILF14223";"Pilo, Gianni";"http://www.fantascienza.com/catalogo/autori/NILF14223/gianni-pilo/"
"NILF14224";"Pilu, Gianluigi";"http://www.fantascienza.com/catalogo/autori/NILF14224/gianluigi-pilu/"
"NILF26178";"Pimentel Siles, Manuel";"http://www.fantascienza.com/catalogo/autori/NILF26178/manuel-pimentel-siles/"
"NILF16290";"Pincher, Chapman";"http://www.fantascienza.com/catalogo/autori/NILF16290/chapman-pincher/"
"NILF19080";"Pincio, Tommaso";"http://www.fantascienza.com/catalogo/autori/NILF19080/tommaso-pincio/"
"NILF14226";"Pinckney, Josephine";"http://www.fantascienza.com/catalogo/autori/NILF14226/josephine-pinckney/"
"NILF16225";"Pincus, Giovanni";"http://www.fantascienza.com/catalogo/autori/NILF16225/giovanni-pincus/"
"NILF19737";"Pindemonte, Ippolito";"http://www.fantascienza.com/catalogo/autori/NILF19737/ippolito-pindemonte/"
"NILF14227";"Pine, Nancy L.";"http://www.fantascienza.com/catalogo/autori/NILF14227/nancy-l-pine/"
"NILF18753";"Pineiro, R. J.";"http://www.fantascienza.com/catalogo/autori/NILF18753/r-j-pineiro/"
"NILF20751";"Piñera, Virgilio";"http://www.fantascienza.com/catalogo/autori/NILF20751/virgilio-pinera/"
"NILF14228";"Pini, Luciano";"http://www.fantascienza.com/catalogo/autori/NILF14228/luciano-pini/"
"NILF19324";"Pini, Massimo";"http://www.fantascienza.com/catalogo/autori/NILF19324/massimo-pini/"
"NILF25042";"Pini, Rita";"http://www.fantascienza.com/catalogo/autori/NILF25042/rita-pini/"
"NILF14229";"Pinketts, Andrea G.";"http://www.fantascienza.com/catalogo/autori/NILF14229/andrea-g-pinketts/"
"NILF14230";"Pinkwater, Daniel";"http://www.fantascienza.com/catalogo/autori/NILF14230/daniel-pinkwater/"
"NILF23777";"Pinna, Patrizio";"http://www.fantascienza.com/catalogo/autori/NILF23777/patrizio-pinna/"
"NILF14231";"Pinotti, Roberto";"http://www.fantascienza.com/catalogo/autori/NILF14231/roberto-pinotti/"
"NILF22290";"Pintabona, Giuseppe";"http://www.fantascienza.com/catalogo/autori/NILF22290/giuseppe-pintabona/"
"NILF24940";"Pinto, Francesco";"http://www.fantascienza.com/catalogo/autori/NILF24940/francesco-pinto/"
"NILF21791";"Pinto, Sonia";"http://www.fantascienza.com/catalogo/autori/NILF21791/sonia-pinto/"
"NILF18739";"Pinzauti, Mario";"http://www.fantascienza.com/catalogo/autori/NILF18739/mario-pinzauti/"
"NILF14232";"Piovene, Guido";"http://www.fantascienza.com/catalogo/autori/NILF14232/guido-piovene/"
"NILF14233";"Piper, H. Beam";"http://www.fantascienza.com/catalogo/autori/NILF14233/h-beam-piper/"
"NILF24079";"Pippi, Dano";"http://www.fantascienza.com/catalogo/autori/NILF24079/dano-pippi/"
"NILF14234";"Pirandello, Luigi";"http://www.fantascienza.com/catalogo/autori/NILF14234/luigi-pirandello/"
"NILF23926";"Pirani, Renata C.";"http://www.fantascienza.com/catalogo/autori/NILF23926/renata-c-pirani/"
"NILF14235";"Piras, Antonio";"http://www.fantascienza.com/catalogo/autori/NILF14235/antonio-piras/"
"NILF21753";"Pirastu, Annalisa";"http://www.fantascienza.com/catalogo/autori/NILF21753/annalisa-pirastu/"
"NILF25850";"Pirè, Luciana";"http://www.fantascienza.com/catalogo/autori/NILF25850/luciana-pire/"
"NILF23562";"Pireddu, Nicoletta";"http://www.fantascienza.com/catalogo/autori/NILF23562/nicoletta-pireddu/"
"NILF25136";"Pires, José Cardoso";"http://www.fantascienza.com/catalogo/autori/NILF25136/jos-e-cardoso-pires/"
"NILF21147";"Pirinçci, Akif";"http://www.fantascienza.com/catalogo/autori/NILF21147/akif-pirincci/"
"NILF24479";"Piro, Sergio";"http://www.fantascienza.com/catalogo/autori/NILF24479/sergio-piro/"
"NILF22312";"Pirone, Alois";"http://www.fantascienza.com/catalogo/autori/NILF22312/alois-pirone/"
"NILF21145";"Pironti, Giuseppe";"http://www.fantascienza.com/catalogo/autori/NILF21145/giuseppe-pironti/"
"NILF16873";"Pirri, Maria Sabrina";"http://www.fantascienza.com/catalogo/autori/NILF16873/maria-sabrina-pirri/"
"NILF23752";"Pirrotta, Luciano";"http://www.fantascienza.com/catalogo/autori/NILF23752/luciano-pirrotta/"
"NILF19069";"Pisani, Cesare";"http://www.fantascienza.com/catalogo/autori/NILF19069/cesare-pisani/"
"NILF16658";"Pisani, Gabriella Cacchi";"http://www.fantascienza.com/catalogo/autori/NILF16658/gabriella-cacchi-pisani/"
"NILF24790";"Pisani, Liaty";"http://www.fantascienza.com/catalogo/autori/NILF24790/liaty-pisani/"
"NILF22832";"Pisani, Vittorio";"http://www.fantascienza.com/catalogo/autori/NILF22832/vittorio-pisani/"
"NILF24830";"Pisanti, Achille";"http://www.fantascienza.com/catalogo/autori/NILF24830/achille-pisanti/"
"NILF16734";"Pisanti, Tommaso";"http://www.fantascienza.com/catalogo/autori/NILF16734/tommaso-pisanti/"
"NILF16498";"Pisapia, Biancamaria";"http://www.fantascienza.com/catalogo/autori/NILF16498/biancamaria-pisapia/"
"NILF20280";"Pisciotta, Rosella";"http://www.fantascienza.com/catalogo/autori/NILF20280/rosella-pisciotta/"
"NILF22327";"Piselli, Stefano";"http://www.fantascienza.com/catalogo/autori/NILF22327/stefano-piselli/"
"NILF14237";"Piserchia, Doris";"http://www.fantascienza.com/catalogo/autori/NILF14237/doris-piserchia/"
"NILF25129";"Pispisa, Guglielmo";"http://www.fantascienza.com/catalogo/autori/NILF25129/guglielmo-pispisa/"
"NILF23155";"Pissilenko, Ivan";"http://www.fantascienza.com/catalogo/autori/NILF23155/ivan-pissilenko/"
"NILF25425";"Pistolesi, Giuliano";"http://www.fantascienza.com/catalogo/autori/NILF25425/giuliano-pistolesi/"
"NILF23087";"Pistone, Daniela";"http://www.fantascienza.com/catalogo/autori/NILF23087/daniela-pistone/"
"NILF14238";"Pisu, Silverio";"http://www.fantascienza.com/catalogo/autori/NILF14238/silverio-pisu/"
"NILF14239";"Pitt, Giordano";"http://www.fantascienza.com/catalogo/autori/NILF14239/giordano-pitt/"
"NILF18124";"Pitta, Alfredo";"http://www.fantascienza.com/catalogo/autori/NILF18124/alfredo-pitta/"
"NILF26065";"Pittaluga, Maria Carla";"http://www.fantascienza.com/catalogo/autori/NILF26065/maria-carla-pittaluga/"
"NILF20699";"Pittèri, Daniele";"http://www.fantascienza.com/catalogo/autori/NILF20699/daniele-pitteri/"
"NILF21571";"Pittoni, Ileana";"http://www.fantascienza.com/catalogo/autori/NILF21571/ileana-pittoni/"
"NILF14241";"Pittorru, Fabio";"http://www.fantascienza.com/catalogo/autori/NILF14241/fabio-pittorru/"
"NILF14242";"Pitzorno, Bianca";"http://www.fantascienza.com/catalogo/autori/NILF14242/bianca-pitzorno/"
"NILF19100";"Piu, Stefania";"http://www.fantascienza.com/catalogo/autori/NILF19100/stefania-piu/"
"NILF14243";"Piumini, Roberto";"http://www.fantascienza.com/catalogo/autori/NILF14243/roberto-piumini/"
"NILF23553";"Piva, Franco";"http://www.fantascienza.com/catalogo/autori/NILF23553/franco-piva/"
"NILF16300";"Pivano, Fernanda";"http://www.fantascienza.com/catalogo/autori/NILF16300/fernanda-pivano/"
"NILF19209";"Pivetta, Mario";"http://www.fantascienza.com/catalogo/autori/NILF19209/mario-pivetta/"
"NILF19763";"Pivi, Alberto";"http://www.fantascienza.com/catalogo/autori/NILF19763/alberto-pivi/"
"NILF20224";"Piziks, Steven";"http://www.fantascienza.com/catalogo/autori/NILF20224/steven-piziks/"
"NILF19674";"Pizzamiglio, Gilberto";"http://www.fantascienza.com/catalogo/autori/NILF19674/gilberto-pizzamiglio/"
"NILF19150";"Pizzi, Stefano";"http://www.fantascienza.com/catalogo/autori/NILF19150/stefano-pizzi/"
"NILF25732";"Pizzimenti, Luigi";"http://www.fantascienza.com/catalogo/autori/NILF25732/luigi-pizzimenti/"
"NILF14244";"Pizzo, Gian Filippo";"http://www.fantascienza.com/catalogo/autori/NILF14244/gian-filippo-pizzo/"
"NILF26697";"Pizzo, Salvo";"http://www.fantascienza.com/catalogo/autori/NILF26697/salvo-pizzo/"
"NILF14246";"Pizzorno, Benedetto";"http://www.fantascienza.com/catalogo/autori/NILF14246/benedetto-pizzorno/"
"NILF20466";"Pizzuto, Antonio";"http://www.fantascienza.com/catalogo/autori/NILF20466/antonio-pizzuto/"
"NILF14247";"Plachta, Dannie";"http://www.fantascienza.com/catalogo/autori/NILF14247/dannie-plachta/"
"NILF19623";"Placido, Beniamino";"http://www.fantascienza.com/catalogo/autori/NILF19623/beniamino-placido/"
"NILF16874";"Planezio, Piero";"http://www.fantascienza.com/catalogo/autori/NILF16874/piero-planezio/"
"NILF25196";"Planque, Jean-Pierre";"http://www.fantascienza.com/catalogo/autori/NILF25196/jean-pierre-planque/"
"NILF20809";"Plant, Sadie";"http://www.fantascienza.com/catalogo/autori/NILF20809/sadie-plant/"
"NILF16811";"Platone, ";"http://www.fantascienza.com/catalogo/autori/NILF16811/-platone/"
"NILF22262";"Platonov, Andrej";"http://www.fantascienza.com/catalogo/autori/NILF22262/andrej-platonov/"
"NILF14250";"Platt, Charles";"http://www.fantascienza.com/catalogo/autori/NILF14250/charles-platt/"
"NILF14251";"Plauger, P. J.";"http://www.fantascienza.com/catalogo/autori/NILF14251/p-j-plauger/"
"NILF19210";"Pluchino, Salvatore";"http://www.fantascienza.com/catalogo/autori/NILF19210/salvatore-pluchino/"
"NILF19538";"Pocar, Ervino";"http://www.fantascienza.com/catalogo/autori/NILF19538/ervino-pocar/"
"NILF14253";"Pocsik, John";"http://www.fantascienza.com/catalogo/autori/NILF14253/john-pocsik/"
"NILF19667";"Podol'Nyi, Roman";"http://www.fantascienza.com/catalogo/autori/NILF19667/roman-podol-nyi/"
"NILF14254";"Poe, Edgar Allan";"http://www.fantascienza.com/catalogo/autori/NILF14254/edgar-allan-poe/"
"NILF18329";"Pöe, Edgard Allan";"http://www.fantascienza.com/catalogo/autori/NILF18329/edgard-allan-poe/"
"NILF19366";"Poe, Edgardo";"http://www.fantascienza.com/catalogo/autori/NILF19366/edgardo-poe/"
"NILF17411";"Poe, Robert";"http://www.fantascienza.com/catalogo/autori/NILF17411/robert-poe/"
"NILF16416";"Poesio, Carla";"http://www.fantascienza.com/catalogo/autori/NILF16416/carla-poesio/"
"NILF14255";"Pogaccini, Sandro";"http://www.fantascienza.com/catalogo/autori/NILF14255/sandro-pogaccini/"
"NILF16004";"Poggi, Sergio";"http://www.fantascienza.com/catalogo/autori/NILF16004/sergio-poggi/"
"NILF22253";"Poggi, Valentina";"http://www.fantascienza.com/catalogo/autori/NILF22253/valentina-poggi/"
"NILF18891";"Poggio, Tito";"http://www.fantascienza.com/catalogo/autori/NILF18891/tito-poggio/"
"NILF14256";"Pogorel'Skij-Perovskij, Anton A.";"http://www.fantascienza.com/catalogo/autori/NILF14256/anton-a-pogorel-skij-perovskij/"
"NILF17604";"Pogue, Charles Edward";"http://www.fantascienza.com/catalogo/autori/NILF17604/charles-edward-pogue/"
"NILF14258";"Pohl, Frederik";"http://www.fantascienza.com/catalogo/autori/NILF14258/frederik-pohl/"
"NILF20912";"Pokrovskij, S. V.";"http://www.fantascienza.com/catalogo/autori/NILF20912/s-v-pokrovskij/"
"NILF25048";"Poláček, Karel";"http://www.fantascienza.com/catalogo/autori/NILF25048/karel-pol-acek/"
"NILF26585";"Polato, Mauro";"http://www.fantascienza.com/catalogo/autori/NILF26585/mauro-polato/"
"NILF14260";"Polese, Cesare";"http://www.fantascienza.com/catalogo/autori/NILF14260/cesare-polese/"
"NILF23370";"Polese, Ranieri";"http://www.fantascienza.com/catalogo/autori/NILF23370/ranieri-polese/"
"NILF18145";"Polesello, Giovanni";"http://www.fantascienza.com/catalogo/autori/NILF18145/giovanni-polesello/"
"NILF17418";"Poli, Paolo";"http://www.fantascienza.com/catalogo/autori/NILF17418/paolo-poli/"
"NILF19318";"Polia, Mario";"http://www.fantascienza.com/catalogo/autori/NILF19318/mario-polia/"
"NILF14262";"Polidori, John William";"http://www.fantascienza.com/catalogo/autori/NILF14262/john-william-polidori/"
"NILF17700";"Polisena, Cecilia";"http://www.fantascienza.com/catalogo/autori/NILF17700/cecilia-polisena/"
"NILF14264";"Polizzi, Pio";"http://www.fantascienza.com/catalogo/autori/NILF14264/pio-polizzi/"
"NILF14266";"Pollack, Jack Harrison";"http://www.fantascienza.com/catalogo/autori/NILF14266/jack-harrison-pollack/"
"NILF14267";"Pollack, Rachel";"http://www.fantascienza.com/catalogo/autori/NILF14267/rachel-pollack/"
"NILF19175";"Pollari, Eugenio";"http://www.fantascienza.com/catalogo/autori/NILF19175/eugenio-pollari/"
"NILF23133";"Polledro, Alfredo";"http://www.fantascienza.com/catalogo/autori/NILF23133/alfredo-polledro/"
"NILF21189";"Pollet, Jean-Jacques";"http://www.fantascienza.com/catalogo/autori/NILF21189/jean-jacques-pollet/"
"NILF18175";"Polli, Walter";"http://www.fantascienza.com/catalogo/autori/NILF18175/walter-polli/"
"NILF20946";"Pollicelli, Giuseppe";"http://www.fantascienza.com/catalogo/autori/NILF20946/giuseppe-pollicelli/"
"NILF21643";"Pollini, Alfredo";"http://www.fantascienza.com/catalogo/autori/NILF21643/alfredo-pollini/"
"NILF15897";"Pollock, Frank Lillie";"http://www.fantascienza.com/catalogo/autori/NILF15897/frank-lillie-pollock/"
"NILF22713";"Pollock, Sam";"http://www.fantascienza.com/catalogo/autori/NILF22713/sam-pollock/"
"NILF26277";"Polo, Toni";"http://www.fantascienza.com/catalogo/autori/NILF26277/toni-polo/"
"NILF21946";"Poloni, Luigino";"http://www.fantascienza.com/catalogo/autori/NILF21946/luigino-poloni/"
"NILF14269";"Poloniato, Miriam";"http://www.fantascienza.com/catalogo/autori/NILF14269/miriam-poloniato/"
"NILF14270";"Polski, Burt";"http://www.fantascienza.com/catalogo/autori/NILF14270/burt-polski/"
"NILF17716";"Poluzzi, Fabrizia";"http://www.fantascienza.com/catalogo/autori/NILF17716/fabrizia-poluzzi/"
"NILF19752";"Polverini, Lucia";"http://www.fantascienza.com/catalogo/autori/NILF19752/lucia-polverini/"
"NILF15896";"Pomerantz, Earl";"http://www.fantascienza.com/catalogo/autori/NILF15896/earl-pomerantz/"
"NILF19059";"Pomilio, Annalisa";"http://www.fantascienza.com/catalogo/autori/NILF19059/annalisa-pomilio/"
"NILF19500";"Pomilio, Simone";"http://www.fantascienza.com/catalogo/autori/NILF19500/simone-pomilio/"
"NILF16565";"Pomilio, Tommaso";"http://www.fantascienza.com/catalogo/autori/NILF16565/tommaso-pomilio/"
"NILF14271";"Pomponio, Francesco";"http://www.fantascienza.com/catalogo/autori/NILF14271/francesco-pomponio/"
"NILF26035";"Pongenubi, Silvia";"http://www.fantascienza.com/catalogo/autori/NILF26035/silvia-pongenubi/"
"NILF22470";"Ponshon, Dennis S.";"http://www.fantascienza.com/catalogo/autori/NILF22470/dennis-s-ponshon/"
"NILF20677";"Ponte, Maurice";"http://www.fantascienza.com/catalogo/autori/NILF20677/maurice-ponte/"
"NILF26694";"Pontelli, Fabio";"http://www.fantascienza.com/catalogo/autori/NILF26694/fabio-pontelli/"
"NILF25485";"Ponticiello, Roberta";"http://www.fantascienza.com/catalogo/autori/NILF25485/roberta-ponticiello/"
"NILF21127";"Pontiggia, Giuseppe";"http://www.fantascienza.com/catalogo/autori/NILF21127/giuseppe-pontiggia/"
"NILF24208";"Pontremoli, Giuseppe";"http://www.fantascienza.com/catalogo/autori/NILF24208/giuseppe-pontremoli/"
"NILF25793";"Ponzio, Augusto";"http://www.fantascienza.com/catalogo/autori/NILF25793/augusto-ponzio/"
"NILF14272";"Ponzo, Agostino";"http://www.fantascienza.com/catalogo/autori/NILF14272/agostino-ponzo/"
"NILF24625";"Poole, Gordon";"http://www.fantascienza.com/catalogo/autori/NILF24625/gordon-poole/"
"NILF18893";"Poole, Josephine";"http://www.fantascienza.com/catalogo/autori/NILF18893/josephine-poole/"
"NILF14273";"Popescu, Cristian T.";"http://www.fantascienza.com/catalogo/autori/NILF14273/cristian-t-popescu/"
"NILF17638";"Popescu, Petru";"http://www.fantascienza.com/catalogo/autori/NILF17638/petru-popescu/"
"NILF14274";"Popkes, Steven";"http://www.fantascienza.com/catalogo/autori/NILF14274/steven-popkes/"
"NILF21507";"Popov, Evgenij";"http://www.fantascienza.com/catalogo/autori/NILF21507/evgenij-popov/"
"NILF23783";"Poppi, Enrico";"http://www.fantascienza.com/catalogo/autori/NILF23783/enrico-poppi/"
"NILF14275";"Porath, Ellen";"http://www.fantascienza.com/catalogo/autori/NILF14275/ellen-porath/"
"NILF22863";"Porcelli, Francesco Paolo";"http://www.fantascienza.com/catalogo/autori/NILF22863/francesco-paolo-porcelli/"
"NILF14277";"Porges, Arthur";"http://www.fantascienza.com/catalogo/autori/NILF14277/arthur-porges/"
"NILF25984";"Poropat, Matteo";"http://www.fantascienza.com/catalogo/autori/NILF25984/matteo-poropat/"
"NILF16655";"Porta, Fernando";"http://www.fantascienza.com/catalogo/autori/NILF16655/fernando-porta/"
"NILF16731";"Porta, Nicoletta Della Casa";"http://www.fantascienza.com/catalogo/autori/NILF16731/nicoletta-della-casa-porta/"
"NILF16085";"Portalupi, Mario";"http://www.fantascienza.com/catalogo/autori/NILF16085/mario-portalupi/"
"NILF14278";"Porte, Jean";"http://www.fantascienza.com/catalogo/autori/NILF14278/jean-porte/"
"NILF14279";"Portelli, Alessandro";"http://www.fantascienza.com/catalogo/autori/NILF14279/alessandro-portelli/"
"NILF20780";"Porter, Barbara N.";"http://www.fantascienza.com/catalogo/autori/NILF20780/barbara-n-porter/"
"NILF22716";"Porter, W.";"http://www.fantascienza.com/catalogo/autori/NILF22716/w-porter/"
"NILF14281";"Portinari, Folco";"http://www.fantascienza.com/catalogo/autori/NILF14281/folco-portinari/"
"NILF16552";"Porzio, Domenico";"http://www.fantascienza.com/catalogo/autori/NILF16552/domenico-porzio/"
"NILF21509";"Possamai, Donatella";"http://www.fantascienza.com/catalogo/autori/NILF21509/donatella-possamai/"
"NILF16839";"Possony, Stefan T.";"http://www.fantascienza.com/catalogo/autori/NILF16839/stefan-t-possony/"
"NILF14282";"Potocki, Jan";"http://www.fantascienza.com/catalogo/autori/NILF14282/jan-potocki/"
"NILF25111";"Potter, Ellen";"http://www.fantascienza.com/catalogo/autori/NILF25111/ellen-potter/"
"NILF18071";"Pottinger, Stanley";"http://www.fantascienza.com/catalogo/autori/NILF18071/stanley-pottinger/"
"NILF18855";"Pouget, Fernando";"http://www.fantascienza.com/catalogo/autori/NILF18855/fernando-pouget/"
"NILF19668";"Poukhov, Michail";"http://www.fantascienza.com/catalogo/autori/NILF19668/michail-poukhov/"
"NILF14284";"Pouns, Brauna E.";"http://www.fantascienza.com/catalogo/autori/NILF14284/brauna-e-pouns/"
"NILF14285";"Pournelle, Jerry";"http://www.fantascienza.com/catalogo/autori/NILF14285/jerry-pournelle/"
"NILF19612";"Powell, Frank";"http://www.fantascienza.com/catalogo/autori/NILF19612/frank-powell/"
"NILF14286";"Powell, James";"http://www.fantascienza.com/catalogo/autori/NILF14286/james-powell/"
"NILF25578";"Powell, Sophie";"http://www.fantascienza.com/catalogo/autori/NILF25578/sophie-powell/"
"NILF14287";"Powell, Talmage";"http://www.fantascienza.com/catalogo/autori/NILF14287/talmage-powell/"
"NILF18055";"Power, Chris";"http://www.fantascienza.com/catalogo/autori/NILF18055/chris-power/"
"NILF22541";"Powers, Richard";"http://www.fantascienza.com/catalogo/autori/NILF22541/richard-powers/"
"NILF14289";"Powers, Tim";"http://www.fantascienza.com/catalogo/autori/NILF14289/tim-powers/"
"NILF24148";"Powys, Theodore F.";"http://www.fantascienza.com/catalogo/autori/NILF24148/theodore-f-powys/"
"NILF19756";"Pozzati, Vittorio";"http://www.fantascienza.com/catalogo/autori/NILF19756/vittorio-pozzati/"
"NILF16333";"Pozzi, Piergiorgio";"http://www.fantascienza.com/catalogo/autori/NILF16333/piergiorgio-pozzi/"
"NILF16880";"Pozzo, Felice";"http://www.fantascienza.com/catalogo/autori/NILF16880/felice-pozzo/"
"NILF14290";"Pra, Raul";"http://www.fantascienza.com/catalogo/autori/NILF14290/raul-pra/"
"NILF16145";"Prada, Costanza";"http://www.fantascienza.com/catalogo/autori/NILF16145/costanza-prada/"
"NILF14291";"Praderio, Roberto";"http://www.fantascienza.com/catalogo/autori/NILF14291/roberto-praderio/"
"NILF14292";"Praga, Emilio";"http://www.fantascienza.com/catalogo/autori/NILF14292/emilio-praga/"
"NILF14293";"Pragnell, Festus";"http://www.fantascienza.com/catalogo/autori/NILF14293/festus-pragnell/"
"NILF25057";"Pramauro, Erica Maria";"http://www.fantascienza.com/catalogo/autori/NILF25057/erica-maria-pramauro/"
"NILF14294";"Prandi, Eugenio";"http://www.fantascienza.com/catalogo/autori/NILF14294/eugenio-prandi/"
"NILF14295";"Prandin, Ivo";"http://www.fantascienza.com/catalogo/autori/NILF14295/ivo-prandin/"
"NILF16934";"Prantera, Amanda";"http://www.fantascienza.com/catalogo/autori/NILF16934/amanda-prantera/"
"NILF14296";"Prassi, Giampiero";"http://www.fantascienza.com/catalogo/autori/NILF14296/giampiero-prassi/"
"NILF14297";"Pratchett, Terry";"http://www.fantascienza.com/catalogo/autori/NILF14297/terry-pratchett/"
"NILF16810";"Pratesi, Fulco";"http://www.fantascienza.com/catalogo/autori/NILF16810/fulco-pratesi/"
"NILF14299";"Pratt, Fletcher";"http://www.fantascienza.com/catalogo/autori/NILF14299/fletcher-pratt/"
"NILF22372";"Pratt, Tim";"http://www.fantascienza.com/catalogo/autori/NILF22372/tim-pratt/"
"NILF16574";"Prayer, Mario";"http://www.fantascienza.com/catalogo/autori/NILF16574/mario-prayer/"
"NILF16516";"Praz, Mario";"http://www.fantascienza.com/catalogo/autori/NILF16516/mario-praz/"
"NILF14300";"Preiss, Byron";"http://www.fantascienza.com/catalogo/autori/NILF14300/byron-preiss/"
"NILF22898";"Prella, Bernardino";"http://www.fantascienza.com/catalogo/autori/NILF22898/bernardino-prella/"
"NILF17848";"Prelutsky, Jack";"http://www.fantascienza.com/catalogo/autori/NILF17848/jack-prelutsky/"
"NILF20548";"Prescott, Michael";"http://www.fantascienza.com/catalogo/autori/NILF20548/michael-prescott/"
"NILF15925";"Prescott, Peter S.";"http://www.fantascienza.com/catalogo/autori/NILF15925/peter-s-prescott/"
"NILF24491";"Pressfield, Steven";"http://www.fantascienza.com/catalogo/autori/NILF24491/steven-pressfield/"
"NILF14301";"Presslie, Robert";"http://www.fantascienza.com/catalogo/autori/NILF14301/robert-presslie/"
"NILF14302";"Prest, Thomas Preskett";"http://www.fantascienza.com/catalogo/autori/NILF14302/thomas-preskett-prest/"
"NILF14303";"Prestigiacomo, Alberto";"http://www.fantascienza.com/catalogo/autori/NILF14303/alberto-prestigiacomo/"
"NILF18435";"Preston, Alan";"http://www.fantascienza.com/catalogo/autori/NILF18435/alan-preston/"
"NILF17663";"Preston, Douglas";"http://www.fantascienza.com/catalogo/autori/NILF17663/douglas-preston/"
"NILF17658";"Preston, Richard";"http://www.fantascienza.com/catalogo/autori/NILF17658/richard-preston/"
"NILF14304";"Prete, Tony";"http://www.fantascienza.com/catalogo/autori/NILF14304/tony-prete/"
"NILF14305";"Preti, Luigi";"http://www.fantascienza.com/catalogo/autori/NILF14305/luigi-preti/"
"NILF14306";"Preuss, Paul";"http://www.fantascienza.com/catalogo/autori/NILF14306/paul-preuss/"
"NILF14307";"Preussler, Otfried";"http://www.fantascienza.com/catalogo/autori/NILF14307/otfried-preussler/"
"NILF25746";"Prévost, Guillaume";"http://www.fantascienza.com/catalogo/autori/NILF25746/guillaume-pr-evost/"
"NILF21756";"Prevot, Gianluca Bianco";"http://www.fantascienza.com/catalogo/autori/NILF21756/gianluca-bianco-prevot/"
"NILF25801";"Prezzavento, Paolo";"http://www.fantascienza.com/catalogo/autori/NILF25801/paolo-prezzavento/"
"NILF20947";"Priarone, Stefano";"http://www.fantascienza.com/catalogo/autori/NILF20947/stefano-priarone/"
"NILF21350";"Price, Anthony";"http://www.fantascienza.com/catalogo/autori/NILF21350/anthony-price/"
"NILF14308";"Price, E. Hoffmann";"http://www.fantascienza.com/catalogo/autori/NILF14308/e-hoffmann-price/"
"NILF17676";"Price, John Allen";"http://www.fantascienza.com/catalogo/autori/NILF17676/john-allen-price/"
"NILF17576";"Price, Robert M.";"http://www.fantascienza.com/catalogo/autori/NILF17576/robert-m-price/"
"NILF17020";"Price, Susan";"http://www.fantascienza.com/catalogo/autori/NILF17020/susan-price/"
"NILF16365";"Price, Vincent";"http://www.fantascienza.com/catalogo/autori/NILF16365/vincent-price/"
"NILF19499";"Prieri, Alberto";"http://www.fantascienza.com/catalogo/autori/NILF19499/alberto-prieri/"
"NILF14312";"Priest, Christopher";"http://www.fantascienza.com/catalogo/autori/NILF14312/christopher-priest/"
"NILF14313";"Priestley, J. B.";"http://www.fantascienza.com/catalogo/autori/NILF14313/j-b-priestley/"
"NILF14314";"Prina, Leo R.";"http://www.fantascienza.com/catalogo/autori/NILF14314/leo-r-prina/"
"NILF18056";"Prince, Alison";"http://www.fantascienza.com/catalogo/autori/NILF18056/alison-prince/"
"NILF16413";"Principe, Quirino";"http://www.fantascienza.com/catalogo/autori/NILF16413/quirino-principe/"
"NILF25018";"Principi, Marco";"http://www.fantascienza.com/catalogo/autori/NILF25018/marco-principi/"
"NILF24169";"Principi, Massimo";"http://www.fantascienza.com/catalogo/autori/NILF24169/massimo-principi/"
"NILF19295";"Principi, Valentina";"http://www.fantascienza.com/catalogo/autori/NILF19295/valentina-principi/"
"NILF16177";"Pringle, David";"http://www.fantascienza.com/catalogo/autori/NILF16177/david-pringle/"
"NILF15919";"Prinzhofer, Renato";"http://www.fantascienza.com/catalogo/autori/NILF15919/renato-prinzhofer/"
"NILF14315";"Prioly, Lucien";"http://www.fantascienza.com/catalogo/autori/NILF14315/lucien-prioly/"
"NILF22086";"Prior, Natalie Jane";"http://www.fantascienza.com/catalogo/autori/NILF22086/natalie-jane-prior/"
"NILF26005";"Priora, Alberto";"http://www.fantascienza.com/catalogo/autori/NILF26005/alberto-priora/"
"NILF16491";"Prisco, Michele";"http://www.fantascienza.com/catalogo/autori/NILF16491/michele-prisco/"
"NILF25000";"Prizzon, Jessica";"http://www.fantascienza.com/catalogo/autori/NILF25000/jessica-prizzon/"
"NILF21806";"Probo, Umberto";"http://www.fantascienza.com/catalogo/autori/NILF21806/umberto-probo/"
"NILF22762";"Procopio, Elena Nardini";"http://www.fantascienza.com/catalogo/autori/NILF22762/elena-nardini-procopio/"
"NILF23208";"Procter, Maurice";"http://www.fantascienza.com/catalogo/autori/NILF23208/maurice-procter/"
"NILF14317";"Proctor, Geo W.";"http://www.fantascienza.com/catalogo/autori/NILF14317/geo-w-proctor/"
"NILF14318";"Professor Kappa, ";"http://www.fantascienza.com/catalogo/autori/NILF14318/-professor-kappa/"
"NILF16629";"Proffer, Carl R.";"http://www.fantascienza.com/catalogo/autori/NILF16629/carl-r-proffer/"
"NILF16630";"Proffer, Ellendea";"http://www.fantascienza.com/catalogo/autori/NILF16630/ellendea-proffer/"
"NILF22661";"Proia, Gianluigi";"http://www.fantascienza.com/catalogo/autori/NILF22661/gianluigi-proia/"
"NILF23630";"Proietti, Biagio";"http://www.fantascienza.com/catalogo/autori/NILF23630/biagio-proietti/"
"NILF19306";"Proietti, Salvatore";"http://www.fantascienza.com/catalogo/autori/NILF19306/salvatore-proietti/"
"NILF14319";"Proni, Giampaolo";"http://www.fantascienza.com/catalogo/autori/NILF14319/giampaolo-proni/"
"NILF14320";"Pronzini, Bill";"http://www.fantascienza.com/catalogo/autori/NILF14320/bill-pronzini/"
"NILF18941";"Proserpio, Paolo";"http://www.fantascienza.com/catalogo/autori/NILF18941/paolo-proserpio/"
"NILF17958";"Prosio, Pier Massimo";"http://www.fantascienza.com/catalogo/autori/NILF17958/pier-massimo-prosio/"
"NILF22815";"Prosperi, Mattia";"http://www.fantascienza.com/catalogo/autori/NILF22815/mattia-prosperi/"
"NILF26069";"Prosperi, Pierfrancesco";"http://www.fantascienza.com/catalogo/autori/NILF26069/pierfrancesco-prosperi/"
"NILF14321";"Prosperi, Piero";"http://www.fantascienza.com/catalogo/autori/NILF14321/piero-prosperi/"
"NILF16818";"Protetty, Cesare";"http://www.fantascienza.com/catalogo/autori/NILF16818/cesare-protetty/"
"NILF19748";"Proto, Cristina";"http://www.fantascienza.com/catalogo/autori/NILF19748/cristina-proto/"
"NILF14322";"Prout, Mearle";"http://www.fantascienza.com/catalogo/autori/NILF14322/mearle-prout/"
"NILF23606";"Provaglio, Epaminonda";"http://www.fantascienza.com/catalogo/autori/NILF23606/epaminonda-provaglio/"
"NILF23428";"Prue, Sally";"http://www.fantascienza.com/catalogo/autori/NILF23428/sally-prue/"
"NILF14323";"Ptacek, Kathryn";"http://www.fantascienza.com/catalogo/autori/NILF14323/kathryn-ptacek/"
"NILF14324";"Puca, Mario";"http://www.fantascienza.com/catalogo/autori/NILF14324/mario-puca/"
"NILF17972";"Pucci, Nilo";"http://www.fantascienza.com/catalogo/autori/NILF17972/nilo-pucci/"
"NILF16740";"Puccini, Dario";"http://www.fantascienza.com/catalogo/autori/NILF16740/dario-puccini/"
"NILF14325";"Puccini, Mario";"http://www.fantascienza.com/catalogo/autori/NILF14325/mario-puccini/"
"NILF23376";"Puccio, Alberto Enrico";"http://www.fantascienza.com/catalogo/autori/NILF23376/alberto-enrico-puccio/"
"NILF23387";"Puccio, Francesco";"http://www.fantascienza.com/catalogo/autori/NILF23387/francesco-puccio/"
"NILF14326";"Pudney, John";"http://www.fantascienza.com/catalogo/autori/NILF14326/john-pudney/"
"NILF20510";"Puggioni, Francesco";"http://www.fantascienza.com/catalogo/autori/NILF20510/francesco-puggioni/"
"NILF14327";"Puggioni, Pino";"http://www.fantascienza.com/catalogo/autori/NILF14327/pino-puggioni/"
"NILF25428";"Pugi, Perla";"http://www.fantascienza.com/catalogo/autori/NILF25428/perla-pugi/"
"NILF14328";"Pugliese, Luciana";"http://www.fantascienza.com/catalogo/autori/NILF14328/luciana-pugliese/"
"NILF14329";"Pugmire, W. H.";"http://www.fantascienza.com/catalogo/autori/NILF14329/w-h-pugmire/"
"NILF14330";"Pugni, Paolo";"http://www.fantascienza.com/catalogo/autori/NILF14330/paolo-pugni/"
"NILF14331";"Pukallus, Horst";"http://www.fantascienza.com/catalogo/autori/NILF14331/horst-pukallus/"
"NILF22394";"Puleio, Maria Teresa";"http://www.fantascienza.com/catalogo/autori/NILF22394/maria-teresa-puleio/"
"NILF22996";"Pulgar, Manuel";"http://www.fantascienza.com/catalogo/autori/NILF22996/manuel-pulgar/"
"NILF14332";"Pulley, James";"http://www.fantascienza.com/catalogo/autori/NILF14332/james-pulley/"
"NILF17022";"Pullman, Philip";"http://www.fantascienza.com/catalogo/autori/NILF17022/philip-pullman/"
"NILF16864";"Pulp, ";"http://www.fantascienza.com/catalogo/autori/NILF16864/-pulp/"
"NILF14333";"Pumilia, Joe";"http://www.fantascienza.com/catalogo/autori/NILF14333/joe-pumilia/"
"NILF14334";"Punshon, E. R.";"http://www.fantascienza.com/catalogo/autori/NILF14334/e-r-punshon/"
"NILF26060";"Puntar, Paolo";"http://www.fantascienza.com/catalogo/autori/NILF26060/paolo-puntar/"
"NILF19539";"Punter, David";"http://www.fantascienza.com/catalogo/autori/NILF19539/david-punter/"
"NILF14335";"Punter, Paolo";"http://www.fantascienza.com/catalogo/autori/NILF14335/paolo-punter/"
"NILF23669";"Puntoni, Pietro";"http://www.fantascienza.com/catalogo/autori/NILF23669/pietro-puntoni/"
"NILF16684";"Punzo, Luigi";"http://www.fantascienza.com/catalogo/autori/NILF16684/luigi-punzo/"
"NILF14336";"Punzo, Maria";"http://www.fantascienza.com/catalogo/autori/NILF14336/maria-punzo/"
"NILF14337";"Purdom, Tom";"http://www.fantascienza.com/catalogo/autori/NILF14337/tom-purdom/"
"NILF14338";"Purtill, Richard L.";"http://www.fantascienza.com/catalogo/autori/NILF14338/richard-l-purtill/"
"NILF14339";"Pusch, Harald";"http://www.fantascienza.com/catalogo/autori/NILF14339/harald-pusch/"
"NILF19249";"Pusinich, Guido";"http://www.fantascienza.com/catalogo/autori/NILF19249/guido-pusinich/"
"NILF14340";"Puskin, Aleksandr S.";"http://www.fantascienza.com/catalogo/autori/NILF14340/aleksandr-s-puskin/"
"NILF25627";"Putignano, Aldo";"http://www.fantascienza.com/catalogo/autori/NILF25627/aldo-putignano/"
"NILF14341";"Puzo, Mario";"http://www.fantascienza.com/catalogo/autori/NILF14341/mario-puzo/"
"NILF17526";"Pyle, Howard";"http://www.fantascienza.com/catalogo/autori/NILF17526/howard-pyle/"
"NILF14342";"Pynchon, Thomas";"http://www.fantascienza.com/catalogo/autori/NILF14342/thomas-pynchon/"
"NILF25641";"Pyper, Andrew";"http://www.fantascienza.com/catalogo/autori/NILF25641/andrew-pyper/"
