"NILF26426";"R, ";"http://www.fantascienza.com/catalogo/autori/NILF26426/-r/"
"NILF19242";"R., G.";"http://www.fantascienza.com/catalogo/autori/NILF19242/g-r/"
"NILF21196";"Rä, Bö Yin";"http://www.fantascienza.com/catalogo/autori/NILF21196/bo-yin-ra/"
"NILF14360";"Raabe, Juliette";"http://www.fantascienza.com/catalogo/autori/NILF14360/juliette-raabe/"
"NILF20779";"Rabb, Theodore K.";"http://www.fantascienza.com/catalogo/autori/NILF20779/theodore-k-rabb/"
"NILF20450";"Rabbeno, Girgio";"http://www.fantascienza.com/catalogo/autori/NILF20450/girgio-rabbeno/"
"NILF19353";"Rabe, Jean";"http://www.fantascienza.com/catalogo/autori/NILF19353/jean-rabe/"
"NILF14361";"Rabelais, François";"http://www.fantascienza.com/catalogo/autori/NILF14361/francois-rabelais/"
"NILF20998";"Rabisch, Birgit";"http://www.fantascienza.com/catalogo/autori/NILF20998/birgit-rabisch/"
"NILF20362";"Rabkin, E. S.";"http://www.fantascienza.com/catalogo/autori/NILF20362/e-s-rabkin/"
"NILF19712";"Rabolú, V. M.";"http://www.fantascienza.com/catalogo/autori/NILF19712/v-m-rabol-u/"
"NILF26300";"Raby, Lucy Daniel";"http://www.fantascienza.com/catalogo/autori/NILF26300/lucy-daniel-raby/"
"NILF21006";"Racca, Emiliano F.";"http://www.fantascienza.com/catalogo/autori/NILF21006/emiliano-f-racca/"
"NILF14362";"Rackham, John";"http://www.fantascienza.com/catalogo/autori/NILF14362/john-rackham/"
"NILF14363";"Racter, ";"http://www.fantascienza.com/catalogo/autori/NILF14363/-racter/"
"NILF14364";"Radaelli, Luciano";"http://www.fantascienza.com/catalogo/autori/NILF14364/luciano-radaelli/"
"NILF14365";"Radcliffe, Ann";"http://www.fantascienza.com/catalogo/autori/NILF14365/ann-radcliffe/"
"NILF14366";"Rademaker, Henry";"http://www.fantascienza.com/catalogo/autori/NILF14366/henry-rademaker/"
"NILF14367";"Radi, Laura";"http://www.fantascienza.com/catalogo/autori/NILF14367/laura-radi/"
"NILF17937";"Radice, Lucio Lombardo";"http://www.fantascienza.com/catalogo/autori/NILF17937/lucio-lombardo-radice/"
"NILF19228";"Radina, Roberto";"http://www.fantascienza.com/catalogo/autori/NILF19228/roberto-radina/"
"NILF16608";"Radrizzani, René";"http://www.fantascienza.com/catalogo/autori/NILF16608/ren-e-radrizzani/"
"NILF18573";"Radziwill, Catherine";"http://www.fantascienza.com/catalogo/autori/NILF18573/catherine-radziwill/"
"NILF20261";"Raff, David";"http://www.fantascienza.com/catalogo/autori/NILF20261/david-raff/"
"NILF26253";"Raffaelli, Giorgio";"http://www.fantascienza.com/catalogo/autori/NILF26253/giorgio-raffaelli/"
"NILF22333";"Raffaelli, Luca";"http://www.fantascienza.com/catalogo/autori/NILF22333/luca-raffaelli/"
"NILF24303";"Raffaglio, Mariangela";"http://www.fantascienza.com/catalogo/autori/NILF24303/mariangela-raffaglio/"
"NILF18381";"Rafferty, S. S.";"http://www.fantascienza.com/catalogo/autori/NILF18381/s-s-rafferty/"
"NILF16262";"Raffi, Mario";"http://www.fantascienza.com/catalogo/autori/NILF16262/mario-raffi/"
"NILF14368";"Ragazzi, Niva";"http://www.fantascienza.com/catalogo/autori/NILF14368/niva-ragazzi/"
"NILF14369";"Rager, Edward";"http://www.fantascienza.com/catalogo/autori/NILF14369/edward-rager/"
"NILF25061";"Ragionieri, Massimo";"http://www.fantascienza.com/catalogo/autori/NILF25061/massimo-ragionieri/"
"NILF20493";"Ragno, Paola";"http://www.fantascienza.com/catalogo/autori/NILF20493/paola-ragno/"
"NILF14370";"Ragone, Eugenio";"http://www.fantascienza.com/catalogo/autori/NILF14370/eugenio-ragone/"
"NILF21202";"Ragusa, Angela";"http://www.fantascienza.com/catalogo/autori/NILF21202/angela-ragusa/"
"NILF14371";"Ragusa-Moleti, Girolamo";"http://www.fantascienza.com/catalogo/autori/NILF14371/girolamo-ragusa-moleti/"
"NILF25648";"Raguseo, Alessia";"http://www.fantascienza.com/catalogo/autori/NILF25648/alessia-raguseo/"
"NILF19104";"Raguzzino, Andrea";"http://www.fantascienza.com/catalogo/autori/NILF19104/andrea-raguzzino/"
"NILF26756";"Rai, Giampaolo";"http://www.fantascienza.com/catalogo/autori/NILF26756/giampaolo-rai/"
"NILF14372";"Raimondini, Giovanni";"http://www.fantascienza.com/catalogo/autori/NILF14372/giovanni-raimondini/"
"NILF22639";"Raina, Alessandro";"http://www.fantascienza.com/catalogo/autori/NILF22639/alessandro-raina/"
"NILF17955";"Rainey, Stephen M.";"http://www.fantascienza.com/catalogo/autori/NILF17955/stephen-m-rainey/"
"NILF16710";"Rainger, Ronald";"http://www.fantascienza.com/catalogo/autori/NILF16710/ronald-rainger/"
"NILF17992";"Raio, Giulio";"http://www.fantascienza.com/catalogo/autori/NILF17992/giulio-raio/"
"NILF14377";"Raiola, Giulio";"http://www.fantascienza.com/catalogo/autori/NILF14377/giulio-raiola/"
"NILF14379";"Raiteri, Paolo";"http://www.fantascienza.com/catalogo/autori/NILF14379/paolo-raiteri/"
"NILF26573";"Rajaniemi, Hannu";"http://www.fantascienza.com/catalogo/autori/NILF26573/hannu-rajaniemi/"
"NILF14380";"Ralston, Gilbert A.";"http://www.fantascienza.com/catalogo/autori/NILF14380/gilbert-a-ralston/"
"NILF26687";"Rama, Monica";"http://www.fantascienza.com/catalogo/autori/NILF26687/monica-rama/"
"NILF18787";"Ramadori, Marco";"http://www.fantascienza.com/catalogo/autori/NILF18787/marco-ramadori/"
"NILF25679";"Ramadoro, Lorenzo";"http://www.fantascienza.com/catalogo/autori/NILF25679/lorenzo-ramadoro/"
"NILF20343";"Rambaldi, Carlo";"http://www.fantascienza.com/catalogo/autori/NILF20343/carlo-rambaldi/"
"NILF21587";"Rambaldi, Victor";"http://www.fantascienza.com/catalogo/autori/NILF21587/victor-rambaldi/"
"NILF14381";"Rambeau, Katherine";"http://www.fantascienza.com/catalogo/autori/NILF14381/katherine-rambeau/"
"NILF14382";"Rambelli, Roberta";"http://www.fantascienza.com/catalogo/autori/NILF14382/roberta-rambelli/"
"NILF21792";"Ramella, Amilcare";"http://www.fantascienza.com/catalogo/autori/NILF21792/amilcare-ramella/"
"NILF24819";"Ramella, Daniele";"http://www.fantascienza.com/catalogo/autori/NILF24819/daniele-ramella/"
"NILF21069";"Ramiers, Ivan François";"http://www.fantascienza.com/catalogo/autori/NILF21069/ivan-francois-ramiers/"
"NILF21760";"Ramirez, Danilo";"http://www.fantascienza.com/catalogo/autori/NILF21760/danilo-ramirez/"
"NILF23696";"Ramond, Michèle";"http://www.fantascienza.com/catalogo/autori/NILF23696/michele-ramond/"
"NILF24509";"Ramosino, Luisa Cotta";"http://www.fantascienza.com/catalogo/autori/NILF24509/luisa-cotta-ramosino/"
"NILF18185";"Ramperti, Marco";"http://www.fantascienza.com/catalogo/autori/NILF18185/marco-ramperti/"
"NILF14384";"Rampini, Mariano";"http://www.fantascienza.com/catalogo/autori/NILF14384/mariano-rampini/"
"NILF14385";"Rampo, Edogawa";"http://www.fantascienza.com/catalogo/autori/NILF14385/edogawa-rampo/"
"NILF26382";"Ramponi, Federica";"http://www.fantascienza.com/catalogo/autori/NILF26382/federica-ramponi/"
"NILF14386";"Ramsland, Katherine";"http://www.fantascienza.com/catalogo/autori/NILF14386/katherine-ramsland/"
"NILF14387";"Rand, Ayn";"http://www.fantascienza.com/catalogo/autori/NILF14387/ayn-rand/"
"NILF14388";"Randa, Luigi";"http://www.fantascienza.com/catalogo/autori/NILF14388/luigi-randa/"
"NILF14389";"Randa, Peter";"http://www.fantascienza.com/catalogo/autori/NILF14389/peter-randa/"
"NILF25123";"Randall, Cecilia";"http://www.fantascienza.com/catalogo/autori/NILF25123/cecilia-randall/"
"NILF26279";"Randazzo, Luca";"http://www.fantascienza.com/catalogo/autori/NILF26279/luca-randazzo/"
"NILF14393";"Randisi, Robert J.";"http://www.fantascienza.com/catalogo/autori/NILF14393/robert-j-randisi/"
"NILF14394";"Rangoni, Laura";"http://www.fantascienza.com/catalogo/autori/NILF14394/laura-rangoni/"
"NILF16080";"Ranieri, Tino";"http://www.fantascienza.com/catalogo/autori/NILF16080/tino-ranieri/"
"NILF14395";"Ranieri, Ugoccione";"http://www.fantascienza.com/catalogo/autori/NILF14395/ugoccione-ranieri/"
"NILF22320";"Rankin, Anna";"http://www.fantascienza.com/catalogo/autori/NILF22320/anna-rankin/"
"NILF14396";"Ransom, Bill";"http://www.fantascienza.com/catalogo/autori/NILF14396/bill-ransom/"
"NILF14397";"Ranucci, Marco";"http://www.fantascienza.com/catalogo/autori/NILF14397/marco-ranucci/"
"NILF26721";"Ranz, Nanny";"http://www.fantascienza.com/catalogo/autori/NILF26721/nanny-ranz/"
"NILF14398";"Rao, Sridhar B.";"http://www.fantascienza.com/catalogo/autori/NILF14398/sridhar-b-rao/"
"NILF14399";"Rapagnetta, Silvano";"http://www.fantascienza.com/catalogo/autori/NILF14399/silvano-rapagnetta/"
"NILF14400";"Raphael, Rick";"http://www.fantascienza.com/catalogo/autori/NILF14400/rick-raphael/"
"NILF21982";"Rapparini, Ruggero";"http://www.fantascienza.com/catalogo/autori/NILF21982/ruggero-rapparini/"
"NILF22252";"Rasetti, Carlos Pérez";"http://www.fantascienza.com/catalogo/autori/NILF22252/carlos-p-erez-rasetti/"
"NILF20344";"Rasetti, Mario";"http://www.fantascienza.com/catalogo/autori/NILF20344/mario-rasetti/"
"NILF18237";"Raspail, Jean";"http://www.fantascienza.com/catalogo/autori/NILF18237/jean-raspail/"
"NILF16361";"Raspe, Rudolph Erich";"http://www.fantascienza.com/catalogo/autori/NILF16361/rudolph-erich-raspe/"
"NILF23670";"Raspini, Corrado";"http://www.fantascienza.com/catalogo/autori/NILF23670/corrado-raspini/"
"NILF14403";"Rath, Tina";"http://www.fantascienza.com/catalogo/autori/NILF14403/tina-rath/"
"NILF26235";"Ratiglia, Tommaso";"http://www.fantascienza.com/catalogo/autori/NILF26235/tommaso-ratiglia/"
"NILF17601";"Ratti, Claudia";"http://www.fantascienza.com/catalogo/autori/NILF17601/claudia-ratti/"
"NILF22001";"Ratti, Mario";"http://www.fantascienza.com/catalogo/autori/NILF22001/mario-ratti/"
"NILF14404";"Rauch, Constance";"http://www.fantascienza.com/catalogo/autori/NILF14404/constance-rauch/"
"NILF26657";"Raule, Susanna";"http://www.fantascienza.com/catalogo/autori/NILF26657/susanna-raule/"
"NILF18860";"Ravazzi, Miranda Marcassa";"http://www.fantascienza.com/catalogo/autori/NILF18860/miranda-marcassa-ravazzi/"
"NILF24487";"Raveau, Patrick";"http://www.fantascienza.com/catalogo/autori/NILF24487/patrick-raveau/"
"NILF19360";"Ravello, Francesco";"http://www.fantascienza.com/catalogo/autori/NILF19360/francesco-ravello/"
"NILF14405";"Raven, Simon";"http://www.fantascienza.com/catalogo/autori/NILF14405/simon-raven/"
"NILF21700";"Ravenwolf, Silver";"http://www.fantascienza.com/catalogo/autori/NILF21700/silver-ravenwolf/"
"NILF21071";"Ravignant, Patrik";"http://www.fantascienza.com/catalogo/autori/NILF21071/patrik-ravignant/"
"NILF17729";"Rawley, William";"http://www.fantascienza.com/catalogo/autori/NILF17729/william-rawley/"
"NILF14407";"Rawn, Melanie";"http://www.fantascienza.com/catalogo/autori/NILF14407/melanie-rawn/"
"NILF20545";"Rawson, Clayton";"http://www.fantascienza.com/catalogo/autori/NILF20545/clayton-rawson/"
"NILF14408";"Ray, Jean";"http://www.fantascienza.com/catalogo/autori/NILF14408/jean-ray/"
"NILF14409";"Ray, Robert";"http://www.fantascienza.com/catalogo/autori/NILF14409/robert-ray/"
"NILF22635";"Ray, Satyajit";"http://www.fantascienza.com/catalogo/autori/NILF22635/satyajit-ray/"
"NILF17649";"Rayban, Chloë";"http://www.fantascienza.com/catalogo/autori/NILF17649/chloe-rayban/"
"NILF14410";"Rayer, Francis G.";"http://www.fantascienza.com/catalogo/autori/NILF14410/francis-g-rayer/"
"NILF14411";"Rayjean, Max-André";"http://www.fantascienza.com/catalogo/autori/NILF14411/max-andr-e-rayjean/"
"NILF23401";"Raymond, Paola";"http://www.fantascienza.com/catalogo/autori/NILF23401/paola-raymond/"
"NILF24122";"Raynov, Nikolaj";"http://www.fantascienza.com/catalogo/autori/NILF24122/nikolaj-raynov/"
"NILF22221";"Razzi, Jim";"http://www.fantascienza.com/catalogo/autori/NILF22221/jim-razzi/"
"NILF16670";"Razzini, Vieri";"http://www.fantascienza.com/catalogo/autori/NILF16670/vieri-razzini/"
"NILF26244";"Re, Riccardo";"http://www.fantascienza.com/catalogo/autori/NILF26244/riccardo-re/"
"NILF26690";"Re, Roberto";"http://www.fantascienza.com/catalogo/autori/NILF26690/roberto-re/"
"NILF17970";"Rea, Domenico";"http://www.fantascienza.com/catalogo/autori/NILF17970/domenico-rea/"
"NILF14412";"Read, Herbert";"http://www.fantascienza.com/catalogo/autori/NILF14412/herbert-read/"
"NILF20256";"Read, Paul";"http://www.fantascienza.com/catalogo/autori/NILF20256/paul-read/"
"NILF25401";"Reale, Giuseppe";"http://www.fantascienza.com/catalogo/autori/NILF25401/giuseppe-reale/"
"NILF14413";"Reamy, Tom";"http://www.fantascienza.com/catalogo/autori/NILF14413/tom-reamy/"
"NILF21829";"Reardon, Joyce";"http://www.fantascienza.com/catalogo/autori/NILF21829/joyce-reardon/"
"NILF25242";"Reavers, Dorian";"http://www.fantascienza.com/catalogo/autori/NILF25242/dorian-reavers/"
"NILF14414";"Reaves, J. Michael";"http://www.fantascienza.com/catalogo/autori/NILF14414/j-michael-reaves/"
"NILF25008";"Rebecchi, Eugenio";"http://www.fantascienza.com/catalogo/autori/NILF25008/eugenio-rebecchi/"
"NILF14415";"Rebetez-Cortes, René";"http://www.fantascienza.com/catalogo/autori/NILF14415/ren-e-rebetez-cortes/"
"NILF26206";"Rebuffo, Francesco";"http://www.fantascienza.com/catalogo/autori/NILF26206/francesco-rebuffo/"
"NILF17815";"Rebuzzi, Alcide";"http://www.fantascienza.com/catalogo/autori/NILF17815/alcide-rebuzzi/"
"NILF25139";"Reddavide, Gianluca";"http://www.fantascienza.com/catalogo/autori/NILF25139/gianluca-reddavide/"
"NILF14417";"Redfield, James";"http://www.fantascienza.com/catalogo/autori/NILF14417/james-redfield/"
"NILF19321";"Redi, Claudio";"http://www.fantascienza.com/catalogo/autori/NILF19321/claudio-redi/"
"NILF16807";"Redi, Francesco";"http://www.fantascienza.com/catalogo/autori/NILF16807/francesco-redi/"
"NILF21141";"Redigolo, Giampaolo";"http://www.fantascienza.com/catalogo/autori/NILF21141/giampaolo-redigolo/"
"NILF19101";"Redivo, Fabiana";"http://www.fantascienza.com/catalogo/autori/NILF19101/fabiana-redivo/"
"NILF14418";"Redman, Ben Ray";"http://www.fantascienza.com/catalogo/autori/NILF14418/ben-ray-redman/"
"NILF23311";"Redmond, Patrick";"http://www.fantascienza.com/catalogo/autori/NILF23311/patrick-redmond/"
"NILF23296";"Reed, A. W.";"http://www.fantascienza.com/catalogo/autori/NILF23296/a-w-reed/"
"NILF14419";"Reed, David";"http://www.fantascienza.com/catalogo/autori/NILF14419/david-reed/"
"NILF14420";"Reed, Ishmael";"http://www.fantascienza.com/catalogo/autori/NILF14420/ishmael-reed/"
"NILF14421";"Reed, Kit";"http://www.fantascienza.com/catalogo/autori/NILF14421/kit-reed/"
"NILF14423";"Reed, Robert";"http://www.fantascienza.com/catalogo/autori/NILF14423/robert-reed/"
"NILF24780";"Rees, Celia";"http://www.fantascienza.com/catalogo/autori/NILF24780/celia-rees/"
"NILF14424";"Reese, John";"http://www.fantascienza.com/catalogo/autori/NILF14424/john-reese/"
"NILF26482";"Reesman, Jeanne Campbell";"http://www.fantascienza.com/catalogo/autori/NILF26482/jeanne-campbell-reesman/"
"NILF20680";"Reeve, F. D.";"http://www.fantascienza.com/catalogo/autori/NILF20680/f-d-reeve/"
"NILF23004";"Reeve, Philip";"http://www.fantascienza.com/catalogo/autori/NILF23004/philip-reeve/"
"NILF14425";"Reeves-Stevens, Garfield";"http://www.fantascienza.com/catalogo/autori/NILF14425/garfield-reeves-stevens/"
"NILF16163";"Reeves-Stevens, Judith";"http://www.fantascienza.com/catalogo/autori/NILF16163/judith-reeves-stevens/"
"NILF23221";"Regazzoni, Susanna";"http://www.fantascienza.com/catalogo/autori/NILF23221/susanna-regazzoni/"
"NILF18833";"Regge, Tullio";"http://www.fantascienza.com/catalogo/autori/NILF18833/tullio-regge/"
"NILF14427";"Reggiani, Renée";"http://www.fantascienza.com/catalogo/autori/NILF14427/ren-ee-reggiani/"
"NILF14426";"Reggiani, Roberto";"http://www.fantascienza.com/catalogo/autori/NILF14426/roberto-reggiani/"
"NILF24785";"Reggiani, Stefano";"http://www.fantascienza.com/catalogo/autori/NILF24785/stefano-reggiani/"
"NILF19145";"Reginato, Adriana";"http://www.fantascienza.com/catalogo/autori/NILF19145/adriana-reginato/"
"NILF19361";"Reginato, Franco";"http://www.fantascienza.com/catalogo/autori/NILF19361/franco-reginato/"
"NILF21099";"Regna, Teresa";"http://www.fantascienza.com/catalogo/autori/NILF21099/teresa-regna/"
"NILF22467";"Reich, Ebbe Kløvedal";"http://www.fantascienza.com/catalogo/autori/NILF22467/ebbe-klovedal-reich/"
"NILF14428";"Reichert, Mickey Zucker";"http://www.fantascienza.com/catalogo/autori/NILF14428/mickey-zucker-reichert/"
"NILF23263";"Reid, Thomas M.";"http://www.fantascienza.com/catalogo/autori/NILF23263/thomas-m-reid/"
"NILF21109";"Reilly, Matthew";"http://www.fantascienza.com/catalogo/autori/NILF21109/matthew-reilly/"
"NILF14429";"Reim, Riccardo";"http://www.fantascienza.com/catalogo/autori/NILF14429/riccardo-reim/"
"NILF14430";"Rein, Harold";"http://www.fantascienza.com/catalogo/autori/NILF14430/harold-rein/"
"NILF17468";"Reinstadler, Dietrich";"http://www.fantascienza.com/catalogo/autori/NILF17468/dietrich-reinstadler/"
"NILF15899";"Reisoli, Gustavo";"http://www.fantascienza.com/catalogo/autori/NILF15899/gustavo-reisoli/"
"NILF14433";"Relling, William jr.";"http://www.fantascienza.com/catalogo/autori/NILF14433/william-jr-relling/"
"NILF21421";"Remi-Maure, ";"http://www.fantascienza.com/catalogo/autori/NILF21421/-remi-maure/"
"NILF14434";"Remizov, Aleksej Michailovič";"http://www.fantascienza.com/catalogo/autori/NILF14434/aleksej-michailovic-remizov/"
"NILF22919";"Renaldini, Massimo";"http://www.fantascienza.com/catalogo/autori/NILF22919/massimo-renaldini/"
"NILF22452";"Renard, Albert-Jean";"http://www.fantascienza.com/catalogo/autori/NILF22452/albert-jean-renard/"
"NILF14435";"Renard, Chris";"http://www.fantascienza.com/catalogo/autori/NILF14435/chris-renard/"
"NILF14436";"Renard, Maurice";"http://www.fantascienza.com/catalogo/autori/NILF14436/maurice-renard/"
"NILF14437";"Renault, Mary";"http://www.fantascienza.com/catalogo/autori/NILF14437/mary-renault/"
"NILF14438";"Rendell, Ruth";"http://www.fantascienza.com/catalogo/autori/NILF14438/ruth-rendell/"
"NILF14439";"Rendina, Massimo";"http://www.fantascienza.com/catalogo/autori/NILF14439/massimo-rendina/"
"NILF25790";"Reni, Rinaldo";"http://www.fantascienza.com/catalogo/autori/NILF25790/rinaldo-reni/"
"NILF16797";"Renna, Claudia";"http://www.fantascienza.com/catalogo/autori/NILF16797/claudia-renna/"
"NILF26463";"Renshaw, F. Stanley";"http://www.fantascienza.com/catalogo/autori/NILF26463/f-stanley-renshaw/"
"NILF22618";"Renzini, Michele";"http://www.fantascienza.com/catalogo/autori/NILF22618/michele-renzini/"
"NILF14440";"Repaci, Leonida";"http://www.fantascienza.com/catalogo/autori/NILF14440/leonida-repaci/"
"NILF18881";"Repetti, Paolo";"http://www.fantascienza.com/catalogo/autori/NILF18881/paolo-repetti/"
"NILF21793";"Repetto, Giovanni Battista";"http://www.fantascienza.com/catalogo/autori/NILF21793/giovanni-battista-repetto/"
"NILF21472";"Repetto, Paola";"http://www.fantascienza.com/catalogo/autori/NILF21472/paola-repetto/"
"NILF14441";"Repp, Ed Earl";"http://www.fantascienza.com/catalogo/autori/NILF14441/ed-earl-repp/"
"NILF23725";"Resch, Raffaella";"http://www.fantascienza.com/catalogo/autori/NILF23725/raffaella-resch/"
"NILF14442";"Resnick, Laura";"http://www.fantascienza.com/catalogo/autori/NILF14442/laura-resnick/"
"NILF14443";"Resnick, Mike";"http://www.fantascienza.com/catalogo/autori/NILF14443/mike-resnick/"
"NILF24554";"Resnick, Salomon";"http://www.fantascienza.com/catalogo/autori/NILF24554/salomon-resnick/"
"NILF22675";"Resnicow, Herbert";"http://www.fantascienza.com/catalogo/autori/NILF22675/herbert-resnicow/"
"NILF23692";"Resnik, Salomon";"http://www.fantascienza.com/catalogo/autori/NILF23692/salomon-resnik/"
"NILF23126";"Respinti, Marco";"http://www.fantascienza.com/catalogo/autori/NILF23126/marco-respinti/"
"NILF23329";"Ressavén, Janis";"http://www.fantascienza.com/catalogo/autori/NILF23329/janis-ressav-en/"
"NILF20363";"Restagno, Fabio";"http://www.fantascienza.com/catalogo/autori/NILF20363/fabio-restagno/"
"NILF24531";"Restelli, Nicola Balossi";"http://www.fantascienza.com/catalogo/autori/NILF24531/nicola-balossi-restelli/"
"NILF23222";"Retzlaff, Hartmut";"http://www.fantascienza.com/catalogo/autori/NILF23222/hartmut-retzlaff/"
"NILF16752";"Reverdini, Niccolò";"http://www.fantascienza.com/catalogo/autori/NILF16752/niccolo-reverdini/"
"NILF25737";"Rey, Andrew";"http://www.fantascienza.com/catalogo/autori/NILF25737/andrew-rey/"
"NILF22448";"Rey, Graziano";"http://www.fantascienza.com/catalogo/autori/NILF22448/graziano-rey/"
"NILF21543";"Reyes, Felipe Benítez";"http://www.fantascienza.com/catalogo/autori/NILF21543/felipe-ben-itez-reyes/"
"NILF14448";"Reyes, Raul";"http://www.fantascienza.com/catalogo/autori/NILF14448/raul-reyes/"
"NILF19943";"Reynolds, Alastair";"http://www.fantascienza.com/catalogo/autori/NILF19943/alastair-reynolds/"
"NILF26667";"Reynolds, Anthony";"http://www.fantascienza.com/catalogo/autori/NILF26667/anthony-reynolds/"
"NILF17549";"Reynolds, Baillie";"http://www.fantascienza.com/catalogo/autori/NILF17549/baillie-reynolds/"
"NILF14450";"Reynolds, Mack";"http://www.fantascienza.com/catalogo/autori/NILF14450/mack-reynolds/"
"NILF23523";"Reynolds, Pat";"http://www.fantascienza.com/catalogo/autori/NILF23523/pat-reynolds/"
"NILF14451";"Reynolds, Ted";"http://www.fantascienza.com/catalogo/autori/NILF14451/ted-reynolds/"
"NILF14452";"Rezoagli, Gian Piero";"http://www.fantascienza.com/catalogo/autori/NILF14452/gian-piero-rezoagli/"
"NILF14453";"Rhinehart, Luke";"http://www.fantascienza.com/catalogo/autori/NILF14453/luke-rhinehart/"
"NILF17987";"Rho, Anita";"http://www.fantascienza.com/catalogo/autori/NILF17987/anita-rho/"
"NILF16768";"Rhodan, Perry";"http://www.fantascienza.com/catalogo/autori/NILF16768/perry-rhodan/"
"NILF14454";"Rhodes, Janet R.";"http://www.fantascienza.com/catalogo/autori/NILF14454/janet-r-rhodes/"
"NILF23791";"Rhodes, Natasha";"http://www.fantascienza.com/catalogo/autori/NILF23791/natasha-rhodes/"
"NILF23430";"Rhodes, Russell";"http://www.fantascienza.com/catalogo/autori/NILF23430/russell-rhodes/"
"NILF14456";"Rhotsi, N.";"http://www.fantascienza.com/catalogo/autori/NILF14456/n-rhotsi/"
"NILF14458";"Rhys, Jack";"http://www.fantascienza.com/catalogo/autori/NILF14458/jack-rhys/"
"NILF14459";"Rhys, Jean";"http://www.fantascienza.com/catalogo/autori/NILF14459/jean-rhys/"
"NILF23530";"Rialti, Edoardo";"http://www.fantascienza.com/catalogo/autori/NILF23530/edoardo-rialti/"
"NILF20508";"Ribeiro, Darcy";"http://www.fantascienza.com/catalogo/autori/NILF20508/darcy-ribeiro/"
"NILF20894";"Ribelli, Orio";"http://www.fantascienza.com/catalogo/autori/NILF20894/orio-ribelli/"
"NILF19352";"Ribemont-Dessaignes, George";"http://www.fantascienza.com/catalogo/autori/NILF19352/george-ribemont-dessaignes/"
"NILF19627";"Ribera, Almerigo";"http://www.fantascienza.com/catalogo/autori/NILF19627/almerigo-ribera/"
"NILF21969";"Ribolzi, Gianfranco";"http://www.fantascienza.com/catalogo/autori/NILF21969/gianfranco-ribolzi/"
"NILF16966";"Riboni, Fabiola";"http://www.fantascienza.com/catalogo/autori/NILF16966/fabiola-riboni/"
"NILF26186";"Riccardi, Alessandro";"http://www.fantascienza.com/catalogo/autori/NILF26186/alessandro-riccardi/"
"NILF17421";"Riccardi, Susanna";"http://www.fantascienza.com/catalogo/autori/NILF17421/susanna-riccardi/"
"NILF23203";"Riccardo, Ciro";"http://www.fantascienza.com/catalogo/autori/NILF23203/ciro-riccardo/"
"NILF23352";"Ricci, Albano";"http://www.fantascienza.com/catalogo/autori/NILF23352/albano-ricci/"
"NILF20736";"Ricci, Diego";"http://www.fantascienza.com/catalogo/autori/NILF20736/diego-ricci/"
"NILF23344";"Ricci, Enzo";"http://www.fantascienza.com/catalogo/autori/NILF23344/enzo-ricci/"
"NILF16393";"Ricci, Franco Maria";"http://www.fantascienza.com/catalogo/autori/NILF16393/franco-maria-ricci/"
"NILF23330";"Ricciardi, Caterina";"http://www.fantascienza.com/catalogo/autori/NILF23330/caterina-ricciardi/"
"NILF24413";"Ricciardi, Jacopo";"http://www.fantascienza.com/catalogo/autori/NILF24413/jacopo-ricciardi/"
"NILF23268";"Ricciardi, Ugo";"http://www.fantascienza.com/catalogo/autori/NILF23268/ugo-ricciardi/"
"NILF14461";"Ricciardiello, Franco";"http://www.fantascienza.com/catalogo/autori/NILF14461/franco-ricciardiello/"
"NILF22562";"Riccò, Bruno";"http://www.fantascienza.com/catalogo/autori/NILF22562/bruno-ricco/"
"NILF14462";"Rice, Anne";"http://www.fantascienza.com/catalogo/autori/NILF14462/anne-rice/"
"NILF21823";"Rice, Craig";"http://www.fantascienza.com/catalogo/autori/NILF21823/craig-rice/"
"NILF14463";"Rice, Jane";"http://www.fantascienza.com/catalogo/autori/NILF14463/jane-rice/"
"NILF18612";"Rich, Douglas";"http://www.fantascienza.com/catalogo/autori/NILF18612/douglas-rich/"
"NILF14465";"Richard-Bessiere, F.";"http://www.fantascienza.com/catalogo/autori/NILF14465/f-richard-bessiere/"
"NILF17558";"Richards, Bruce";"http://www.fantascienza.com/catalogo/autori/NILF17558/bruce-richards/"
"NILF14466";"Richards, Chet";"http://www.fantascienza.com/catalogo/autori/NILF14466/chet-richards/"
"NILF14467";"Richards, Joel";"http://www.fantascienza.com/catalogo/autori/NILF14467/joel-richards/"
"NILF24331";"Richards, Justin";"http://www.fantascienza.com/catalogo/autori/NILF24331/justin-richards/"
"NILF21987";"Richards, Maud";"http://www.fantascienza.com/catalogo/autori/NILF21987/maud-richards/"
"NILF14468";"Richards, Michael";"http://www.fantascienza.com/catalogo/autori/NILF14468/michael-richards/"
"NILF16391";"Richards, Sean";"http://www.fantascienza.com/catalogo/autori/NILF16391/sean-richards/"
"NILF18960";"Richards, Thomas";"http://www.fantascienza.com/catalogo/autori/NILF18960/thomas-richards/"
"NILF14469";"Richards, Tony";"http://www.fantascienza.com/catalogo/autori/NILF14469/tony-richards/"
"NILF24782";"Richardson, E. E.";"http://www.fantascienza.com/catalogo/autori/NILF24782/e-e-richardson/"
"NILF14471";"Richepin, Jean";"http://www.fantascienza.com/catalogo/autori/NILF14471/jean-richepin/"
"NILF14472";"Richerson, Carrie";"http://www.fantascienza.com/catalogo/autori/NILF14472/carrie-richerson/"
"NILF20296";"Riches, Anne";"http://www.fantascienza.com/catalogo/autori/NILF20296/anne-riches/"
"NILF22773";"Richet, Carlo (Charles)";"http://www.fantascienza.com/catalogo/autori/NILF22773/carlo-charles-richet/"
"NILF16096";"Richie, Donald";"http://www.fantascienza.com/catalogo/autori/NILF16096/donald-richie/"
"NILF23722";"Richter, Dieter";"http://www.fantascienza.com/catalogo/autori/NILF23722/dieter-richter/"
"NILF24237";"Rickert, M.";"http://www.fantascienza.com/catalogo/autori/NILF24237/m-rickert/"
"NILF24323";"Rickman, Gregg";"http://www.fantascienza.com/catalogo/autori/NILF24323/gregg-rickman/"
"NILF20685";"Riddell, Chris";"http://www.fantascienza.com/catalogo/autori/NILF20685/chris-riddell/"
"NILF14474";"Riddell, Mrs. J. H.";"http://www.fantascienza.com/catalogo/autori/NILF14474/mrs-j-h-riddell/"
"NILF14475";"Ridenour, Louis N.";"http://www.fantascienza.com/catalogo/autori/NILF14475/louis-n-ridenour/"
"NILF20848";"Ridley, Arthur";"http://www.fantascienza.com/catalogo/autori/NILF20848/arthur-ridley/"
"NILF23663";"Ridley, Philip";"http://www.fantascienza.com/catalogo/autori/NILF23663/philip-ridley/"
"NILF19557";"Ridolfi, Carlo";"http://www.fantascienza.com/catalogo/autori/NILF19557/carlo-ridolfi/"
"NILF21828";"Rienzi, Maria Teresa";"http://www.fantascienza.com/catalogo/autori/NILF21828/maria-teresa-rienzi/"
"NILF26007";"Riès, Philippe";"http://www.fantascienza.com/catalogo/autori/NILF26007/philippe-ries/"
"NILF23301";"Rigato, Maria Teresa";"http://www.fantascienza.com/catalogo/autori/NILF23301/maria-teresa-rigato/"
"NILF23593";"Riggs, P. Alexandra";"http://www.fantascienza.com/catalogo/autori/NILF23593/p-alexandra-riggs/"
"NILF17419";"Righi, Mirka";"http://www.fantascienza.com/catalogo/autori/NILF17419/mirka-righi/"
"NILF21752";"Righini, Stefano";"http://www.fantascienza.com/catalogo/autori/NILF21752/stefano-righini/"
"NILF18010";"Rigley, Karen Elizabeth";"http://www.fantascienza.com/catalogo/autori/NILF18010/karen-elizabeth-rigley/"
"NILF17695";"Rigosi, Giampiero";"http://www.fantascienza.com/catalogo/autori/NILF17695/giampiero-rigosi/"
"NILF14479";"Riley, David A.";"http://www.fantascienza.com/catalogo/autori/NILF14479/david-a-riley/"
"NILF14480";"Riley, Frank";"http://www.fantascienza.com/catalogo/autori/NILF14480/frank-riley/"
"NILF20913";"Riley, Judith Merkle";"http://www.fantascienza.com/catalogo/autori/NILF20913/judith-merkle-riley/"
"NILF23572";"Rilke, Rainer Maria";"http://www.fantascienza.com/catalogo/autori/NILF23572/rainer-maria-rilke/"
"NILF26166";"Rilletti, Sergio";"http://www.fantascienza.com/catalogo/autori/NILF26166/sergio-rilletti/"
"NILF21830";"Rimbauer, Steven";"http://www.fantascienza.com/catalogo/autori/NILF21830/steven-rimbauer/"
"NILF23042";"Rimini, Cesare";"http://www.fantascienza.com/catalogo/autori/NILF23042/cesare-rimini/"
"NILF16844";"Rimini, Giulio";"http://www.fantascienza.com/catalogo/autori/NILF16844/giulio-rimini/"
"NILF24587";"Rimondi, Giorgio";"http://www.fantascienza.com/catalogo/autori/NILF24587/giorgio-rimondi/"
"NILF20882";"Rimski-Korsakov, N.";"http://www.fantascienza.com/catalogo/autori/NILF20882/n-rimski-korsakov/"
"NILF22845";"Rinaldi, Francesco";"http://www.fantascienza.com/catalogo/autori/NILF22845/francesco-rinaldi/"
"NILF19337";"Rinaldi, Isabella";"http://www.fantascienza.com/catalogo/autori/NILF19337/isabella-rinaldi/"
"NILF23432";"Rinaldi, Raffaele";"http://www.fantascienza.com/catalogo/autori/NILF23432/raffaele-rinaldi/"
"NILF18995";"Ring, Algernon G.";"http://www.fantascienza.com/catalogo/autori/NILF18995/algernon-g-ring/"
"NILF14483";"Rinonapoli, Anna";"http://www.fantascienza.com/catalogo/autori/NILF14483/anna-rinonapoli/"
"NILF19717";"Rio, Michel";"http://www.fantascienza.com/catalogo/autori/NILF19717/michel-rio/"
"NILF25796";"Rioda, Vittorio";"http://www.fantascienza.com/catalogo/autori/NILF25796/vittorio-rioda/"
"NILF16616";"Ripellino, Angelo Maria";"http://www.fantascienza.com/catalogo/autori/NILF16616/angelo-maria-ripellino/"
"NILF18779";"Risé, Claudio";"http://www.fantascienza.com/catalogo/autori/NILF18779/claudio-ris-e/"
"NILF26352";"Risoli, Barbara";"http://www.fantascienza.com/catalogo/autori/NILF26352/barbara-risoli/"
"NILF25652";"Rispoli, Federico Lapetina";"http://www.fantascienza.com/catalogo/autori/NILF25652/federico-lapetina-rispoli/"
"NILF20208";"Rispoli, Francesca";"http://www.fantascienza.com/catalogo/autori/NILF20208/francesca-rispoli/"
"NILF14484";"Rissone, Magda";"http://www.fantascienza.com/catalogo/autori/NILF14484/magda-rissone/"
"NILF23938";"Ristori, Jacuzzio";"http://www.fantascienza.com/catalogo/autori/NILF23938/jacuzzio-ristori/"
"NILF14473";"Ritchie, Jack";"http://www.fantascienza.com/catalogo/autori/NILF14473/jack-ritchie/"
"NILF17884";"Riva, Alessandro";"http://www.fantascienza.com/catalogo/autori/NILF17884/alessandro-riva/"
"NILF23056";"Riva, Dede";"http://www.fantascienza.com/catalogo/autori/NILF23056/dede-riva/"
"NILF23437";"Rivais, Yak";"http://www.fantascienza.com/catalogo/autori/NILF23437/yak-rivais/"
"NILF22426";"Rivalta, Antonella";"http://www.fantascienza.com/catalogo/autori/NILF22426/antonella-rivalta/"
"NILF23639";"Rivarossa, Dario";"http://www.fantascienza.com/catalogo/autori/NILF23639/dario-rivarossa/"
"NILF18009";"River, Uncle";"http://www.fantascienza.com/catalogo/autori/NILF18009/uncle-river/"
"NILF18797";"Rivera, José Eustasio";"http://www.fantascienza.com/catalogo/autori/NILF18797/jos-e-eustasio-rivera/"
"NILF26062";"Rivetti, Michela";"http://www.fantascienza.com/catalogo/autori/NILF26062/michela-rivetti/"
"NILF16213";"Riviere, François";"http://www.fantascienza.com/catalogo/autori/NILF16213/francois-riviere/"
"NILF24080";"Rivoltella, Pietro";"http://www.fantascienza.com/catalogo/autori/NILF24080/pietro-rivoltella/"
"NILF26625";"Rizzardini, Massimo";"http://www.fantascienza.com/catalogo/autori/NILF26625/massimo-rizzardini/"
"NILF21766";"Rizzarelli, Giovanna Puleo";"http://www.fantascienza.com/catalogo/autori/NILF21766/giovanna-puleo-rizzarelli/"
"NILF23096";"Rizzi, Alina";"http://www.fantascienza.com/catalogo/autori/NILF23096/alina-rizzi/"
"NILF16656";"Rizzi, Daniela";"http://www.fantascienza.com/catalogo/autori/NILF16656/daniela-rizzi/"
"NILF16788";"Rizzi, Leo";"http://www.fantascienza.com/catalogo/autori/NILF16788/leo-rizzi/"
"NILF22456";"Rizzo, Egle";"http://www.fantascienza.com/catalogo/autori/NILF22456/egle-rizzo/"
"NILF19379";"Rizzo, Piero";"http://www.fantascienza.com/catalogo/autori/NILF19379/piero-rizzo/"
"NILF22457";"Rizzolo, Antonio";"http://www.fantascienza.com/catalogo/autori/NILF22457/antonio-rizzolo/"
"NILF21137";"Rizzoni, Gianni";"http://www.fantascienza.com/catalogo/autori/NILF21137/gianni-rizzoni/"
"NILF23751";"Rizzuto, Gaetano";"http://www.fantascienza.com/catalogo/autori/NILF23751/gaetano-rizzuto/"
"NILF14486";"Robard, Karen";"http://www.fantascienza.com/catalogo/autori/NILF14486/karen-robard/"
"NILF21261";"Robb, J. D.";"http://www.fantascienza.com/catalogo/autori/NILF21261/j-d-robb/"
"NILF23708";"Robbe-Grillet, Alain";"http://www.fantascienza.com/catalogo/autori/NILF23708/alain-robbe-grillet/"
"NILF20243";"Robbins, Harold";"http://www.fantascienza.com/catalogo/autori/NILF20243/harold-robbins/"
"NILF14487";"Robbins, Tod";"http://www.fantascienza.com/catalogo/autori/NILF14487/tod-robbins/"
"NILF17867";"Robbins, Tom";"http://www.fantascienza.com/catalogo/autori/NILF17867/tom-robbins/"
"NILF14488";"Robeck, William";"http://www.fantascienza.com/catalogo/autori/NILF14488/william-robeck/"
"NILF23325";"Roberson, Chris";"http://www.fantascienza.com/catalogo/autori/NILF23325/chris-roberson/"
"NILF14489";"Roberson, Jennifer";"http://www.fantascienza.com/catalogo/autori/NILF14489/jennifer-roberson/"
"NILF19944";"Roberts, Adam";"http://www.fantascienza.com/catalogo/autori/NILF19944/adam-roberts/"
"NILF22236";"Roberts, Andrew";"http://www.fantascienza.com/catalogo/autori/NILF22236/andrew-roberts/"
"NILF14494";"Roberts, Jane";"http://www.fantascienza.com/catalogo/autori/NILF14494/jane-roberts/"
"NILF14495";"Roberts, John Maddox";"http://www.fantascienza.com/catalogo/autori/NILF14495/john-maddox-roberts/"
"NILF20648";"Roberts, Katherine";"http://www.fantascienza.com/catalogo/autori/NILF20648/katherine-roberts/"
"NILF14496";"Roberts, Keith";"http://www.fantascienza.com/catalogo/autori/NILF14496/keith-roberts/"
"NILF19268";"Roberts, Morley [Charles]";"http://www.fantascienza.com/catalogo/autori/NILF19268/morley-charles-roberts/"
"NILF16138";"Roberts, Peter";"http://www.fantascienza.com/catalogo/autori/NILF16138/peter-roberts/"
"NILF14498";"Roberts, Ralph";"http://www.fantascienza.com/catalogo/autori/NILF14498/ralph-roberts/"
"NILF17525";"Roberts, Theodore Goodridge";"http://www.fantascienza.com/catalogo/autori/NILF17525/theodore-goodridge-roberts/"
"NILF14499";"Robertson, Morgan";"http://www.fantascienza.com/catalogo/autori/NILF14499/morgan-robertson/"
"NILF14500";"Robeson, Kenneth";"http://www.fantascienza.com/catalogo/autori/NILF14500/kenneth-robeson/"
"NILF19762";"Robida, A[lbert]";"http://www.fantascienza.com/catalogo/autori/NILF19762/albert-robida/"
"NILF23343";"Robillard, Anne";"http://www.fantascienza.com/catalogo/autori/NILF23343/anne-robillard/"
"NILF14502";"Robin, Ralph";"http://www.fantascienza.com/catalogo/autori/NILF14502/ralph-robin/"
"NILF14503";"Robinett, Stephen";"http://www.fantascienza.com/catalogo/autori/NILF14503/stephen-robinett/"
"NILF14504";"Robino, Elisa";"http://www.fantascienza.com/catalogo/autori/NILF14504/elisa-robino/"
"NILF14505";"Robins, Madeleine E.";"http://www.fantascienza.com/catalogo/autori/NILF14505/madeleine-e-robins/"
"NILF14506";"Robinson, Frank M.";"http://www.fantascienza.com/catalogo/autori/NILF14506/frank-m-robinson/"
"NILF19064";"Robinson, Jack";"http://www.fantascienza.com/catalogo/autori/NILF19064/jack-robinson/"
"NILF14507";"Robinson, Jeanne";"http://www.fantascienza.com/catalogo/autori/NILF14507/jeanne-robinson/"
"NILF14508";"Robinson, Kim Stanley";"http://www.fantascienza.com/catalogo/autori/NILF14508/kim-stanley-robinson/"
"NILF18080";"Robinson, Patrick";"http://www.fantascienza.com/catalogo/autori/NILF18080/patrick-robinson/"
"NILF26438";"Robinson, Peter";"http://www.fantascienza.com/catalogo/autori/NILF26438/peter-robinson/"
"NILF14509";"Robinson, Spider";"http://www.fantascienza.com/catalogo/autori/NILF14509/spider-robinson/"
"NILF22302";"Robitaillie, Henriette";"http://www.fantascienza.com/catalogo/autori/NILF22302/henriette-robitaillie/"
"NILF14510";"Robles, Edward G. jr.";"http://www.fantascienza.com/catalogo/autori/NILF14510/edward-g-jr-robles/"
"NILF17163";"Robson, Justina";"http://www.fantascienza.com/catalogo/autori/NILF17163/justina-robson/"
"NILF14511";"Robson, Mark";"http://www.fantascienza.com/catalogo/autori/NILF14511/mark-robson/"
"NILF25258";"Robson, Mark";"http://www.fantascienza.com/catalogo/autori/NILF25258/mark-robson/"
"NILF16295";"Rocca, Enrico";"http://www.fantascienza.com/catalogo/autori/NILF16295/enrico-rocca/"
"NILF25756";"Rocca, Sergio";"http://www.fantascienza.com/catalogo/autori/NILF25756/sergio-rocca/"
"NILF18182";"Roccato, Maurizio";"http://www.fantascienza.com/catalogo/autori/NILF18182/maurizio-roccato/"
"NILF24696";"Rocchi, Alessia";"http://www.fantascienza.com/catalogo/autori/NILF24696/alessia-rocchi/"
"NILF18230";"Rocchi, Luca";"http://www.fantascienza.com/catalogo/autori/NILF18230/luca-rocchi/"
"NILF26075";"Rocchi, Noè I[van]";"http://www.fantascienza.com/catalogo/autori/NILF26075/noe-ivan-rocchi/"
"NILF14512";"Rocco, Emmanuele";"http://www.fantascienza.com/catalogo/autori/NILF14512/emmanuele-rocco/"
"NILF14513";"Rochefort, Christiane";"http://www.fantascienza.com/catalogo/autori/NILF14513/christiane-rochefort/"
"NILF14516";"Rocklynne, Ross";"http://www.fantascienza.com/catalogo/autori/NILF14516/ross-rocklynne/"
"NILF23548";"Roda, Vittorio";"http://www.fantascienza.com/catalogo/autori/NILF23548/vittorio-roda/"
"NILF14517";"Rodari, Gianni";"http://www.fantascienza.com/catalogo/autori/NILF14517/gianni-rodari/"
"NILF21053";"Rodda, Emily";"http://www.fantascienza.com/catalogo/autori/NILF21053/emily-rodda/"
"NILF14518";"Roddenberry, Gene";"http://www.fantascienza.com/catalogo/autori/NILF14518/gene-roddenberry/"
"NILF14519";"Rodgers, Alan";"http://www.fantascienza.com/catalogo/autori/NILF14519/alan-rodgers/"
"NILF24759";"Rodi, Robert";"http://www.fantascienza.com/catalogo/autori/NILF24759/robert-rodi/"
"NILF14520";"Rodman, Howard";"http://www.fantascienza.com/catalogo/autori/NILF14520/howard-rodman/"
"NILF25734";"Rodriguez, Annette";"http://www.fantascienza.com/catalogo/autori/NILF25734/annette-rodriguez/"
"NILF24657";"Rodríguez, Juan Carlos";"http://www.fantascienza.com/catalogo/autori/NILF24657/juan-carlos-rodr-iguez/"
"NILF23312";"Rodríguez Amaya, Fabio";"http://www.fantascienza.com/catalogo/autori/NILF23312/fabio-rodr-iguez-amaya/"
"NILF14522";"Roessner-Herman, Michaela";"http://www.fantascienza.com/catalogo/autori/NILF14522/michaela-roessner-herman/"
"NILF16435";"Roffeni, Sandro";"http://www.fantascienza.com/catalogo/autori/NILF16435/sandro-roffeni/"
"NILF24932";"Roffo, Stefano";"http://www.fantascienza.com/catalogo/autori/NILF24932/stefano-roffo/"
"NILF14523";"Roger, Noëlle";"http://www.fantascienza.com/catalogo/autori/NILF14523/noelle-roger/"
"NILF17032";"Roger, Norman";"http://www.fantascienza.com/catalogo/autori/NILF17032/norman-roger/"
"NILF14524";"Rogers, Bruce Holland";"http://www.fantascienza.com/catalogo/autori/NILF14524/bruce-holland-rogers/"
"NILF21565";"Rogers, Emma";"http://www.fantascienza.com/catalogo/autori/NILF21565/emma-rogers/"
"NILF16250";"Rogers, Ivor A.";"http://www.fantascienza.com/catalogo/autori/NILF16250/ivor-a-rogers/"
"NILF14525";"Rogers, Kay";"http://www.fantascienza.com/catalogo/autori/NILF14525/kay-rogers/"
"NILF23519";"Rogers, Keith";"http://www.fantascienza.com/catalogo/autori/NILF23519/keith-rogers/"
"NILF21564";"Rogers, Paul";"http://www.fantascienza.com/catalogo/autori/NILF21564/paul-rogers/"
"NILF19524";"Roggero, Egisto";"http://www.fantascienza.com/catalogo/autori/NILF19524/egisto-roggero/"
"NILF26662";"Roggiani, Luca";"http://www.fantascienza.com/catalogo/autori/NILF26662/luca-roggiani/"
"NILF14526";"Roghi, Gianni";"http://www.fantascienza.com/catalogo/autori/NILF14526/gianni-roghi/"
"NILF14527";"Rogliano, Mario";"http://www.fantascienza.com/catalogo/autori/NILF14527/mario-rogliano/"
"NILF15960";"Rognoni, Luigi";"http://www.fantascienza.com/catalogo/autori/NILF15960/luigi-rognoni/"
"NILF16885";"Rogolino, Fulvio";"http://www.fantascienza.com/catalogo/autori/NILF16885/fulvio-rogolino/"
"NILF14528";"Rogoz, Adrian";"http://www.fantascienza.com/catalogo/autori/NILF14528/adrian-rogoz/"
"NILF14529";"Rohan, Michael Scott";"http://www.fantascienza.com/catalogo/autori/NILF14529/michael-scott-rohan/"
"NILF18939";"Rohmer, Sax";"http://www.fantascienza.com/catalogo/autori/NILF18939/sax-rohmer/"
"NILF18708";"Rojany, Lisa";"http://www.fantascienza.com/catalogo/autori/NILF18708/lisa-rojany/"
"NILF14533";"Rokesmith, John Thames";"http://www.fantascienza.com/catalogo/autori/NILF14533/john-thames-rokesmith/"
"NILF17415";"Rolf, Franco";"http://www.fantascienza.com/catalogo/autori/NILF17415/franco-rolf/"
"NILF14534";"Rolfe, Frederick";"http://www.fantascienza.com/catalogo/autori/NILF14534/frederick-rolfe/"
"NILF24930";"Rolfini, Irene";"http://www.fantascienza.com/catalogo/autori/NILF24930/irene-rolfini/"
"NILF23602";"Rollins, James";"http://www.fantascienza.com/catalogo/autori/NILF23602/james-rollins/"
"NILF14535";"Rolls, B. A.";"http://www.fantascienza.com/catalogo/autori/NILF14535/b-a-rolls/"
"NILF14536";"Rolt, Lionel Thomas Caswell";"http://www.fantascienza.com/catalogo/autori/NILF14536/lionel-thomas-caswell-rolt/"
"NILF25904";"Romagnoli, Antonia";"http://www.fantascienza.com/catalogo/autori/NILF25904/antonia-romagnoli/"
"NILF24081";"Romanelli, Andrea";"http://www.fantascienza.com/catalogo/autori/NILF24081/andrea-romanelli/"
"NILF19026";"Romanelli, Marco";"http://www.fantascienza.com/catalogo/autori/NILF19026/marco-romanelli/"
"NILF14537";"Romanelli, Roldano";"http://www.fantascienza.com/catalogo/autori/NILF14537/roldano-romanelli/"
"NILF16577";"Romani, Roberto";"http://www.fantascienza.com/catalogo/autori/NILF16577/roberto-romani/"
"NILF16285";"Romano, Federico";"http://www.fantascienza.com/catalogo/autori/NILF16285/federico-romano/"
"NILF26031";"Romano, Lalla";"http://www.fantascienza.com/catalogo/autori/NILF26031/lalla-romano/"
"NILF16637";"Romano, Linda Gaio";"http://www.fantascienza.com/catalogo/autori/NILF16637/linda-gaio-romano/"
"NILF14539";"Romano, Massimo";"http://www.fantascienza.com/catalogo/autori/NILF14539/massimo-romano/"
"NILF20511";"Romano, Rossella";"http://www.fantascienza.com/catalogo/autori/NILF20511/rossella-romano/"
"NILF18565";"Romano, Sergio";"http://www.fantascienza.com/catalogo/autori/NILF18565/sergio-romano/"
"NILF22638";"Romei, Ombretta";"http://www.fantascienza.com/catalogo/autori/NILF22638/ombretta-romei/"
"NILF24623";"Romeo Tomasini, Patrizia";"http://www.fantascienza.com/catalogo/autori/NILF24623/patrizia-romeo-tomasini/"
"NILF16254";"Romero, George A.";"http://www.fantascienza.com/catalogo/autori/NILF16254/george-a-romero/"
"NILF23481";"Romero, Pedro Jorge";"http://www.fantascienza.com/catalogo/autori/NILF23481/pedro-jorge-romero/"
"NILF20541";"Romersa, Luigi";"http://www.fantascienza.com/catalogo/autori/NILF20541/luigi-romersa/"
"NILF22363";"Romita, John";"http://www.fantascienza.com/catalogo/autori/NILF22363/john-romita/"
"NILF14540";"Ronald, Bruce W.";"http://www.fantascienza.com/catalogo/autori/NILF14540/bruce-w-ronald/"
"NILF22842";"Rónay György, ";"http://www.fantascienza.com/catalogo/autori/NILF22842/-r-onay-gyorgy/"
"NILF19259";"Roncaglia, Gino";"http://www.fantascienza.com/catalogo/autori/NILF19259/gino-roncaglia/"
"NILF22921";"Roncari, Beppe";"http://www.fantascienza.com/catalogo/autori/NILF22921/beppe-roncari/"
"NILF23421";"Ronchetti, Claudia";"http://www.fantascienza.com/catalogo/autori/NILF23421/claudia-ronchetti/"
"NILF20253";"Ronchetti, Emanuele";"http://www.fantascienza.com/catalogo/autori/NILF20253/emanuele-ronchetti/"
"NILF21588";"Ronchetti, Pierluigi";"http://www.fantascienza.com/catalogo/autori/NILF21588/pierluigi-ronchetti/"
"NILF18283";"Ronchey, Vittoria";"http://www.fantascienza.com/catalogo/autori/NILF18283/vittoria-ronchey/"
"NILF21682";"Ronchi, Daniela";"http://www.fantascienza.com/catalogo/autori/NILF21682/daniela-ronchi/"
"NILF19506";"Ronci, Alfredo";"http://www.fantascienza.com/catalogo/autori/NILF19506/alfredo-ronci/"
"NILF16386";"Roncoroni, Federico";"http://www.fantascienza.com/catalogo/autori/NILF16386/federico-roncoroni/"
"NILF16509";"Rondinelli, Massimo";"http://www.fantascienza.com/catalogo/autori/NILF16509/massimo-rondinelli/"
"NILF14542";"Ronsisvalle, Vanni";"http://www.fantascienza.com/catalogo/autori/NILF14542/vanni-ronsisvalle/"
"NILF14543";"Ronson, Mark";"http://www.fantascienza.com/catalogo/autori/NILF14543/mark-ronson/"
"NILF23561";"Ronzon, Francesco";"http://www.fantascienza.com/catalogo/autori/NILF23561/francesco-ronzon/"
"NILF24481";"Rook, Sebastian";"http://www.fantascienza.com/catalogo/autori/NILF24481/sebastian-rook/"
"NILF22983";"Roosevelt, Theodore";"http://www.fantascienza.com/catalogo/autori/NILF22983/theodore-roosevelt/"
"NILF14548";"Rosa, Giovanni Titta";"http://www.fantascienza.com/catalogo/autori/NILF14548/giovanni-titta-rosa/"
"NILF25416";"Rosa, Luigi";"http://www.fantascienza.com/catalogo/autori/NILF25416/luigi-rosa/"
"NILF26408";"Rosada, Bruno";"http://www.fantascienza.com/catalogo/autori/NILF26408/bruno-rosada/"
"NILF26409";"Rosada, Roberta A.";"http://www.fantascienza.com/catalogo/autori/NILF26409/roberta-a-rosada/"
"NILF15938";"Rosati, Edoardo";"http://www.fantascienza.com/catalogo/autori/NILF15938/edoardo-rosati/"
"NILF22829";"Rosati, Ivo";"http://www.fantascienza.com/catalogo/autori/NILF22829/ivo-rosati/"
"NILF14549";"Rosati, Liliana";"http://www.fantascienza.com/catalogo/autori/NILF14549/liliana-rosati/"
"NILF20302";"Rosati, Pierangelo ""Hobo""";"http://www.fantascienza.com/catalogo/autori/NILF20302/pierangelo-hobo-rosati/"
"NILF24395";"Rosati, Riccardo";"http://www.fantascienza.com/catalogo/autori/NILF24395/riccardo-rosati/"
"NILF16627";"Rosati, Salvatore";"http://www.fantascienza.com/catalogo/autori/NILF16627/salvatore-rosati/"
"NILF26571";"Rosato, Diego";"http://www.fantascienza.com/catalogo/autori/NILF26571/diego-rosato/"
"NILF14550";"Rosato, Giuseppe";"http://www.fantascienza.com/catalogo/autori/NILF14550/giuseppe-rosato/"
"NILF22076";"Rose, David E.";"http://www.fantascienza.com/catalogo/autori/NILF22076/david-e-rose/"
"NILF20798";"Rose, Elihu";"http://www.fantascienza.com/catalogo/autori/NILF20798/elihu-rose/"
"NILF17019";"Rose, Malcolm";"http://www.fantascienza.com/catalogo/autori/NILF17019/malcolm-rose/"
"NILF20637";"Rosel, Sacha";"http://www.fantascienza.com/catalogo/autori/NILF20637/sacha-rosel/"
"NILF22707";"Rosenbaum, Benjamin";"http://www.fantascienza.com/catalogo/autori/NILF22707/benjamin-rosenbaum/"
"NILF14551";"Rosenberg, Joel";"http://www.fantascienza.com/catalogo/autori/NILF14551/joel-rosenberg/"
"NILF14552";"Rosenblum, Mary";"http://www.fantascienza.com/catalogo/autori/NILF14552/mary-rosenblum/"
"NILF20016";"Rosendorfer, Herbert";"http://www.fantascienza.com/catalogo/autori/NILF20016/herbert-rosendorfer/"
"NILF14553";"Rosenman, John B.";"http://www.fantascienza.com/catalogo/autori/NILF14553/john-b-rosenman/"
"NILF18689";"Rosensteel, F. C.";"http://www.fantascienza.com/catalogo/autori/NILF18689/f-c-rosensteel/"
"NILF23901";"Roseo, Mambrino";"http://www.fantascienza.com/catalogo/autori/NILF23901/mambrino-roseo/"
"NILF14554";"Roshwald, Mordecai";"http://www.fantascienza.com/catalogo/autori/NILF14554/mordecai-roshwald/"
"NILF18716";"Rosi, Ivanna";"http://www.fantascienza.com/catalogo/autori/NILF18716/ivanna-rosi/"
"NILF14555";"Rosny, J. H. aîné";"http://www.fantascienza.com/catalogo/autori/NILF14555/j-h-ain-e-rosny/"
"NILF14556";"Rosočovatskij, Igor";"http://www.fantascienza.com/catalogo/autori/NILF14556/igor-rosocovatskij/"
"NILF26233";"Rosolini, Massimo";"http://www.fantascienza.com/catalogo/autori/NILF26233/massimo-rosolini/"
"NILF18058";"Ross, Adrian";"http://www.fantascienza.com/catalogo/autori/NILF18058/adrian-ross/"
"NILF25325";"Ross, Deborah J.";"http://www.fantascienza.com/catalogo/autori/NILF25325/deborah-j-ross/"
"NILF14557";"Ross, Irwin";"http://www.fantascienza.com/catalogo/autori/NILF14557/irwin-ross/"
"NILF21286";"Ross, J. Donald";"http://www.fantascienza.com/catalogo/autori/NILF21286/j-donald-ross/"
"NILF25118";"Rossano, J. P.";"http://www.fantascienza.com/catalogo/autori/NILF25118/j-p-rossano/"
"NILF20627";"Rossatti, Alberto";"http://www.fantascienza.com/catalogo/autori/NILF20627/alberto-rossatti/"
"NILF18151";"Rossella, Maurizia";"http://www.fantascienza.com/catalogo/autori/NILF18151/maurizia-rossella/"
"NILF19654";"Rosselli, Aldo";"http://www.fantascienza.com/catalogo/autori/NILF19654/aldo-rosselli/"
"NILF22114";"Rossetti, G.";"http://www.fantascienza.com/catalogo/autori/NILF22114/g-rossetti/"
"NILF22210";"Rossetti, Ivana";"http://www.fantascienza.com/catalogo/autori/NILF22210/ivana-rossetti/"
"NILF24436";"Rossetti, Raoul";"http://www.fantascienza.com/catalogo/autori/NILF24436/raoul-rossetti/"
"NILF21657";"Rossi, Adolfo";"http://www.fantascienza.com/catalogo/autori/NILF21657/adolfo-rossi/"
"NILF14558";"Rossi, Alessandro";"http://www.fantascienza.com/catalogo/autori/NILF14558/alessandro-rossi/"
"NILF23774";"Rossi, Andrea";"http://www.fantascienza.com/catalogo/autori/NILF23774/andrea-rossi/"
"NILF14560";"Rossi, Anton Germano";"http://www.fantascienza.com/catalogo/autori/NILF14560/anton-germano-rossi/"
"NILF14559";"Rossi, Arduino";"http://www.fantascienza.com/catalogo/autori/NILF14559/arduino-rossi/"
"NILF24607";"Rossi, Cristina";"http://www.fantascienza.com/catalogo/autori/NILF24607/cristina-rossi/"
"NILF18457";"Rossi, Enzo";"http://www.fantascienza.com/catalogo/autori/NILF18457/enzo-rossi/"
"NILF20408";"Rossi, Fabio";"http://www.fantascienza.com/catalogo/autori/NILF20408/fabio-rossi/"
"NILF22348";"Rossi, Filippo";"http://www.fantascienza.com/catalogo/autori/NILF22348/filippo-rossi/"
"NILF23419";"Rossi, Francesco";"http://www.fantascienza.com/catalogo/autori/NILF23419/francesco-rossi/"
"NILF24722";"Rossi, Giovanni";"http://www.fantascienza.com/catalogo/autori/NILF24722/giovanni-rossi/"
"NILF25231";"Rossi, Giuseppe Aldo";"http://www.fantascienza.com/catalogo/autori/NILF25231/giuseppe-aldo-rossi/"
"NILF14561";"Rossi, Giuseppe S.";"http://www.fantascienza.com/catalogo/autori/NILF14561/giuseppe-s-rossi/"
"NILF14562";"Rossi, Italia";"http://www.fantascienza.com/catalogo/autori/NILF14562/italia-rossi/"
"NILF18536";"Rossi, Ivanna";"http://www.fantascienza.com/catalogo/autori/NILF18536/ivanna-rossi/"
"NILF21516";"Rossi, Lea Nissim";"http://www.fantascienza.com/catalogo/autori/NILF21516/lea-nissim-rossi/"
"NILF16725";"Rossi, Luciano";"http://www.fantascienza.com/catalogo/autori/NILF16725/luciano-rossi/"
"NILF19533";"Rossi, Marcello";"http://www.fantascienza.com/catalogo/autori/NILF19533/marcello-rossi/"
"NILF16457";"Rossi, Mario M.";"http://www.fantascienza.com/catalogo/autori/NILF16457/mario-m-rossi/"
"NILF24311";"Rossi, Natale";"http://www.fantascienza.com/catalogo/autori/NILF24311/natale-rossi/"
"NILF25914";"Rossi, Paolo";"http://www.fantascienza.com/catalogo/autori/NILF25914/paolo-rossi/"
"NILF18764";"Rossi, Paolo Aldo";"http://www.fantascienza.com/catalogo/autori/NILF18764/paolo-aldo-rossi/"
"NILF26196";"Rossi, Patrizia";"http://www.fantascienza.com/catalogo/autori/NILF26196/patrizia-rossi/"
"NILF21448";"Rossi, Sergio";"http://www.fantascienza.com/catalogo/autori/NILF21448/sergio-rossi/"
"NILF18048";"Rossi, Umberto";"http://www.fantascienza.com/catalogo/autori/NILF18048/umberto-rossi/"
"NILF19432";"Rossiello, Enzo";"http://www.fantascienza.com/catalogo/autori/NILF19432/enzo-rossiello/"
"NILF14564";"Rossignoli, Maurizio";"http://www.fantascienza.com/catalogo/autori/NILF14564/maurizio-rossignoli/"
"NILF24718";"Rossini, Michele";"http://www.fantascienza.com/catalogo/autori/NILF24718/michele-rossini/"
"NILF26058";"Rossiter, John";"http://www.fantascienza.com/catalogo/autori/NILF26058/john-rossiter/"
"NILF20752";"Rosso, Delfino Maria";"http://www.fantascienza.com/catalogo/autori/NILF20752/delfino-maria-rosso/"
"NILF25868";"Rosso, Johnny";"http://www.fantascienza.com/catalogo/autori/NILF25868/johnny-rosso/"
"NILF20470";"Rosso Di Sansecondo, Pier Maria";"http://www.fantascienza.com/catalogo/autori/NILF20470/pier-maria-rosso-di-sansecondo/"
"NILF14565";"Rossotti, Lorenzo";"http://www.fantascienza.com/catalogo/autori/NILF14565/lorenzo-rossotti/"
"NILF16291";"Rota, Franca";"http://www.fantascienza.com/catalogo/autori/NILF16291/franca-rota/"
"NILF20458";"Rota, Luca";"http://www.fantascienza.com/catalogo/autori/NILF20458/luca-rota/"
"NILF14567";"Rota, Ugo";"http://www.fantascienza.com/catalogo/autori/NILF14567/ugo-rota/"
"NILF18218";"Roth, Kurt";"http://www.fantascienza.com/catalogo/autori/NILF18218/kurt-roth/"
"NILF19446";"Roth, Philip";"http://www.fantascienza.com/catalogo/autori/NILF19446/philip-roth/"
"NILF25902";"Rothfuss, Patrick";"http://www.fantascienza.com/catalogo/autori/NILF25902/patrick-rothfuss/"
"NILF14568";"Rothman, Chuck";"http://www.fantascienza.com/catalogo/autori/NILF14568/chuck-rothman/"
"NILF14569";"Rothman, Milton A.";"http://www.fantascienza.com/catalogo/autori/NILF14569/milton-a-rothman/"
"NILF23397";"Rothman, Stephanie";"http://www.fantascienza.com/catalogo/autori/NILF23397/stephanie-rothman/"
"NILF16215";"Rothovius, Andrew E.";"http://www.fantascienza.com/catalogo/autori/NILF16215/andrew-e-rothovius/"
"NILF17401";"Rotino, Sergio";"http://www.fantascienza.com/catalogo/autori/NILF17401/sergio-rotino/"
"NILF24444";"Rotondi, Amilcare";"http://www.fantascienza.com/catalogo/autori/NILF24444/amilcare-rotondi/"
"NILF14570";"Rotsler, William";"http://www.fantascienza.com/catalogo/autori/NILF14570/william-rotsler/"
"NILF18197";"Rotta, Danila";"http://www.fantascienza.com/catalogo/autori/NILF18197/danila-rotta/"
"NILF14571";"Rottenbacher, Eugenio";"http://www.fantascienza.com/catalogo/autori/NILF14571/eugenio-rottenbacher/"
"NILF16978";"Rottensteiner, Franz";"http://www.fantascienza.com/catalogo/autori/NILF16978/franz-rottensteiner/"
"NILF19493";"Roudolph, P.";"http://www.fantascienza.com/catalogo/autori/NILF19493/p-roudolph/"
"NILF14572";"Rougemont, L. G.";"http://www.fantascienza.com/catalogo/autori/NILF14572/l-g-rougemont/"
"NILF23910";"Rousseau, Jean-Jacques";"http://www.fantascienza.com/catalogo/autori/NILF23910/jean-jacques-rousseau/"
"NILF20612";"Roussel, Raymond";"http://www.fantascienza.com/catalogo/autori/NILF20612/raymond-roussel/"
"NILF16662";"Rovagnati, Gabriella";"http://www.fantascienza.com/catalogo/autori/NILF16662/gabriella-rovagnati/"
"NILF14573";"Rovani, Giuseppe";"http://www.fantascienza.com/catalogo/autori/NILF14573/giuseppe-rovani/"
"NILF22571";"Rovatti, Loreta";"http://www.fantascienza.com/catalogo/autori/NILF22571/loreta-rovatti/"
"NILF20611";"Rovero, Metella";"http://www.fantascienza.com/catalogo/autori/NILF20611/metella-rovero/"
"NILF25032";"Roversi, Riccardo";"http://www.fantascienza.com/catalogo/autori/NILF25032/riccardo-roversi/"
"NILF18763";"Rovida, Ezio";"http://www.fantascienza.com/catalogo/autori/NILF18763/ezio-rovida/"
"NILF20926";"Rovigo, Tiziana";"http://www.fantascienza.com/catalogo/autori/NILF20926/tiziana-rovigo/"
"NILF24442";"Rovin, Jeff";"http://www.fantascienza.com/catalogo/autori/NILF24442/jeff-rovin/"
"NILF24762";"Rovinetti, Bruno";"http://www.fantascienza.com/catalogo/autori/NILF24762/bruno-rovinetti/"
"NILF14575";"Rowan, Victor";"http://www.fantascienza.com/catalogo/autori/NILF14575/victor-rowan/"
"NILF17777";"Rowder, Louise";"http://www.fantascienza.com/catalogo/autori/NILF17777/louise-rowder/"
"NILF14576";"Rowland, David";"http://www.fantascienza.com/catalogo/autori/NILF14576/david-rowland/"
"NILF14577";"Rowley, Christopher";"http://www.fantascienza.com/catalogo/autori/NILF14577/christopher-rowley/"
"NILF18771";"Rowling, Joanne K.";"http://www.fantascienza.com/catalogo/autori/NILF18771/joanne-k-rowling/"
"NILF17519";"Royce, Easton";"http://www.fantascienza.com/catalogo/autori/NILF17519/easton-royce/"
"NILF17603";"Roycroft, Kenneth";"http://www.fantascienza.com/catalogo/autori/NILF17603/kenneth-roycroft/"
"NILF14578";"Royle, Nicholas";"http://www.fantascienza.com/catalogo/autori/NILF14578/nicholas-royle/"
"NILF26439";"Rozan, S. J.";"http://www.fantascienza.com/catalogo/autori/NILF26439/s-j-rozan/"
"NILF25480";"Rozanski, Joette M.";"http://www.fantascienza.com/catalogo/autori/NILF25480/joette-m-rozanski/"
"NILF14579";"Rubbi, Clara";"http://www.fantascienza.com/catalogo/autori/NILF14579/clara-rubbi/"
"NILF16452";"Rubboli, Daniele";"http://www.fantascienza.com/catalogo/autori/NILF16452/daniele-rubboli/"
"NILF21762";"Rubechini, Giuliano";"http://www.fantascienza.com/catalogo/autori/NILF21762/giuliano-rubechini/"
"NILF22714";"Ruben, R.";"http://www.fantascienza.com/catalogo/autori/NILF22714/r-ruben/"
"NILF25193";"Rubenis, Stefanie";"http://www.fantascienza.com/catalogo/autori/NILF25193/stefanie-rubenis/"
"NILF20832";"Rubeo, Ugo";"http://www.fantascienza.com/catalogo/autori/NILF20832/ugo-rubeo/"
"NILF19112";"Rubicco, Carmine";"http://www.fantascienza.com/catalogo/autori/NILF19112/carmine-rubicco/"
"NILF14581";"Rubin, Leonard";"http://www.fantascienza.com/catalogo/autori/NILF14581/leonard-rubin/"
"NILF13481";"Rubin, Mann";"http://www.fantascienza.com/catalogo/autori/NILF13481/mann-rubin/"
"NILF14582";"Rubin, Rick";"http://www.fantascienza.com/catalogo/autori/NILF14582/rick-rubin/"
"NILF19592";"Rubino, Antonio";"http://www.fantascienza.com/catalogo/autori/NILF19592/antonio-rubino/"
"NILF14583";"Rubino, Ennio";"http://www.fantascienza.com/catalogo/autori/NILF14583/ennio-rubino/"
"NILF23703";"Rubino, Gianfranco";"http://www.fantascienza.com/catalogo/autori/NILF23703/gianfranco-rubino/"
"NILF14584";"Rubinstein, Gillian";"http://www.fantascienza.com/catalogo/autori/NILF14584/gillian-rubinstein/"
"NILF14585";"Rucker, Rudy";"http://www.fantascienza.com/catalogo/autori/NILF14585/rudy-rucker/"
"NILF14586";"Rud, Anthony M.";"http://www.fantascienza.com/catalogo/autori/NILF14586/anthony-m-rud/"
"NILF19669";"Rudenko, Boris";"http://www.fantascienza.com/catalogo/autori/NILF19669/boris-rudenko/"
"NILF21229";"Ruditis, Paul";"http://www.fantascienza.com/catalogo/autori/NILF21229/paul-ruditis/"
"NILF17628";"Rudolph, ";"http://www.fantascienza.com/catalogo/autori/NILF17628/-rudolph/"
"NILF23192";"Rudorff, Raymond";"http://www.fantascienza.com/catalogo/autori/NILF23192/raymond-rudorff/"
"NILF14587";"Ruellan, Andrè";"http://www.fantascienza.com/catalogo/autori/NILF14587/andre-ruellan/"
"NILF14588";"Ruff, Matt";"http://www.fantascienza.com/catalogo/autori/NILF14588/matt-ruff/"
"NILF16448";"Ruffilli, Paolo";"http://www.fantascienza.com/catalogo/autori/NILF16448/paolo-ruffilli/"
"NILF14589";"Ruffolo, Giorgio";"http://www.fantascienza.com/catalogo/autori/NILF14589/giorgio-ruffolo/"
"NILF22441";"Rufini, Gian Pietro";"http://www.fantascienza.com/catalogo/autori/NILF22441/gian-pietro-rufini/"
"NILF16329";"Rugafiori, Claudio";"http://www.fantascienza.com/catalogo/autori/NILF16329/claudio-rugafiori/"
"NILF16746";"Rugarli, Giampaolo";"http://www.fantascienza.com/catalogo/autori/NILF16746/giampaolo-rugarli/"
"NILF24833";"Ruggieri, Franca";"http://www.fantascienza.com/catalogo/autori/NILF24833/franca-ruggieri/"
"NILF25694";"Ruggieri, Paolo";"http://www.fantascienza.com/catalogo/autori/NILF25694/paolo-ruggieri/"
"NILF14591";"Ruggiero, Dino";"http://www.fantascienza.com/catalogo/autori/NILF14591/dino-ruggiero/"
"NILF18817";"Ruiz, Enrique Labrador";"http://www.fantascienza.com/catalogo/autori/NILF18817/enrique-labrador-ruiz/"
"NILF16852";"Rulli, Enrico";"http://www.fantascienza.com/catalogo/autori/NILF16852/enrico-rulli/"
"NILF16714";"Rullo, Marina";"http://www.fantascienza.com/catalogo/autori/NILF16714/marina-rullo/"
"NILF18857";"Rumigiani, Pier Antonio";"http://www.fantascienza.com/catalogo/autori/NILF18857/pier-antonio-rumigiani/"
"NILF21449";"Rumor, Mario A.";"http://www.fantascienza.com/catalogo/autori/NILF21449/mario-a-rumor/"
"NILF21974";"Runcie, James";"http://www.fantascienza.com/catalogo/autori/NILF21974/james-runcie/"
"NILF14592";"Runcini, Adriano";"http://www.fantascienza.com/catalogo/autori/NILF14592/adriano-runcini/"
"NILF19322";"Runcini, Romolo";"http://www.fantascienza.com/catalogo/autori/NILF19322/romolo-runcini/"
"NILF14593";"Runyon, Charles W.";"http://www.fantascienza.com/catalogo/autori/NILF14593/charles-w-runyon/"
"NILF21821";"Runyon, Damon";"http://www.fantascienza.com/catalogo/autori/NILF21821/damon-runyon/"
"NILF23740";"Rupolo Spitella, Wanda";"http://www.fantascienza.com/catalogo/autori/NILF23740/wanda-rupolo-spitella/"
"NILF25383";"Rupp, William";"http://www.fantascienza.com/catalogo/autori/NILF25383/william-rupp/"
"NILF16249";"Ruppert, Conrad H.";"http://www.fantascienza.com/catalogo/autori/NILF16249/conrad-h-ruppert/"
"NILF14595";"Rusch, Kristine Kathryn";"http://www.fantascienza.com/catalogo/autori/NILF14595/kristine-kathryn-rusch/"
"NILF22421";"Rusciano, Angelo";"http://www.fantascienza.com/catalogo/autori/NILF22421/angelo-rusciano/"
"NILF14596";"Ruse, Gary Alan";"http://www.fantascienza.com/catalogo/autori/NILF14596/gary-alan-ruse/"
"NILF14597";"Rushdie, Salman";"http://www.fantascienza.com/catalogo/autori/NILF14597/salman-rushdie/"
"NILF14598";"Russ, Joanna";"http://www.fantascienza.com/catalogo/autori/NILF14598/joanna-russ/"
"NILF25324";"Russek, Linda G.";"http://www.fantascienza.com/catalogo/autori/NILF25324/linda-g-russek/"
"NILF14599";"Russell, Bertrand";"http://www.fantascienza.com/catalogo/autori/NILF14599/bertrand-russell/"
"NILF14600";"Russell, Eric Frank";"http://www.fantascienza.com/catalogo/autori/NILF14600/eric-frank-russell/"
"NILF14601";"Russell, Howard Lewis";"http://www.fantascienza.com/catalogo/autori/NILF14601/howard-lewis-russell/"
"NILF14606";"Russell, J. S.";"http://www.fantascienza.com/catalogo/autori/NILF14606/j-s-russell/"
"NILF17310";"Russell, Jay";"http://www.fantascienza.com/catalogo/autori/NILF17310/jay-russell/"
"NILF26283";"Russell, Karen";"http://www.fantascienza.com/catalogo/autori/NILF26283/karen-russell/"
"NILF18742";"Russell, Letson";"http://www.fantascienza.com/catalogo/autori/NILF18742/letson-russell/"
"NILF14603";"Russell, Miguel";"http://www.fantascienza.com/catalogo/autori/NILF14603/miguel-russell/"
"NILF14604";"Russell, Ray";"http://www.fantascienza.com/catalogo/autori/NILF14604/ray-russell/"
"NILF14605";"Russell, Robert Leonard";"http://www.fantascienza.com/catalogo/autori/NILF14605/robert-leonard-russell/"
"NILF14607";"Russell, Sean";"http://www.fantascienza.com/catalogo/autori/NILF14607/sean-russell/"
"NILF14608";"Russo, Antonino";"http://www.fantascienza.com/catalogo/autori/NILF14608/antonino-russo/"
"NILF14609";"Russo, Enzo";"http://www.fantascienza.com/catalogo/autori/NILF14609/enzo-russo/"
"NILF14610";"Russo, John";"http://www.fantascienza.com/catalogo/autori/NILF14610/john-russo/"
"NILF18896";"Russo, Luigi";"http://www.fantascienza.com/catalogo/autori/NILF18896/luigi-russo/"
"NILF14611";"Russo, Ottorino A. G.";"http://www.fantascienza.com/catalogo/autori/NILF14611/ottorino-a-g-russo/"
"NILF26158";"Russo, Pippo";"http://www.fantascienza.com/catalogo/autori/NILF26158/pippo-russo/"
"NILF14612";"Russo, Richard Paul";"http://www.fantascienza.com/catalogo/autori/NILF14612/richard-paul-russo/"
"NILF19714";"Russo, Rosa";"http://www.fantascienza.com/catalogo/autori/NILF19714/rosa-russo/"
"NILF20814";"Russo, Valeria E.";"http://www.fantascienza.com/catalogo/autori/NILF20814/valeria-e-russo/"
"NILF23907";"Russo, Vincenzo";"http://www.fantascienza.com/catalogo/autori/NILF23907/vincenzo-russo/"
"NILF24990";"Russomanno, Giorgio";"http://www.fantascienza.com/catalogo/autori/NILF24990/giorgio-russomanno/"
"NILF16750";"Rustapiga, Gavino";"http://www.fantascienza.com/catalogo/autori/NILF16750/gavino-rustapiga/"
"NILF14613";"Rutherford, Michael";"http://www.fantascienza.com/catalogo/autori/NILF14613/michael-rutherford/"
"NILF14616";"Ryan, Alan";"http://www.fantascienza.com/catalogo/autori/NILF14616/alan-ryan/"
"NILF26078";"Ryan, Cornelius";"http://www.fantascienza.com/catalogo/autori/NILF26078/cornelius-ryan/"
"NILF17002";"Ryan, Kevin";"http://www.fantascienza.com/catalogo/autori/NILF17002/kevin-ryan/"
"NILF19451";"Ryck, Francis";"http://www.fantascienza.com/catalogo/autori/NILF19451/francis-ryck/"
"NILF14619";"Ryman, Geoff";"http://www.fantascienza.com/catalogo/autori/NILF14619/geoff-ryman/"
"NILF19265";"Rymer, James Malcolm";"http://www.fantascienza.com/catalogo/autori/NILF19265/james-malcolm-rymer/"
"NILF26699";"Ryner, Han";"http://www.fantascienza.com/catalogo/autori/NILF26699/han-ryner/"
"NILF14621";"Ryuko Mijoshi, ";"http://www.fantascienza.com/catalogo/autori/NILF14621/-ryuko-mijoshi/"
