"NILF16084";"T., G.";"http://www.fantascienza.com/catalogo/autori/NILF16084/g-t/"
"NILF16284";"T., U.";"http://www.fantascienza.com/catalogo/autori/NILF16284/u-t/"
"NILF15168";"Tabacco, Maurizio";"http://www.fantascienza.com/catalogo/autori/NILF15168/maurizio-tabacco/"
"NILF17346";"Tabasso, Remo";"http://www.fantascienza.com/catalogo/autori/NILF17346/remo-tabasso/"
"NILF15169";"Taborelli, Giorgio";"http://www.fantascienza.com/catalogo/autori/NILF15169/giorgio-taborelli/"
"NILF16546";"Tabucchi, Antonio";"http://www.fantascienza.com/catalogo/autori/NILF16546/antonio-tabucchi/"
"NILF15170";"Taccone, Luigi";"http://www.fantascienza.com/catalogo/autori/NILF15170/luigi-taccone/"
"NILF23107";"Tacconi, Alessandro";"http://www.fantascienza.com/catalogo/autori/NILF23107/alessandro-tacconi/"
"NILF15171";"Tacconi, Bruno";"http://www.fantascienza.com/catalogo/autori/NILF15171/bruno-tacconi/"
"NILF22378";"Taddeucci, Roberto";"http://www.fantascienza.com/catalogo/autori/NILF22378/roberto-taddeucci/"
"NILF15172";"Tadlock, Max";"http://www.fantascienza.com/catalogo/autori/NILF15172/max-tadlock/"
"NILF26460";"Tafelli, Michela";"http://www.fantascienza.com/catalogo/autori/NILF26460/michela-tafelli/"
"NILF15173";"Tafoya, Terry";"http://www.fantascienza.com/catalogo/autori/NILF15173/terry-tafoya/"
"NILF16325";"Tagliaferri, Aldo";"http://www.fantascienza.com/catalogo/autori/NILF16325/aldo-tagliaferri/"
"NILF26038";"Tagliaferri, Laura";"http://www.fantascienza.com/catalogo/autori/NILF26038/laura-tagliaferri/"
"NILF20353";"Tagliasco, Vincenzo";"http://www.fantascienza.com/catalogo/autori/NILF20353/vincenzo-tagliasco/"
"NILF24666";"Tagliaventi, Alessia";"http://www.fantascienza.com/catalogo/autori/NILF24666/alessia-tagliaventi/"
"NILF26715";"Tagliavini, Grazia";"http://www.fantascienza.com/catalogo/autori/NILF26715/grazia-tagliavini/"
"NILF15175";"Taglioli, Riccardo";"http://www.fantascienza.com/catalogo/autori/NILF15175/riccardo-taglioli/"
"NILF25182";"Tagore, Rabindranath";"http://www.fantascienza.com/catalogo/autori/NILF25182/rabindranath-tagore/"
"NILF25177";"Taguchi Randy, ";"http://www.fantascienza.com/catalogo/autori/NILF25177/-taguchi-randy/"
"NILF17042";"Taibo Ii, Paco Ignacio";"http://www.fantascienza.com/catalogo/autori/NILF17042/paco-ignacio-taibo-ii/"
"NILF15176";"Taine, John";"http://www.fantascienza.com/catalogo/autori/NILF15176/john-taine/"
"NILF21291";"Takekawa Sei, ";"http://www.fantascienza.com/catalogo/autori/NILF21291/-takekawa-sei/"
"NILF23223";"Talamo, Beatrice";"http://www.fantascienza.com/catalogo/autori/NILF23223/beatrice-talamo/"
"NILF15178";"Talamonti, Giuliano";"http://www.fantascienza.com/catalogo/autori/NILF15178/giuliano-talamonti/"
"NILF17745";"Talia, Antonio";"http://www.fantascienza.com/catalogo/autori/NILF17745/antonio-talia/"
"NILF15180";"Tall, Stephen";"http://www.fantascienza.com/catalogo/autori/NILF15180/stephen-tall/"
"NILF15181";"Talman, Wilfred Blanch";"http://www.fantascienza.com/catalogo/autori/NILF15181/wilfred-blanch-talman/"
"NILF19215";"Talone, Renzo";"http://www.fantascienza.com/catalogo/autori/NILF19215/renzo-talone/"
"NILF15182";"Tamagni, Franco";"http://www.fantascienza.com/catalogo/autori/NILF15182/franco-tamagni/"
"NILF25569";"Tamagnini, Luciano";"http://www.fantascienza.com/catalogo/autori/NILF25569/luciano-tamagnini/"
"NILF19761";"Tamanini, Tullio";"http://www.fantascienza.com/catalogo/autori/NILF19761/tullio-tamanini/"
"NILF24695";"Tamaro, Susanna";"http://www.fantascienza.com/catalogo/autori/NILF24695/susanna-tamaro/"
"NILF16134";"Tamburi, Dante";"http://www.fantascienza.com/catalogo/autori/NILF16134/dante-tamburi/"
"NILF15184";"Tamburini, Gabriele";"http://www.fantascienza.com/catalogo/autori/NILF15184/gabriele-tamburini/"
"NILF21450";"Tamiazzo, Sergio";"http://www.fantascienza.com/catalogo/autori/NILF21450/sergio-tamiazzo/"
"NILF24131";"Tammuz, Benjamin";"http://www.fantascienza.com/catalogo/autori/NILF24131/benjamin-tammuz/"
"NILF21853";"Tanaka Hirofumi, ";"http://www.fantascienza.com/catalogo/autori/NILF21853/-tanaka-hirofumi/"
"NILF25336";"Tanari, Claudio";"http://www.fantascienza.com/catalogo/autori/NILF25336/claudio-tanari/"
"NILF21427";"Tanfani, R.";"http://www.fantascienza.com/catalogo/autori/NILF21427/r-tanfani/"
"NILF21357";"Tangheroni, Marco";"http://www.fantascienza.com/catalogo/autori/NILF21357/marco-tangheroni/"
"NILF26213";"Tani, Cinzia";"http://www.fantascienza.com/catalogo/autori/NILF26213/cinzia-tani/"
"NILF15186";"Tanner, Charles R.";"http://www.fantascienza.com/catalogo/autori/NILF15186/charles-r-tanner/"
"NILF18134";"Tannucci-Nannini, M.";"http://www.fantascienza.com/catalogo/autori/NILF18134/m-tannucci-nannini/"
"NILF16884";"Tanzi, Roberto";"http://www.fantascienza.com/catalogo/autori/NILF16884/roberto-tanzi/"
"NILF19467";"Tarani, Massimiliano";"http://www.fantascienza.com/catalogo/autori/NILF19467/massimiliano-tarani/"
"NILF25726";"Tarantino, Quentin";"http://www.fantascienza.com/catalogo/autori/NILF25726/quentin-tarantino/"
"NILF15187";"Tarcher, Jeremy";"http://www.fantascienza.com/catalogo/autori/NILF15187/jeremy-tarcher/"
"NILF15188";"Tarchetti, Igino Ugo";"http://www.fantascienza.com/catalogo/autori/NILF15188/igino-ugo-tarchetti/"
"NILF20367";"Tardiola, Giuseppe";"http://www.fantascienza.com/catalogo/autori/NILF20367/giuseppe-tardiola/"
"NILF23779";"Tarenzi, Luca";"http://www.fantascienza.com/catalogo/autori/NILF23779/luca-tarenzi/"
"NILF26046";"Tarizzo, Marino";"http://www.fantascienza.com/catalogo/autori/NILF26046/marino-tarizzo/"
"NILF18954";"Tarkington, James";"http://www.fantascienza.com/catalogo/autori/NILF18954/james-tarkington/"
"NILF15189";"Tarlach, Gemma";"http://www.fantascienza.com/catalogo/autori/NILF15189/gemma-tarlach/"
"NILF20929";"Taroppi, Andrea";"http://www.fantascienza.com/catalogo/autori/NILF20929/andrea-taroppi/"
"NILF23556";"Tarozzi, Bianca";"http://www.fantascienza.com/catalogo/autori/NILF23556/bianca-tarozzi/"
"NILF15190";"Tarr, Judith";"http://www.fantascienza.com/catalogo/autori/NILF15190/judith-tarr/"
"NILF15193";"Tartari, Gloria";"http://www.fantascienza.com/catalogo/autori/NILF15193/gloria-tartari/"
"NILF15194";"Tasca, Salvatore";"http://www.fantascienza.com/catalogo/autori/NILF15194/salvatore-tasca/"
"NILF26061";"Tassan, Roberto";"http://www.fantascienza.com/catalogo/autori/NILF26061/roberto-tassan/"
"NILF15195";"Tassi, Massimo";"http://www.fantascienza.com/catalogo/autori/NILF15195/massimo-tassi/"
"NILF23573";"Tassi, Roberto";"http://www.fantascienza.com/catalogo/autori/NILF23573/roberto-tassi/"
"NILF22900";"Tassinari, Stefano";"http://www.fantascienza.com/catalogo/autori/NILF22900/stefano-tassinari/"
"NILF26264";"Tassitano, Claudio";"http://www.fantascienza.com/catalogo/autori/NILF26264/claudio-tassitano/"
"NILF16319";"Tasso, Bruno";"http://www.fantascienza.com/catalogo/autori/NILF16319/bruno-tasso/"
"NILF20297";"Tatarella, Angela Filipponio";"http://www.fantascienza.com/catalogo/autori/NILF20297/angela-filipponio-tatarella/"
"NILF15196";"Tate, Peter";"http://www.fantascienza.com/catalogo/autori/NILF15196/peter-tate/"
"NILF25601";"Tatsumi Takayuki, ";"http://www.fantascienza.com/catalogo/autori/NILF25601/-tatsumi-takayuki/"
"NILF15198";"Tatto, Luigi";"http://www.fantascienza.com/catalogo/autori/NILF15198/luigi-tatto/"
"NILF17738";"Tauceri, Franco";"http://www.fantascienza.com/catalogo/autori/NILF17738/franco-tauceri/"
"NILF23104";"Tavella, Emanuela";"http://www.fantascienza.com/catalogo/autori/NILF23104/emanuela-tavella/"
"NILF15199";"Taves, Ernest";"http://www.fantascienza.com/catalogo/autori/NILF15199/ernest-taves/"
"NILF16842";"Tavosanis, Mirko";"http://www.fantascienza.com/catalogo/autori/NILF16842/mirko-tavosanis/"
"NILF18564";"Taylor, Alan John Percival";"http://www.fantascienza.com/catalogo/autori/NILF18564/alan-john-percival-taylor/"
"NILF24952";"Taylor, Andrew";"http://www.fantascienza.com/catalogo/autori/NILF24952/andrew-taylor/"
"NILF16151";"Taylor, Angus";"http://www.fantascienza.com/catalogo/autori/NILF16151/angus-taylor/"
"NILF18232";"Taylor, Bernard";"http://www.fantascienza.com/catalogo/autori/NILF18232/bernard-taylor/"
"NILF15200";"Taylor, D. W.";"http://www.fantascienza.com/catalogo/autori/NILF15200/d-w-taylor/"
"NILF15201";"Taylor, Elizabeth";"http://www.fantascienza.com/catalogo/autori/NILF15201/elizabeth-taylor/"
"NILF23315";"Taylor, G. P.";"http://www.fantascienza.com/catalogo/autori/NILF23315/g-p-taylor/"
"NILF15202";"Taylor, Jery";"http://www.fantascienza.com/catalogo/autori/NILF15202/jery-taylor/"
"NILF15203";"Taylor, Keith";"http://www.fantascienza.com/catalogo/autori/NILF15203/keith-taylor/"
"NILF15204";"Taylor, Lisa";"http://www.fantascienza.com/catalogo/autori/NILF15204/lisa-taylor/"
"NILF17203";"Taylor, Lucy";"http://www.fantascienza.com/catalogo/autori/NILF17203/lucy-taylor/"
"NILF15205";"Taylor, Peter";"http://www.fantascienza.com/catalogo/autori/NILF15205/peter-taylor/"
"NILF26378";"Taylor, Richard";"http://www.fantascienza.com/catalogo/autori/NILF26378/richard-taylor/"
"NILF15207";"Taylor, Roger";"http://www.fantascienza.com/catalogo/autori/NILF15207/roger-taylor/"
"NILF15208";"Tealdi, Erberto";"http://www.fantascienza.com/catalogo/autori/NILF15208/erberto-tealdi/"
"NILF21796";"Tebano, Roberto";"http://www.fantascienza.com/catalogo/autori/NILF21796/roberto-tebano/"
"NILF16301";"Tecchi, Bonaventura";"http://www.fantascienza.com/catalogo/autori/NILF16301/bonaventura-tecchi/"
"NILF15209";"Techa, Luis Garcia";"http://www.fantascienza.com/catalogo/autori/NILF15209/luis-garcia-techa/"
"NILF22444";"Tedeschi, Alberto";"http://www.fantascienza.com/catalogo/autori/NILF22444/alberto-tedeschi/"
"NILF19062";"Teed, Jack Hamilton";"http://www.fantascienza.com/catalogo/autori/NILF19062/jack-hamilton-teed/"
"NILF17674";"Tegani, Ulderico";"http://www.fantascienza.com/catalogo/autori/NILF17674/ulderico-tegani/"
"NILF25513";"Teisson, Janine";"http://www.fantascienza.com/catalogo/autori/NILF25513/janine-teisson/"
"NILF21742";"Telese, Luca";"http://www.fantascienza.com/catalogo/autori/NILF21742/luca-telese/"
"NILF24082";"Telešov, Nicolaj Dmitrievič";"http://www.fantascienza.com/catalogo/autori/NILF24082/nicolaj-dmitrievic-telesov/"
"NILF21108";"Teller, Janne";"http://www.fantascienza.com/catalogo/autori/NILF21108/janne-teller/"
"NILF24615";"Tellini, Gino";"http://www.fantascienza.com/catalogo/autori/NILF24615/gino-tellini/"
"NILF19772";"Telos, ";"http://www.fantascienza.com/catalogo/autori/NILF19772/-telos/"
"NILF15212";"Tem, Melanie";"http://www.fantascienza.com/catalogo/autori/NILF15212/melanie-tem/"
"NILF15213";"Tem, Steve Rasnic";"http://www.fantascienza.com/catalogo/autori/NILF15213/steve-rasnic-tem/"
"NILF21418";"Temey, G.";"http://www.fantascienza.com/catalogo/autori/NILF21418/g-temey/"
"NILF15214";"Temple, William F.";"http://www.fantascienza.com/catalogo/autori/NILF15214/william-f-temple/"
"NILF15215";"Templeton, Hermine";"http://www.fantascienza.com/catalogo/autori/NILF15215/hermine-templeton/"
"NILF25488";"Temporin, Maurizio";"http://www.fantascienza.com/catalogo/autori/NILF25488/maurizio-temporin/"
"NILF15216";"Temporini, Roberto";"http://www.fantascienza.com/catalogo/autori/NILF15216/roberto-temporini/"
"NILF15217";"Tenn, William";"http://www.fantascienza.com/catalogo/autori/NILF15217/william-tenn/"
"NILF15218";"Tennant, Emma";"http://www.fantascienza.com/catalogo/autori/NILF15218/emma-tennant/"
"NILF19588";"Tennyson, Lord Alfred";"http://www.fantascienza.com/catalogo/autori/NILF19588/lord-alfred-tennyson/"
"NILF26468";"Ténor, Arthur";"http://www.fantascienza.com/catalogo/autori/NILF26468/arthur-t-enor/"
"NILF17431";"Tentori, Antonio";"http://www.fantascienza.com/catalogo/autori/NILF17431/antonio-tentori/"
"NILF15219";"Teodorani, Alda";"http://www.fantascienza.com/catalogo/autori/NILF15219/alda-teodorani/"
"NILF15220";"Teppati, Giancarlo";"http://www.fantascienza.com/catalogo/autori/NILF15220/giancarlo-teppati/"
"NILF15221";"Tepper, Sheri S.";"http://www.fantascienza.com/catalogo/autori/NILF15221/sheri-s-tepper/"
"NILF24980";"Terakowska, Dorota";"http://www.fantascienza.com/catalogo/autori/NILF24980/dorota-terakowska/"
"NILF19088";"Terlouw, Jan";"http://www.fantascienza.com/catalogo/autori/NILF19088/jan-terlouw/"
"NILF24593";"Termine, Liborio";"http://www.fantascienza.com/catalogo/autori/NILF24593/liborio-termine/"
"NILF15223";"Terraciano, Sergio";"http://www.fantascienza.com/catalogo/autori/NILF15223/sergio-terraciano/"
"NILF21981";"Terranova, Annalisa";"http://www.fantascienza.com/catalogo/autori/NILF21981/annalisa-terranova/"
"NILF18112";"Terranova, Paolo";"http://www.fantascienza.com/catalogo/autori/NILF18112/paolo-terranova/"
"NILF15225";"Terrill, Appleby";"http://www.fantascienza.com/catalogo/autori/NILF15225/appleby-terrill/"
"NILF25862";"Terrone, Enrico";"http://www.fantascienza.com/catalogo/autori/NILF25862/enrico-terrone/"
"NILF26198";"Teruzzi, Rosa";"http://www.fantascienza.com/catalogo/autori/NILF26198/rosa-teruzzi/"
"NILF16078";"Terzi, Corrado";"http://www.fantascienza.com/catalogo/autori/NILF16078/corrado-terzi/"
"NILF15226";"Terzi, Lodovico";"http://www.fantascienza.com/catalogo/autori/NILF15226/lodovico-terzi/"
"NILF18947";"Terzi, Primo";"http://www.fantascienza.com/catalogo/autori/NILF18947/primo-terzi/"
"NILF15227";"Terzoli, Italo";"http://www.fantascienza.com/catalogo/autori/NILF15227/italo-terzoli/"
"NILF15228";"Terzoli, Laura";"http://www.fantascienza.com/catalogo/autori/NILF15228/laura-terzoli/"
"NILF21008";"Terzuoli, Emanuele";"http://www.fantascienza.com/catalogo/autori/NILF21008/emanuele-terzuoli/"
"NILF19102";"Tessarin, Monica";"http://www.fantascienza.com/catalogo/autori/NILF19102/monica-tessarin/"
"NILF15229";"Tessera, Gianni";"http://www.fantascienza.com/catalogo/autori/NILF15229/gianni-tessera/"
"NILF15230";"Tessier, Thomas";"http://www.fantascienza.com/catalogo/autori/NILF15230/thomas-tessier/"
"NILF16286";"Testa, Ennio";"http://www.fantascienza.com/catalogo/autori/NILF16286/ennio-testa/"
"NILF21563";"Testa, Francesco";"http://www.fantascienza.com/catalogo/autori/NILF21563/francesco-testa/"
"NILF23775";"Testa, Gianluca";"http://www.fantascienza.com/catalogo/autori/NILF23775/gianluca-testa/"
"NILF21113";"Testa, Martina";"http://www.fantascienza.com/catalogo/autori/NILF21113/martina-testa/"
"NILF24528";"Testa, Raffaella";"http://www.fantascienza.com/catalogo/autori/NILF24528/raffaella-testa/"
"NILF25977";"Testori, Giovanni";"http://www.fantascienza.com/catalogo/autori/NILF25977/giovanni-testori/"
"NILF21227";"Teti, Vito";"http://www.fantascienza.com/catalogo/autori/NILF21227/vito-teti/"
"NILF15231";"Tetro, Michele";"http://www.fantascienza.com/catalogo/autori/NILF15231/michele-tetro/"
"NILF25731";"Teuber, Klaus";"http://www.fantascienza.com/catalogo/autori/NILF25731/klaus-teuber/"
"NILF15232";"Tevis, Walter S.";"http://www.fantascienza.com/catalogo/autori/NILF15232/walter-s-tevis/"
"NILF15233";"Thackeray, William Makepeace";"http://www.fantascienza.com/catalogo/autori/NILF15233/william-makepeace-thackeray/"
"NILF22605";"Thaon Di Revel, Paola";"http://www.fantascienza.com/catalogo/autori/NILF22605/paola-thaon-di-revel/"
"NILF15234";"Tharp, Beebe";"http://www.fantascienza.com/catalogo/autori/NILF15234/beebe-tharp/"
"NILF15235";"Thayer, Frank D. jr.";"http://www.fantascienza.com/catalogo/autori/NILF15235/frank-d-jr-thayer/"
"NILF26469";"The Beastly Boys, ";"http://www.fantascienza.com/catalogo/autori/NILF26469/-the-beastly-boys/"
"NILF21933";"The Harvard Lampoon, ";"http://www.fantascienza.com/catalogo/autori/NILF21933/-the-harvard-lampoon/"
"NILF15236";"Thelen, Carl";"http://www.fantascienza.com/catalogo/autori/NILF15236/carl-thelen/"
"NILF20864";"Themerson, Stefan";"http://www.fantascienza.com/catalogo/autori/NILF20864/stefan-themerson/"
"NILF15237";"Theriault, Ives";"http://www.fantascienza.com/catalogo/autori/NILF15237/ives-theriault/"
"NILF15238";"Theroux, Paul";"http://www.fantascienza.com/catalogo/autori/NILF15238/paul-theroux/"
"NILF21002";"Thesman, Jean";"http://www.fantascienza.com/catalogo/autori/NILF21002/jean-thesman/"
"NILF18125";"Thevenin, René";"http://www.fantascienza.com/catalogo/autori/NILF18125/ren-e-thevenin/"
"NILF15240";"Thielen, Paul";"http://www.fantascienza.com/catalogo/autori/NILF15240/paul-thielen/"
"NILF15241";"Thiella, Patrizia";"http://www.fantascienza.com/catalogo/autori/NILF15241/patrizia-thiella/"
"NILF20910";"Thieme, J. G.";"http://www.fantascienza.com/catalogo/autori/NILF20910/j-g-thieme/"
"NILF17726";"Thierney, Frank";"http://www.fantascienza.com/catalogo/autori/NILF17726/frank-thierney/"
"NILF21744";"Thigpen, Kenneth A.";"http://www.fantascienza.com/catalogo/autori/NILF21744/kenneth-a-thigpen/"
"NILF22567";"Thiking, Jack";"http://www.fantascienza.com/catalogo/autori/NILF22567/jack-thiking/"
"NILF25363";"Thilliez, Franck";"http://www.fantascienza.com/catalogo/autori/NILF25363/franck-thilliez/"
"NILF25642";"Thole, Ernest";"http://www.fantascienza.com/catalogo/autori/NILF25642/ernest-thole/"
"NILF20347";"Thole, Karel";"http://www.fantascienza.com/catalogo/autori/NILF20347/karel-thole/"
"NILF15242";"Thomas, Craig";"http://www.fantascienza.com/catalogo/autori/NILF15242/craig-thomas/"
"NILF15244";"Thomas, Danielle";"http://www.fantascienza.com/catalogo/autori/NILF15244/danielle-thomas/"
"NILF15245";"Thomas, Dylan";"http://www.fantascienza.com/catalogo/autori/NILF15245/dylan-thomas/"
"NILF15246";"Thomas, Elizabeth Marshall";"http://www.fantascienza.com/catalogo/autori/NILF15246/elizabeth-marshall-thomas/"
"NILF15247";"Thomas, John B.";"http://www.fantascienza.com/catalogo/autori/NILF15247/john-b-thomas/"
"NILF24019";"Thomas, Martin";"http://www.fantascienza.com/catalogo/autori/NILF24019/martin-thomas/"
"NILF19224";"Thomas, Pascal J.";"http://www.fantascienza.com/catalogo/autori/NILF19224/pascal-j-thomas/"
"NILF16178";"Thomas, Paul Edmund";"http://www.fantascienza.com/catalogo/autori/NILF16178/paul-edmund-thomas/"
"NILF17409";"Thomas, Quentin";"http://www.fantascienza.com/catalogo/autori/NILF17409/quentin-thomas/"
"NILF25848";"Thomas, Scarlett";"http://www.fantascienza.com/catalogo/autori/NILF25848/scarlett-thomas/"
"NILF15249";"Thomas, Theodore L.";"http://www.fantascienza.com/catalogo/autori/NILF15249/theodore-l-thomas/"
"NILF15250";"Thomas, Thomas T.";"http://www.fantascienza.com/catalogo/autori/NILF15250/thomas-t-thomas/"
"NILF24189";"Thomas-Bilstein, Jacques";"http://www.fantascienza.com/catalogo/autori/NILF24189/jacques-thomas-bilstein/"
"NILF15251";"Thompson, C. Hall";"http://www.fantascienza.com/catalogo/autori/NILF15251/c-hall-thompson/"
"NILF15252";"Thompson, Edward P.";"http://www.fantascienza.com/catalogo/autori/NILF15252/edward-p-thompson/"
"NILF15943";"Thompson, Elizabeth";"http://www.fantascienza.com/catalogo/autori/NILF15943/elizabeth-thompson/"
"NILF23786";"Thompson, Frank";"http://www.fantascienza.com/catalogo/autori/NILF23786/frank-thompson/"
"NILF15253";"Thompson, Gene";"http://www.fantascienza.com/catalogo/autori/NILF15253/gene-thompson/"
"NILF15254";"Thompson, James E.";"http://www.fantascienza.com/catalogo/autori/NILF15254/james-e-thompson/"
"NILF15255";"Thompson, Jessie";"http://www.fantascienza.com/catalogo/autori/NILF15255/jessie-thompson/"
"NILF20871";"Thompson, Joyce";"http://www.fantascienza.com/catalogo/autori/NILF20871/joyce-thompson/"
"NILF18095";"Thompson, Kate";"http://www.fantascienza.com/catalogo/autori/NILF18095/kate-thompson/"
"NILF26138";"Thompson, Kathi";"http://www.fantascienza.com/catalogo/autori/NILF26138/kathi-thompson/"
"NILF15256";"Thompson, Paul [B.]";"http://www.fantascienza.com/catalogo/autori/NILF15256/paul-b-thompson/"
"NILF17647";"Thomsen, Brian";"http://www.fantascienza.com/catalogo/autori/NILF17647/brian-thomsen/"
"NILF15259";"Thomson, H. L.";"http://www.fantascienza.com/catalogo/autori/NILF15259/h-l-thomson/"
"NILF24423";"Thomson, Rupert";"http://www.fantascienza.com/catalogo/autori/NILF24423/rupert-thomson/"
"NILF15260";"Thomson, Sir Basil";"http://www.fantascienza.com/catalogo/autori/NILF15260/sir-basil-thomson/"
"NILF19515";"Thöni, Roberto";"http://www.fantascienza.com/catalogo/autori/NILF19515/roberto-thoni/"
"NILF22927";"Thorn, Catherine";"http://www.fantascienza.com/catalogo/autori/NILF22927/catherine-thorn/"
"NILF18403";"Thorne, Guy";"http://www.fantascienza.com/catalogo/autori/NILF18403/guy-thorne/"
"NILF15261";"Thornley, Cam";"http://www.fantascienza.com/catalogo/autori/NILF15261/cam-thornley/"
"NILF17588";"Thornley, Kerry";"http://www.fantascienza.com/catalogo/autori/NILF17588/kerry-thornley/"
"NILF21900";"Thorpe, Gav";"http://www.fantascienza.com/catalogo/autori/NILF21900/gav-thorpe/"
"NILF26338";"Thorsteinsson, Thorvaldur";"http://www.fantascienza.com/catalogo/autori/NILF26338/thorvaldur-thorsteinsson/"
"NILF15263";"Thurber, James";"http://www.fantascienza.com/catalogo/autori/NILF15263/james-thurber/"
"NILF15264";"Thurston, Laura";"http://www.fantascienza.com/catalogo/autori/NILF15264/laura-thurston/"
"NILF15265";"Thurston, Robert";"http://www.fantascienza.com/catalogo/autori/NILF15265/robert-thurston/"
"NILF22655";"Tiadina, Rosella";"http://www.fantascienza.com/catalogo/autori/NILF22655/rosella-tiadina/"
"NILF21659";"Tibaldi, Ettore";"http://www.fantascienza.com/catalogo/autori/NILF21659/ettore-tibaldi/"
"NILF21468";"Tickney, Walt";"http://www.fantascienza.com/catalogo/autori/NILF21468/walt-tickney/"
"NILF16447";"Ticozzi, Luigi";"http://www.fantascienza.com/catalogo/autori/NILF16447/luigi-ticozzi/"
"NILF24705";"Tidhar, Lavie";"http://www.fantascienza.com/catalogo/autori/NILF24705/lavie-tidhar/"
"NILF15267";"Tieck, Ludwig";"http://www.fantascienza.com/catalogo/autori/NILF15267/ludwig-tieck/"
"NILF17291";"Tiedemann, Mark W.";"http://www.fantascienza.com/catalogo/autori/NILF17291/mark-w-tiedemann/"
"NILF15268";"Tieplov, L.";"http://www.fantascienza.com/catalogo/autori/NILF15268/l-tieplov/"
"NILF23470";"Tiernan, Cate";"http://www.fantascienza.com/catalogo/autori/NILF23470/cate-tiernan/"
"NILF16379";"Tierney, Richard L.";"http://www.fantascienza.com/catalogo/autori/NILF16379/richard-l-tierney/"
"NILF15269";"Tigrina, ";"http://www.fantascienza.com/catalogo/autori/NILF15269/-tigrina/"
"NILF23460";"Tilghman, Christopher";"http://www.fantascienza.com/catalogo/autori/NILF23460/christopher-tilghman/"
"NILF15271";"Tilley, Patrick";"http://www.fantascienza.com/catalogo/autori/NILF15271/patrick-tilley/"
"NILF15270";"Tillier, R[ina]";"http://www.fantascienza.com/catalogo/autori/NILF15270/rina-tillier/"
"NILF17510";"Tillman, Lynne";"http://www.fantascienza.com/catalogo/autori/NILF17510/lynne-tillman/"
"NILF26685";"Tiloca, Paola";"http://www.fantascienza.com/catalogo/autori/NILF26685/paola-tiloca/"
"NILF15272";"Tilton, Lois";"http://www.fantascienza.com/catalogo/autori/NILF15272/lois-tilton/"
"NILF15273";"Timlett, Peter Valentine";"http://www.fantascienza.com/catalogo/autori/NILF15273/peter-valentine-timlett/"
"NILF22226";"Timmons, Stan";"http://www.fantascienza.com/catalogo/autori/NILF22226/stan-timmons/"
"NILF15274";"Timperley, Rosemary";"http://www.fantascienza.com/catalogo/autori/NILF15274/rosemary-timperley/"
"NILF19790";"Timpone, Anthony";"http://www.fantascienza.com/catalogo/autori/NILF19790/anthony-timpone/"
"NILF15275";"Tine, Robert";"http://www.fantascienza.com/catalogo/autori/NILF15275/robert-tine/"
"NILF23441";"Tinelli, Giorgio";"http://www.fantascienza.com/catalogo/autori/NILF23441/giorgio-tinelli/"
"NILF19585";"Tiner, Ron";"http://www.fantascienza.com/catalogo/autori/NILF19585/ron-tiner/"
"NILF15276";"Ting Ch'En, ";"http://www.fantascienza.com/catalogo/autori/NILF15276/-ting-ch-en/"
"NILF15277";"Ting Yi, ";"http://www.fantascienza.com/catalogo/autori/NILF15277/-ting-yi/"
"NILF15278";"Tinivella, Claudio";"http://www.fantascienza.com/catalogo/autori/NILF15278/claudio-tinivella/"
"NILF18188";"Tintori, Angelica";"http://www.fantascienza.com/catalogo/autori/NILF18188/angelica-tintori/"
"NILF15279";"Tiptree, James jr.";"http://www.fantascienza.com/catalogo/autori/NILF15279/james-jr-tiptree/"
"NILF25175";"Tiraboschi, Luca";"http://www.fantascienza.com/catalogo/autori/NILF25175/luca-tiraboschi/"
"NILF25218";"Tirino, Mario";"http://www.fantascienza.com/catalogo/autori/NILF25218/mario-tirino/"
"NILF19351";"Tišma, Aleksandar";"http://www.fantascienza.com/catalogo/autori/NILF19351/aleksandar-tisma/"
"NILF23697";"Tiso, Ciriaco";"http://www.fantascienza.com/catalogo/autori/NILF23697/ciriaco-tiso/"
"NILF15280";"Titov, Vladimir P.";"http://www.fantascienza.com/catalogo/autori/NILF15280/vladimir-p-titov/"
"NILF20580";"Titta, Gualberto";"http://www.fantascienza.com/catalogo/autori/NILF20580/gualberto-titta/"
"NILF20866";"Titus, Eve";"http://www.fantascienza.com/catalogo/autori/NILF20866/eve-titus/"
"NILF15281";"To Life, Herald";"http://www.fantascienza.com/catalogo/autori/NILF15281/herald-to-life/"
"NILF15282";"Toaldo, Elio";"http://www.fantascienza.com/catalogo/autori/NILF15282/elio-toaldo/"
"NILF19543";"Tobias, Ronald B.";"http://www.fantascienza.com/catalogo/autori/NILF19543/ronald-b-tobias/"
"NILF21424";"Tobino, Mario";"http://www.fantascienza.com/catalogo/autori/NILF21424/mario-tobino/"
"NILF23746";"Todarello, Luca Maria";"http://www.fantascienza.com/catalogo/autori/NILF23746/luca-maria-todarello/"
"NILF20235";"Todeschini, Giacomo";"http://www.fantascienza.com/catalogo/autori/NILF20235/giacomo-todeschini/"
"NILF23411";"Todisco, Anna";"http://www.fantascienza.com/catalogo/autori/NILF23411/anna-todisco/"
"NILF21997";"Todisco, Giuseppe";"http://www.fantascienza.com/catalogo/autori/NILF21997/giuseppe-todisco/"
"NILF19310";"Todorov, Tzvetan";"http://www.fantascienza.com/catalogo/autori/NILF19310/tzvetan-todorov/"
"NILF25472";"Tofet, Fedele";"http://www.fantascienza.com/catalogo/autori/NILF25472/fedele-tofet/"
"NILF22413";"Toffoletto, Angelo";"http://www.fantascienza.com/catalogo/autori/NILF22413/angelo-toffoletto/"
"NILF15283";"Tofte, Arthur R.";"http://www.fantascienza.com/catalogo/autori/NILF15283/arthur-r-tofte/"
"NILF22415";"Togliani, Victor";"http://www.fantascienza.com/catalogo/autori/NILF22415/victor-togliani/"
"NILF18755";"Tognolini, Bruno";"http://www.fantascienza.com/catalogo/autori/NILF18755/bruno-tognolini/"
"NILF19109";"Tolfa, Barbara";"http://www.fantascienza.com/catalogo/autori/NILF19109/barbara-tolfa/"
"NILF16483";"Tolkien, Christopher";"http://www.fantascienza.com/catalogo/autori/NILF16483/christopher-tolkien/"
"NILF15284";"Tolkien, J. R. R.";"http://www.fantascienza.com/catalogo/autori/NILF15284/j-r-r-tolkien/"
"NILF15285";"Tolstoj, Aleksej K.";"http://www.fantascienza.com/catalogo/autori/NILF15285/aleksej-k-tolstoj/"
"NILF15286";"Tolstoj, Aleksej N.";"http://www.fantascienza.com/catalogo/autori/NILF15286/aleksej-n-tolstoj/"
"NILF15287";"Tolstoj, Lev";"http://www.fantascienza.com/catalogo/autori/NILF15287/lev-tolstoj/"
"NILF19131";"Tolstoy, Nikolai";"http://www.fantascienza.com/catalogo/autori/NILF19131/nikolai-tolstoy/"
"NILF21825";"Toman, Walter";"http://www.fantascienza.com/catalogo/autori/NILF21825/walter-toman/"
"NILF16091";"Tomaselli, Gino";"http://www.fantascienza.com/catalogo/autori/NILF16091/gino-tomaselli/"
"NILF24447";"Tomasetta, Leonardo";"http://www.fantascienza.com/catalogo/autori/NILF24447/leonardo-tomasetta/"
"NILF23417";"Tomasi, Diego";"http://www.fantascienza.com/catalogo/autori/NILF23417/diego-tomasi/"
"NILF17482";"Tomasi, Silvia";"http://www.fantascienza.com/catalogo/autori/NILF17482/silvia-tomasi/"
"NILF15288";"Tomasi Di Lampedusa, Giuseppe";"http://www.fantascienza.com/catalogo/autori/NILF15288/giuseppe-tomasi-di-lampedusa/"
"NILF23202";"Tomasini, Patrizia Romeo";"http://www.fantascienza.com/catalogo/autori/NILF23202/patrizia-romeo-tomasini/"
"NILF24106";"Tomasula, Steve";"http://www.fantascienza.com/catalogo/autori/NILF24106/steve-tomasula/"
"NILF20952";"Tomeo, Raffaele";"http://www.fantascienza.com/catalogo/autori/NILF20952/raffaele-tomeo/"
"NILF15289";"Tomerlin, John";"http://www.fantascienza.com/catalogo/autori/NILF15289/john-tomerlin/"
"NILF25239";"Tomlinson, Paul";"http://www.fantascienza.com/catalogo/autori/NILF25239/paul-tomlinson/"
"NILF20920";"Tomlinson, Theresa";"http://www.fantascienza.com/catalogo/autori/NILF20920/theresa-tomlinson/"
"NILF15290";"Tompkins, Mark";"http://www.fantascienza.com/catalogo/autori/NILF15290/mark-tompkins/"
"NILF15291";"Tompson, Richard";"http://www.fantascienza.com/catalogo/autori/NILF15291/richard-tompson/"
"NILF24997";"Tonani, Alberto";"http://www.fantascienza.com/catalogo/autori/NILF24997/alberto-tonani/"
"NILF15292";"Tonani, Dario";"http://www.fantascienza.com/catalogo/autori/NILF15292/dario-tonani/"
"NILF20834";"Tondo, Stefania";"http://www.fantascienza.com/catalogo/autori/NILF20834/stefania-tondo/"
"NILF26247";"Tonelli, Alex";"http://www.fantascienza.com/catalogo/autori/NILF26247/alex-tonelli/"
"NILF24699";"Tong Enzheng, ";"http://www.fantascienza.com/catalogo/autori/NILF24699/-tong-enzheng/"
"NILF15294";"Tonini, Mario";"http://www.fantascienza.com/catalogo/autori/NILF15294/mario-tonini/"
"NILF15295";"Tooker, Richard";"http://www.fantascienza.com/catalogo/autori/NILF15295/richard-tooker/"
"NILF18073";"Toombs, Jane";"http://www.fantascienza.com/catalogo/autori/NILF18073/jane-toombs/"
"NILF15296";"Topor, Roland";"http://www.fantascienza.com/catalogo/autori/NILF15296/roland-topor/"
"NILF15297";"Toppi, Sergio";"http://www.fantascienza.com/catalogo/autori/NILF15297/sergio-toppi/"
"NILF15298";"Torani, Bruno";"http://www.fantascienza.com/catalogo/autori/NILF15298/bruno-torani/"
"NILF24738";"Torcellan, Michela";"http://www.fantascienza.com/catalogo/autori/NILF24738/michela-torcellan/"
"NILF16680";"Torchio, Alvaro";"http://www.fantascienza.com/catalogo/autori/NILF16680/alvaro-torchio/"
"NILF24125";"Torchio, Maurizio";"http://www.fantascienza.com/catalogo/autori/NILF24125/maurizio-torchio/"
"NILF21376";"Tordi, Simone";"http://www.fantascienza.com/catalogo/autori/NILF21376/simone-tordi/"
"NILF21120";"Torello, Ivo";"http://www.fantascienza.com/catalogo/autori/NILF21120/ivo-torello/"
"NILF16402";"Tornabuoni, Gianna";"http://www.fantascienza.com/catalogo/autori/NILF16402/gianna-tornabuoni/"
"NILF24435";"Tornoni, Enzo Romeo";"http://www.fantascienza.com/catalogo/autori/NILF24435/enzo-romeo-tornoni/"
"NILF20494";"Tornotti, Maria Luisa";"http://www.fantascienza.com/catalogo/autori/NILF20494/maria-luisa-tornotti/"
"NILF15299";"Torr, Dominic";"http://www.fantascienza.com/catalogo/autori/NILF15299/dominic-torr/"
"NILF23429";"Torre, Carla";"http://www.fantascienza.com/catalogo/autori/NILF23429/carla-torre/"
"NILF21769";"Torri, Fabrizio";"http://www.fantascienza.com/catalogo/autori/NILF21769/fabrizio-torri/"
"NILF18813";"Torri, Julio";"http://www.fantascienza.com/catalogo/autori/NILF18813/julio-torri/"
"NILF23552";"Tortonese, Paolo";"http://www.fantascienza.com/catalogo/autori/NILF23552/paolo-tortonese/"
"NILF16104";"Tortora, Enzo";"http://www.fantascienza.com/catalogo/autori/NILF16104/enzo-tortora/"
"NILF24939";"Tortoriello, Gianni";"http://www.fantascienza.com/catalogo/autori/NILF24939/gianni-tortoriello/"
"NILF15302";"Toscana, Willy";"http://www.fantascienza.com/catalogo/autori/NILF15302/willy-toscana/"
"NILF17943";"Toscani, Claudio";"http://www.fantascienza.com/catalogo/autori/NILF17943/claudio-toscani/"
"NILF15303";"Toscani, Franco";"http://www.fantascienza.com/catalogo/autori/NILF15303/franco-toscani/"
"NILF23961";"Toscani, Italo";"http://www.fantascienza.com/catalogo/autori/NILF23961/italo-toscani/"
"NILF21693";"Toscano, Aurelio";"http://www.fantascienza.com/catalogo/autori/NILF21693/aurelio-toscano/"
"NILF20242";"Toscano, Giuseppe Romeo";"http://www.fantascienza.com/catalogo/autori/NILF20242/giuseppe-romeo-toscano/"
"NILF18732";"Toscano, Laura";"http://www.fantascienza.com/catalogo/autori/NILF18732/laura-toscano/"
"NILF16258";"Toschi, Giorgio";"http://www.fantascienza.com/catalogo/autori/NILF16258/giorgio-toschi/"
"NILF20268";"Tosco, Rita e Massimo";"http://www.fantascienza.com/catalogo/autori/NILF20268/rita-e-massimo-tosco/"
"NILF15981";"Tosello, Marzio";"http://www.fantascienza.com/catalogo/autori/NILF15981/marzio-tosello/"
"NILF18336";"Tosetti, Carlo";"http://www.fantascienza.com/catalogo/autori/NILF18336/carlo-tosetti/"
"NILF22781";"Tosi, Laura";"http://www.fantascienza.com/catalogo/autori/NILF22781/laura-tosi/"
"NILF26402";"Tosini, Alessandro";"http://www.fantascienza.com/catalogo/autori/NILF26402/alessandro-tosini/"
"NILF15304";"Tosini, Paolo";"http://www.fantascienza.com/catalogo/autori/NILF15304/paolo-tosini/"
"NILF24971";"Tosti, Andrea";"http://www.fantascienza.com/catalogo/autori/NILF24971/andrea-tosti/"
"NILF17455";"Toti E Tata, ";"http://www.fantascienza.com/catalogo/autori/NILF17455/-toti-e-tata/"
"NILF22732";"Toullec, Marc";"http://www.fantascienza.com/catalogo/autori/NILF22732/marc-toullec/"
"NILF24184";"Toupet, Armand";"http://www.fantascienza.com/catalogo/autori/NILF24184/armand-toupet/"
"NILF15305";"Tourjansky, Stephen";"http://www.fantascienza.com/catalogo/autori/NILF15305/stephen-tourjansky/"
"NILF16722";"Tourneux, Maurice";"http://www.fantascienza.com/catalogo/autori/NILF16722/maurice-tourneux/"
"NILF23884";"Tournier, Michel";"http://www.fantascienza.com/catalogo/autori/NILF23884/michel-tournier/"
"NILF26243";"Tovagliari, Annalisa";"http://www.fantascienza.com/catalogo/autori/NILF26243/annalisa-tovagliari/"
"NILF15306";"Toxxen, Ralph";"http://www.fantascienza.com/catalogo/autori/NILF15306/ralph-toxxen/"
"NILF15307";"Tozzi, Federico";"http://www.fantascienza.com/catalogo/autori/NILF15307/federico-tozzi/"
"NILF18737";"Tozzi, Sveno";"http://www.fantascienza.com/catalogo/autori/NILF18737/sveno-tozzi/"
"NILF19304";"Trabisondi, Mauro";"http://www.fantascienza.com/catalogo/autori/NILF19304/mauro-trabisondi/"
"NILF24675";"Tracy, P. J.";"http://www.fantascienza.com/catalogo/autori/NILF24675/p-j-tracy/"
"NILF26461";"Traferro, Daniele";"http://www.fantascienza.com/catalogo/autori/NILF26461/daniele-traferro/"
"NILF25789";"Tramy, Julius";"http://www.fantascienza.com/catalogo/autori/NILF25789/julius-tramy/"
"NILF25169";"Tranni, C.";"http://www.fantascienza.com/catalogo/autori/NILF25169/c-tranni/"
"NILF20922";"Trapani, Anna";"http://www.fantascienza.com/catalogo/autori/NILF20922/anna-trapani/"
"NILF26106";"Trapani, Danila";"http://www.fantascienza.com/catalogo/autori/NILF26106/danila-trapani/"
"NILF25680";"Travaglia, Dandolo";"http://www.fantascienza.com/catalogo/autori/NILF25680/dandolo-travaglia/"
"NILF20906";"Travers, Pamela L[yndon]";"http://www.fantascienza.com/catalogo/autori/NILF20906/pamela-lyndon-travers/"
"NILF22827";"Traversetti, Bruno";"http://www.fantascienza.com/catalogo/autori/NILF22827/bruno-traversetti/"
"NILF22611";"Traverso, P.";"http://www.fantascienza.com/catalogo/autori/NILF22611/p-traverso/"
"NILF23813";"Traviss, Karen";"http://www.fantascienza.com/catalogo/autori/NILF23813/karen-traviss/"
"NILF15310";"Treadgold, Mary";"http://www.fantascienza.com/catalogo/autori/NILF15310/mary-treadgold/"
"NILF19783";"Treanni, Carmine";"http://www.fantascienza.com/catalogo/autori/NILF19783/carmine-treanni/"
"NILF22945";"Trebucchi, Gregorio";"http://www.fantascienza.com/catalogo/autori/NILF22945/gregorio-trebucchi/"
"NILF15311";"Trecca, Fabrizio T.";"http://www.fantascienza.com/catalogo/autori/NILF15311/fabrizio-t-trecca/"
"NILF21879";"Trecca, Michele";"http://www.fantascienza.com/catalogo/autori/NILF21879/michele-trecca/"
"NILF15312";"Treibich, S. J.";"http://www.fantascienza.com/catalogo/autori/NILF15312/s-j-treibich/"
"NILF18970";"Tremaglia, Marzio";"http://www.fantascienza.com/catalogo/autori/NILF18970/marzio-tremaglia/"
"NILF15313";"Tremaine, F. Orlin";"http://www.fantascienza.com/catalogo/autori/NILF15313/f-orlin-tremaine/"
"NILF15314";"Tremayne, Peter";"http://www.fantascienza.com/catalogo/autori/NILF15314/peter-tremayne/"
"NILF23102";"Trenta, Marina";"http://www.fantascienza.com/catalogo/autori/NILF23102/marina-trenta/"
"NILF22534";"Trenti, Lorenzo";"http://www.fantascienza.com/catalogo/autori/NILF22534/lorenzo-trenti/"
"NILF19577";"Trespidi, Massimo";"http://www.fantascienza.com/catalogo/autori/NILF19577/massimo-trespidi/"
"NILF18563";"Trevelyan, George Macaulay";"http://www.fantascienza.com/catalogo/autori/NILF18563/george-macaulay-trevelyan/"
"NILF25434";"Treves, Eugenio";"http://www.fantascienza.com/catalogo/autori/NILF25434/eugenio-treves/"
"NILF21491";"Treves, Silvia";"http://www.fantascienza.com/catalogo/autori/NILF21491/silvia-treves/"
"NILF16392";"Treves, Sir Frederick";"http://www.fantascienza.com/catalogo/autori/NILF16392/sir-frederick-treves/"
"NILF20847";"Trevi, Emanuele";"http://www.fantascienza.com/catalogo/autori/NILF20847/emanuele-trevi/"
"NILF17379";"Trevisan, Piero";"http://www.fantascienza.com/catalogo/autori/NILF17379/piero-trevisan/"
"NILF23810";"Trevisan, Sara";"http://www.fantascienza.com/catalogo/autori/NILF23810/sara-trevisan/"
"NILF22508";"Trevisanello, Liri";"http://www.fantascienza.com/catalogo/autori/NILF22508/liri-trevisanello/"
"NILF15318";"Trevor, Elleston";"http://www.fantascienza.com/catalogo/autori/NILF15318/elleston-trevor/"
"NILF22132";"Trevor, Louis";"http://www.fantascienza.com/catalogo/autori/NILF22132/louis-trevor/"
"NILF17489";"Trevor, William";"http://www.fantascienza.com/catalogo/autori/NILF17489/william-trevor/"
"NILF15319";"Trew, Antony";"http://www.fantascienza.com/catalogo/autori/NILF15319/antony-trew/"
"NILF26066";"Tribastone, Salvatore";"http://www.fantascienza.com/catalogo/autori/NILF26066/salvatore-tribastone/"
"NILF15321";"Trifirò, Antonio";"http://www.fantascienza.com/catalogo/autori/NILF15321/antonio-trifiro/"
"NILF15320";"Trifirò, Massimo";"http://www.fantascienza.com/catalogo/autori/NILF15320/massimo-trifiro/"
"NILF22422";"Trillo, Carlos";"http://www.fantascienza.com/catalogo/autori/NILF22422/carlos-trillo/"
"NILF22753";"Trimble, Irene";"http://www.fantascienza.com/catalogo/autori/NILF22753/irene-trimble/"
"NILF18882";"Trimmer, Ina";"http://www.fantascienza.com/catalogo/autori/NILF18882/ina-trimmer/"
"NILF16726";"Trioschi, Olivia";"http://www.fantascienza.com/catalogo/autori/NILF16726/olivia-trioschi/"
"NILF24091";"Tripeleff, F.";"http://www.fantascienza.com/catalogo/autori/NILF24091/f-tripeleff/"
"NILF18046";"Tripodi, Maria";"http://www.fantascienza.com/catalogo/autori/NILF18046/maria-tripodi/"
"NILF25197";"Tripodi, Rino";"http://www.fantascienza.com/catalogo/autori/NILF25197/rino-tripodi/"
"NILF19453";"Trisciuzzi, Carmelo";"http://www.fantascienza.com/catalogo/autori/NILF19453/carmelo-trisciuzzi/"
"NILF25863";"Tristante, Jerónimo";"http://www.fantascienza.com/catalogo/autori/NILF25863/jer-onimo-tristante/"
"NILF15323";"Tritten, Larry";"http://www.fantascienza.com/catalogo/autori/NILF15323/larry-tritten/"
"NILF21736";"Triulzi, Sebastiano";"http://www.fantascienza.com/catalogo/autori/NILF21736/sebastiano-triulzi/"
"NILF19177";"Trivellato, Aldo";"http://www.fantascienza.com/catalogo/autori/NILF19177/aldo-trivellato/"
"NILF15324";"Trivers, Barry";"http://www.fantascienza.com/catalogo/autori/NILF15324/barry-trivers/"
"NILF25166";"Trivini, Elisabetta";"http://www.fantascienza.com/catalogo/autori/NILF25166/elisabetta-trivini/"
"NILF26309";"Troccoli, Francesco";"http://www.fantascienza.com/catalogo/autori/NILF26309/francesco-troccoli/"
"NILF18107";"Troisi, Flavio";"http://www.fantascienza.com/catalogo/autori/NILF18107/flavio-troisi/"
"NILF23259";"Troisi, Licia";"http://www.fantascienza.com/catalogo/autori/NILF23259/licia-troisi/"
"NILF19715";"Trojani, Felice";"http://www.fantascienza.com/catalogo/autori/NILF19715/felice-trojani/"
"NILF22502";"Tromba, Giuliano";"http://www.fantascienza.com/catalogo/autori/NILF22502/giuliano-tromba/"
"NILF15326";"Tropea, Marco";"http://www.fantascienza.com/catalogo/autori/NILF15326/marco-tropea/"
"NILF26102";"Trossero, Susanna";"http://www.fantascienza.com/catalogo/autori/NILF26102/susanna-trossero/"
"NILF24937";"Trotta, Carlo";"http://www.fantascienza.com/catalogo/autori/NILF24937/carlo-trotta/"
"NILF21891";"Trotta, Mauro";"http://www.fantascienza.com/catalogo/autori/NILF21891/mauro-trotta/"
"NILF15327";"Trotta, Peter";"http://www.fantascienza.com/catalogo/autori/NILF15327/peter-trotta/"
"NILF23271";"Trotter, David";"http://www.fantascienza.com/catalogo/autori/NILF23271/david-trotter/"
"NILF24731";"Trozzi, Maria Pia";"http://www.fantascienza.com/catalogo/autori/NILF24731/maria-pia-trozzi/"
"NILF15330";"Trucchi, Edoardo";"http://www.fantascienza.com/catalogo/autori/NILF15330/edoardo-trucchi/"
"NILF17130";"Trudel, Jean-Louis";"http://www.fantascienza.com/catalogo/autori/NILF17130/jean-louis-trudel/"
"NILF24361";"Trueman, Kathy Ann";"http://www.fantascienza.com/catalogo/autori/NILF24361/kathy-ann-trueman/"
"NILF21826";"Trugenberger, Luca";"http://www.fantascienza.com/catalogo/autori/NILF21826/luca-trugenberger/"
"NILF17272";"Tryon, Thomas";"http://www.fantascienza.com/catalogo/autori/NILF17272/thomas-tryon/"
"NILF24132";"Tsalka, Dan";"http://www.fantascienza.com/catalogo/autori/NILF24132/dan-tsalka/"
"NILF16051";"Tsing-Kkann-Sunn, ";"http://www.fantascienza.com/catalogo/autori/NILF16051/-tsing-kkann-sunn/"
"NILF23760";"Tsuhara Yasumi, ";"http://www.fantascienza.com/catalogo/autori/NILF23760/-tsuhara-yasumi/"
"NILF15332";"Tsung-Yüan Liu, ";"http://www.fantascienza.com/catalogo/autori/NILF15332/-tsung-yuan-liu/"
"NILF19868";"Tsutsui Yasutaka, ";"http://www.fantascienza.com/catalogo/autori/NILF19868/-tsutsui-yasutaka/"
"NILF15334";"Tubb, E. C.";"http://www.fantascienza.com/catalogo/autori/NILF15334/e-c-tubb/"
"NILF24339";"Tucci, Alessia";"http://www.fantascienza.com/catalogo/autori/NILF24339/alessia-tucci/"
"NILF18102";"Tucci, Francesca";"http://www.fantascienza.com/catalogo/autori/NILF18102/francesca-tucci/"
"NILF24846";"Tucci, Giuseppe";"http://www.fantascienza.com/catalogo/autori/NILF24846/giuseppe-tucci/"
"NILF16835";"Tucci, Mario";"http://www.fantascienza.com/catalogo/autori/NILF16835/mario-tucci/"
"NILF15335";"Tuccia, Sergio";"http://www.fantascienza.com/catalogo/autori/NILF15335/sergio-tuccia/"
"NILF23799";"Tuccillo, Giovan Giuseppe";"http://www.fantascienza.com/catalogo/autori/NILF23799/giovan-giuseppe-tuccillo/"
"NILF15336";"Tucker, Louis";"http://www.fantascienza.com/catalogo/autori/NILF15336/louis-tucker/"
"NILF15337";"Tucker, Wilson";"http://www.fantascienza.com/catalogo/autori/NILF15337/wilson-tucker/"
"NILF20753";"Tuena, Filippo";"http://www.fantascienza.com/catalogo/autori/NILF20753/filippo-tuena/"
"NILF15338";"Tukeman, H.";"http://www.fantascienza.com/catalogo/autori/NILF15338/h-tukeman/"
"NILF26356";"Tulli, Alessandro";"http://www.fantascienza.com/catalogo/autori/NILF26356/alessandro-tulli/"
"NILF15339";"Tumminelli, Emilio";"http://www.fantascienza.com/catalogo/autori/NILF15339/emilio-tumminelli/"
"NILF20325";"Tumminelli, Michele M.";"http://www.fantascienza.com/catalogo/autori/NILF20325/michele-m-tumminelli/"
"NILF16542";"Tumminelli, Roberto";"http://www.fantascienza.com/catalogo/autori/NILF16542/roberto-tumminelli/"
"NILF20231";"Tundo, Laura";"http://www.fantascienza.com/catalogo/autori/NILF20231/laura-tundo/"
"NILF22406";"Turcato, Giuseppe";"http://www.fantascienza.com/catalogo/autori/NILF22406/giuseppe-turcato/"
"NILF23680";"Turchetto, Maria";"http://www.fantascienza.com/catalogo/autori/NILF23680/maria-turchetto/"
"NILF20333";"Turchi, Guido";"http://www.fantascienza.com/catalogo/autori/NILF20333/guido-turchi/"
"NILF26301";"Turco, Domenico";"http://www.fantascienza.com/catalogo/autori/NILF26301/domenico-turco/"
"NILF19542";"Turco, Lewis";"http://www.fantascienza.com/catalogo/autori/NILF19542/lewis-turco/"
"NILF15341";"Turgenev, Ivan";"http://www.fantascienza.com/catalogo/autori/NILF15341/ivan-turgenev/"
"NILF23434";"Turi, Anna Maria";"http://www.fantascienza.com/catalogo/autori/NILF23434/anna-maria-turi/"
"NILF17403";"Turi, Gianandrea";"http://www.fantascienza.com/catalogo/autori/NILF17403/gianandrea-turi/"
"NILF26476";"Turini, Renato";"http://www.fantascienza.com/catalogo/autori/NILF26476/renato-turini/"
"NILF17479";"Turner, Alice K.";"http://www.fantascienza.com/catalogo/autori/NILF17479/alice-k-turner/"
"NILF15342";"Turner, George";"http://www.fantascienza.com/catalogo/autori/NILF15342/george-turner/"
"NILF18069";"Turner, Jim";"http://www.fantascienza.com/catalogo/autori/NILF18069/jim-turner/"
"NILF16228";"Turner, Robert";"http://www.fantascienza.com/catalogo/autori/NILF16228/robert-turner/"
"NILF15343";"Turone, Sergio";"http://www.fantascienza.com/catalogo/autori/NILF15343/sergio-turone/"
"NILF20724";"Turra, Anna Maria";"http://www.fantascienza.com/catalogo/autori/NILF20724/anna-maria-turra/"
"NILF15346";"Turtledove, Harry";"http://www.fantascienza.com/catalogo/autori/NILF15346/harry-turtledove/"
"NILF15347";"Turzillo, Mary A.";"http://www.fantascienza.com/catalogo/autori/NILF15347/mary-a-turzillo/"
"NILF15348";"Tushnet, Leonard";"http://www.fantascienza.com/catalogo/autori/NILF15348/leonard-tushnet/"
"NILF15349";"Tuttle, Lisa";"http://www.fantascienza.com/catalogo/autori/NILF15349/lisa-tuttle/"
"NILF15350";"Tuvo, Stefano";"http://www.fantascienza.com/catalogo/autori/NILF15350/stefano-tuvo/"
"NILF26478";"Tuzzi, Virgilio";"http://www.fantascienza.com/catalogo/autori/NILF26478/virgilio-tuzzi/"
"NILF15351";"Twain, Mark";"http://www.fantascienza.com/catalogo/autori/NILF15351/mark-twain/"
"NILF24474";"Twelve Hawks, John";"http://www.fantascienza.com/catalogo/autori/NILF24474/john-twelve-hawks/"
"NILF23214";"Twohy, Robert";"http://www.fantascienza.com/catalogo/autori/NILF23214/robert-twohy/"
"NILF17614";"Tyers, Kathy";"http://www.fantascienza.com/catalogo/autori/NILF17614/kathy-tyers/"
"NILF15352";"Tymon, Steve";"http://www.fantascienza.com/catalogo/autori/NILF15352/steve-tymon/"
