"NILF25795";"V. R. Et Alii, ";"http://www.fantascienza.com/catalogo/autori/NILF25795/-v-r-et-alii/"
"NILF25598";"Vacalebre, Federico";"http://www.fantascienza.com/catalogo/autori/NILF25598/federico-vacalebre/"
"NILF15363";"Vacca, Roberto";"http://www.fantascienza.com/catalogo/autori/NILF15363/roberto-vacca/"
"NILF18969";"Vaccarella, Luciano";"http://www.fantascienza.com/catalogo/autori/NILF18969/luciano-vaccarella/"
"NILF24647";"Vaccarezza, Mónica";"http://www.fantascienza.com/catalogo/autori/NILF24647/m-onica-vaccarezza/"
"NILF19307";"Vaccari, Bruno";"http://www.fantascienza.com/catalogo/autori/NILF19307/bruno-vaccari/"
"NILF25030";"Vaccari, Marco";"http://www.fantascienza.com/catalogo/autori/NILF25030/marco-vaccari/"
"NILF21916";"Vaccaro, Andrea ""Jarok""";"http://www.fantascienza.com/catalogo/autori/NILF21916/andrea-jarok-vaccaro/"
"NILF15364";"Vacchetto, Emanuele";"http://www.fantascienza.com/catalogo/autori/NILF15364/emanuele-vacchetto/"
"NILF26306";"Vacchi, Sandro";"http://www.fantascienza.com/catalogo/autori/NILF26306/sandro-vacchi/"
"NILF22556";"Vachss, Andrew";"http://www.fantascienza.com/catalogo/autori/NILF22556/andrew-vachss/"
"NILF18519";"Vadim, Roger";"http://www.fantascienza.com/catalogo/autori/NILF18519/roger-vadim/"
"NILF15365";"Vaes, Guy";"http://www.fantascienza.com/catalogo/autori/NILF15365/guy-vaes/"
"NILF15366";"Vaglio, Giorgio";"http://www.fantascienza.com/catalogo/autori/NILF15366/giorgio-vaglio/"
"NILF21009";"Vaglio, Maurizia";"http://www.fantascienza.com/catalogo/autori/NILF21009/maurizia-vaglio/"
"NILF15367";"Vaime, Enrico";"http://www.fantascienza.com/catalogo/autori/NILF15367/enrico-vaime/"
"NILF23897";"Vairasse D'Alais, Denis";"http://www.fantascienza.com/catalogo/autori/NILF23897/denis-vairasse-d-alais/"
"NILF16314";"Vairo, Alex";"http://www.fantascienza.com/catalogo/autori/NILF16314/alex-vairo/"
"NILF25890";"Vajani, Marco";"http://www.fantascienza.com/catalogo/autori/NILF25890/marco-vajani/"
"NILF25891";"Vajani, Mila";"http://www.fantascienza.com/catalogo/autori/NILF25891/mila-vajani/"
"NILF24012";"Val, Vic St";"http://www.fantascienza.com/catalogo/autori/NILF24012/vic-st-val/"
"NILF21899";"Valadez, Mark";"http://www.fantascienza.com/catalogo/autori/NILF21899/mark-valadez/"
"NILF24171";"Valboa, Miguel Cabello";"http://www.fantascienza.com/catalogo/autori/NILF24171/miguel-cabello-valboa/"
"NILF25422";"Valbonesi, Stefano";"http://www.fantascienza.com/catalogo/autori/NILF25422/stefano-valbonesi/"
"NILF20340";"Valcarenghi, Andrea";"http://www.fantascienza.com/catalogo/autori/NILF20340/andrea-valcarenghi/"
"NILF18800";"Valdelomar, Abraham";"http://www.fantascienza.com/catalogo/autori/NILF18800/abraham-valdelomar/"
"NILF21935";"Vale, ";"http://www.fantascienza.com/catalogo/autori/NILF21935/-vale/"
"NILF15370";"Vale, Rena";"http://www.fantascienza.com/catalogo/autori/NILF15370/rena-vale/"
"NILF20444";"Valente, Giovanni";"http://www.fantascienza.com/catalogo/autori/NILF20444/giovanni-valente/"
"NILF22424";"Valente, Layla";"http://www.fantascienza.com/catalogo/autori/NILF22424/layla-valente/"
"NILF16044";"Valente, R.";"http://www.fantascienza.com/catalogo/autori/NILF16044/r-valente/"
"NILF15371";"Valenti, Paolo";"http://www.fantascienza.com/catalogo/autori/NILF15371/paolo-valenti/"
"NILF23188";"Valentine, James";"http://www.fantascienza.com/catalogo/autori/NILF23188/james-valentine/"
"NILF23634";"Valentinetti, Claudio M.";"http://www.fantascienza.com/catalogo/autori/NILF23634/claudio-m-valentinetti/"
"NILF25335";"Valentini, Francesca";"http://www.fantascienza.com/catalogo/autori/NILF25335/francesca-valentini/"
"NILF24470";"Valentini, Renato";"http://www.fantascienza.com/catalogo/autori/NILF24470/renato-valentini/"
"NILF20572";"Valentino, Giovanni";"http://www.fantascienza.com/catalogo/autori/NILF20572/giovanni-valentino/"
"NILF26238";"Valenza, Fabrizio";"http://www.fantascienza.com/catalogo/autori/NILF26238/fabrizio-valenza/"
"NILF25690";"Valeri, Valerio";"http://www.fantascienza.com/catalogo/autori/NILF25690/valerio-valeri/"
"NILF20273";"Valerio, Giovanni";"http://www.fantascienza.com/catalogo/autori/NILF20273/giovanni-valerio/"
"NILF21971";"Valerio, Nico";"http://www.fantascienza.com/catalogo/autori/NILF21971/nico-valerio/"
"NILF15372";"Valéry, Francis";"http://www.fantascienza.com/catalogo/autori/NILF15372/francis-val-ery/"
"NILF19396";"Valigi, Gian Luca";"http://www.fantascienza.com/catalogo/autori/NILF19396/gian-luca-valigi/"
"NILF15916";"Valla, Riccardo";"http://www.fantascienza.com/catalogo/autori/NILF15916/riccardo-valla/"
"NILF18162";"Vallarino, Marco";"http://www.fantascienza.com/catalogo/autori/NILF18162/marco-vallarino/"
"NILF19416";"Valle, Guglielmo";"http://www.fantascienza.com/catalogo/autori/NILF19416/guglielmo-valle/"
"NILF22916";"Vallejo, Boris";"http://www.fantascienza.com/catalogo/autori/NILF22916/boris-vallejo/"
"NILF18814";"Vallejo, César";"http://www.fantascienza.com/catalogo/autori/NILF18814/c-esar-vallejo/"
"NILF15373";"Vallerey, Tancredi";"http://www.fantascienza.com/catalogo/autori/NILF15373/tancredi-vallerey/"
"NILF24387";"Vallerga, Paolo";"http://www.fantascienza.com/catalogo/autori/NILF24387/paolo-vallerga/"
"NILF21098";"Vallerga, Stefano";"http://www.fantascienza.com/catalogo/autori/NILF21098/stefano-vallerga/"
"NILF24992";"Vallesi, Elisabetta";"http://www.fantascienza.com/catalogo/autori/NILF24992/elisabetta-vallesi/"
"NILF16613";"Vallet, Jacques";"http://www.fantascienza.com/catalogo/autori/NILF16613/jacques-vallet/"
"NILF24897";"Vallgren, Carl-Johan";"http://www.fantascienza.com/catalogo/autori/NILF24897/carl-johan-vallgren/"
"NILF16242";"Valli, Federico";"http://www.fantascienza.com/catalogo/autori/NILF16242/federico-valli/"
"NILF16556";"Valli, Giuseppe";"http://www.fantascienza.com/catalogo/autori/NILF16556/giuseppe-valli/"
"NILF23410";"Valli, Sergio";"http://www.fantascienza.com/catalogo/autori/NILF23410/sergio-valli/"
"NILF15374";"Vallorani, Nicoletta";"http://www.fantascienza.com/catalogo/autori/NILF15374/nicoletta-vallorani/"
"NILF20806";"Valmerz, ";"http://www.fantascienza.com/catalogo/autori/NILF20806/-valmerz/"
"NILF15375";"Valobra, Franco";"http://www.fantascienza.com/catalogo/autori/NILF15375/franco-valobra/"
"NILF20679";"Valorbe, François";"http://www.fantascienza.com/catalogo/autori/NILF20679/francois-valorbe/"
"NILF23896";"Valori, Francesco";"http://www.fantascienza.com/catalogo/autori/NILF23896/francesco-valori/"
"NILF19152";"Valori, Serenella";"http://www.fantascienza.com/catalogo/autori/NILF19152/serenella-valori/"
"NILF20857";"Valperga, Elena Bruno";"http://www.fantascienza.com/catalogo/autori/NILF20857/elena-bruno-valperga/"
"NILF25980";"Valsecchi, Alessio";"http://www.fantascienza.com/catalogo/autori/NILF25980/alessio-valsecchi/"
"NILF24306";"Valsecchi, Fabrizio";"http://www.fantascienza.com/catalogo/autori/NILF24306/fabrizio-valsecchi/"
"NILF20908";"Valsecchi, G. B.";"http://www.fantascienza.com/catalogo/autori/NILF20908/g-b-valsecchi/"
"NILF24307";"Valsecchi, Nicola";"http://www.fantascienza.com/catalogo/autori/NILF24307/nicola-valsecchi/"
"NILF15376";"Valtos, William M.";"http://www.fantascienza.com/catalogo/autori/NILF15376/william-m-valtos/"
"NILF18091";"Valzania, Sergio";"http://www.fantascienza.com/catalogo/autori/NILF18091/sergio-valzania/"
"NILF17112";"Van Belkom, Edo";"http://www.fantascienza.com/catalogo/autori/NILF17112/edo-van-belkom/"
"NILF23511";"Van Binder, R. Dan";"http://www.fantascienza.com/catalogo/autori/NILF23511/r-dan-van-binder/"
"NILF21369";"Van Calebergh, Hubert";"http://www.fantascienza.com/catalogo/autori/NILF21369/hubert-van-calebergh/"
"NILF24504";"Van Cauwelaert, Didier";"http://www.fantascienza.com/catalogo/autori/NILF24504/didier-van-cauwelaert/"
"NILF16180";"Van Der Veer, Katherine";"http://www.fantascienza.com/catalogo/autori/NILF16180/katherine-van-der-veer/"
"NILF15379";"Van Der Voegt, Erik";"http://www.fantascienza.com/catalogo/autori/NILF15379/erik-van-der-voegt/"
"NILF23522";"Van Dine, S.S.";"http://www.fantascienza.com/catalogo/autori/NILF23522/ss-van-dine/"
"NILF15380";"Van Dovski, Lee";"http://www.fantascienza.com/catalogo/autori/NILF15380/lee-van-dovski/"
"NILF15381";"Van Ewyck, Annemarie";"http://www.fantascienza.com/catalogo/autori/NILF15381/annemarie-van-ewyck/"
"NILF15383";"Van Herp, Jacques";"http://www.fantascienza.com/catalogo/autori/NILF15383/jacques-van-herp/"
"NILF17427";"Van Hord, Lacür";"http://www.fantascienza.com/catalogo/autori/NILF17427/lacur-van-hord/"
"NILF15384";"Van Laerhoven, Bob";"http://www.fantascienza.com/catalogo/autori/NILF15384/bob-van-laerhoven/"
"NILF23024";"Van Loon, Paul";"http://www.fantascienza.com/catalogo/autori/NILF23024/paul-van-loon/"
"NILF15386";"Van Lustbader, Eric";"http://www.fantascienza.com/catalogo/autori/NILF15386/eric-van-lustbader/"
"NILF15387";"Van Name, Mark L.";"http://www.fantascienza.com/catalogo/autori/NILF15387/mark-l-van-name/"
"NILF15388";"Van Phil, Luis";"http://www.fantascienza.com/catalogo/autori/NILF15388/luis-van-phil/"
"NILF15389";"Van Scyoc, Sydney";"http://www.fantascienza.com/catalogo/autori/NILF15389/sydney-van-scyoc/"
"NILF15390";"Van Swieten, Gerard";"http://www.fantascienza.com/catalogo/autori/NILF15390/gerard-van-swieten/"
"NILF26366";"Van Swieten, Gerhard";"http://www.fantascienza.com/catalogo/autori/NILF26366/gerhard-van-swieten/"
"NILF15391";"Van Vogt, A. E.";"http://www.fantascienza.com/catalogo/autori/NILF15391/a-e-van-vogt/"
"NILF25584";"Van Vogt, Lydia";"http://www.fantascienza.com/catalogo/autori/NILF25584/lydia-van-vogt/"
"NILF15392";"Vance, Gerald";"http://www.fantascienza.com/catalogo/autori/NILF15392/gerald-vance/"
"NILF15393";"Vance, Jack";"http://www.fantascienza.com/catalogo/autori/NILF15393/jack-vance/"
"NILF25052";"Vancini, Gianna";"http://www.fantascienza.com/catalogo/autori/NILF25052/gianna-vancini/"
"NILF15394";"Vandel, Jean-Gaston";"http://www.fantascienza.com/catalogo/autori/NILF15394/jean-gaston-vandel/"
"NILF23655";"Vandelli, Luciano";"http://www.fantascienza.com/catalogo/autori/NILF23655/luciano-vandelli/"
"NILF24946";"Vandelli, Nadia";"http://www.fantascienza.com/catalogo/autori/NILF24946/nadia-vandelli/"
"NILF15395";"Vandermeer, Jeff";"http://www.fantascienza.com/catalogo/autori/NILF15395/jeff-vandermeer/"
"NILF15396";"Vane, Norman Thaddeus";"http://www.fantascienza.com/catalogo/autori/NILF15396/norman-thaddeus-vane/"
"NILF21907";"Vanek, Aaron";"http://www.fantascienza.com/catalogo/autori/NILF21907/aaron-vanek/"
"NILF26171";"Vangelista, Carla";"http://www.fantascienza.com/catalogo/autori/NILF26171/carla-vangelista/"
"NILF15397";"Vangelista, Claudio";"http://www.fantascienza.com/catalogo/autori/NILF15397/claudio-vangelista/"
"NILF26368";"Vannetti, Giuseppe Valeriano Cav.";"http://www.fantascienza.com/catalogo/autori/NILF26368/giuseppe-valeriano-cav-vannetti/"
"NILF25759";"Vannuccini, Carla";"http://www.fantascienza.com/catalogo/autori/NILF25759/carla-vannuccini/"
"NILF26195";"Vanore, James";"http://www.fantascienza.com/catalogo/autori/NILF26195/james-vanore/"
"NILF16066";"Varacca, Vittorio";"http://www.fantascienza.com/catalogo/autori/NILF16066/vittorio-varacca/"
"NILF19521";"Varaldo, Alessandro";"http://www.fantascienza.com/catalogo/autori/NILF19521/alessandro-varaldo/"
"NILF15398";"Varano, Ned";"http://www.fantascienza.com/catalogo/autori/NILF15398/ned-varano/"
"NILF15399";"Varé, Daniele";"http://www.fantascienza.com/catalogo/autori/NILF15399/daniele-var-e/"
"NILF26122";"Varesi, Valerio";"http://www.fantascienza.com/catalogo/autori/NILF26122/valerio-varesi/"
"NILF25673";"Vari, Stefano Lorenzo";"http://www.fantascienza.com/catalogo/autori/NILF25673/stefano-lorenzo-vari/"
"NILF16395";"Varian, Mark";"http://www.fantascienza.com/catalogo/autori/NILF16395/mark-varian/"
"NILF15400";"Varin, Dario";"http://www.fantascienza.com/catalogo/autori/NILF15400/dario-varin/"
"NILF15401";"Varley, John";"http://www.fantascienza.com/catalogo/autori/NILF15401/john-varley/"
"NILF15402";"Varnado, Kathleen A.";"http://www.fantascienza.com/catalogo/autori/NILF15402/kathleen-a-varnado/"
"NILF25599";"Varriale, Elena";"http://www.fantascienza.com/catalogo/autori/NILF25599/elena-varriale/"
"NILF25067";"Varriale, Pina";"http://www.fantascienza.com/catalogo/autori/NILF25067/pina-varriale/"
"NILF20682";"Varrone, Massimo";"http://www.fantascienza.com/catalogo/autori/NILF20682/massimo-varrone/"
"NILF15403";"Varshavshkij, Ilija";"http://www.fantascienza.com/catalogo/autori/NILF15403/ilija-varshavshkij/"
"NILF15404";"Vasey, Glen";"http://www.fantascienza.com/catalogo/autori/NILF15404/glen-vasey/"
"NILF24473";"Vasilev, Vladimir";"http://www.fantascienza.com/catalogo/autori/NILF24473/vladimir-vasilev/"
"NILF15405";"Vasiliev, Mikhail";"http://www.fantascienza.com/catalogo/autori/NILF15405/mikhail-vasiliev/"
"NILF20982";"Vasilikòs, Vasilis";"http://www.fantascienza.com/catalogo/autori/NILF20982/vasilis-vasilikos/"
"NILF24461";"Vassago, ";"http://www.fantascienza.com/catalogo/autori/NILF24461/-vassago/"
"NILF22765";"Vassalli, Giovanni M.";"http://www.fantascienza.com/catalogo/autori/NILF22765/giovanni-m-vassalli/"
"NILF15406";"Vassalli, Sebastiano";"http://www.fantascienza.com/catalogo/autori/NILF15406/sebastiano-vassalli/"
"NILF21797";"Vassallo, Luisa";"http://www.fantascienza.com/catalogo/autori/NILF21797/luisa-vassallo/"
"NILF25846";"Vassallo, Massimo";"http://www.fantascienza.com/catalogo/autori/NILF25846/massimo-vassallo/"
"NILF16437";"Vassarri, Fabio";"http://www.fantascienza.com/catalogo/autori/NILF16437/fabio-vassarri/"
"NILF20310";"Vassi, Marco";"http://www.fantascienza.com/catalogo/autori/NILF20310/marco-vassi/"
"NILF23414";"Vasta, Mauro";"http://www.fantascienza.com/catalogo/autori/NILF23414/mauro-vasta/"
"NILF25544";"Vate, Postremo";"http://www.fantascienza.com/catalogo/autori/NILF25544/postremo-vate/"
"NILF15407";"Vatrini, Mario";"http://www.fantascienza.com/catalogo/autori/NILF15407/mario-vatrini/"
"NILF15408";"Vatsek, Joan";"http://www.fantascienza.com/catalogo/autori/NILF15408/joan-vatsek/"
"NILF22286";"Vatteroni, Chiara";"http://www.fantascienza.com/catalogo/autori/NILF22286/chiara-vatteroni/"
"NILF22427";"Vaturi, Nessim";"http://www.fantascienza.com/catalogo/autori/NILF22427/nessim-vaturi/"
"NILF15409";"Vaughn, Dona";"http://www.fantascienza.com/catalogo/autori/NILF15409/dona-vaughn/"
"NILF15410";"Vauthier, Maurice";"http://www.fantascienza.com/catalogo/autori/NILF15410/maurice-vauthier/"
"NILF19789";"Vax, Louis";"http://www.fantascienza.com/catalogo/autori/NILF19789/louis-vax/"
"NILF24681";"Vaz, Mark Cotta";"http://www.fantascienza.com/catalogo/autori/NILF24681/mark-cotta-vaz/"
"NILF15411";"Vazquez, María Esther";"http://www.fantascienza.com/catalogo/autori/NILF15411/mar-ia-esther-vazquez/"
"NILF24492";"Vázquez-Fígueroa, Alberto";"http://www.fantascienza.com/catalogo/autori/NILF24492/alberto-v-azquez-f-igueroa/"
"NILF21732";"Vecchi, Benedetto";"http://www.fantascienza.com/catalogo/autori/NILF21732/benedetto-vecchi/"
"NILF15412";"Vecchi, Daniele";"http://www.fantascienza.com/catalogo/autori/NILF15412/daniele-vecchi/"
"NILF23254";"Vecchioni, Roberto";"http://www.fantascienza.com/catalogo/autori/NILF23254/roberto-vecchioni/"
"NILF15961";"Vegetti, Ernesto";"http://www.fantascienza.com/catalogo/autori/NILF15961/ernesto-vegetti/"
"NILF23146";"Végh György, ";"http://www.fantascienza.com/catalogo/autori/NILF23146/-v-egh-gyorgy/"
"NILF15413";"Veillot, Claude";"http://www.fantascienza.com/catalogo/autori/NILF15413/claude-veillot/"
"NILF17362";"Veis, Jaroslav";"http://www.fantascienza.com/catalogo/autori/NILF17362/jaroslav-veis/"
"NILF15414";"Velde, Vivian Vande";"http://www.fantascienza.com/catalogo/autori/NILF15414/vivian-vande-velde/"
"NILF18568";"Velikovsky, Immanuel";"http://www.fantascienza.com/catalogo/autori/NILF18568/immanuel-velikovsky/"
"NILF19671";"Veller, Michail";"http://www.fantascienza.com/catalogo/autori/NILF19671/michail-veller/"
"NILF22728";"Velluti, Alberto";"http://www.fantascienza.com/catalogo/autori/NILF22728/alberto-velluti/"
"NILF25659";"Velluti, Federico";"http://www.fantascienza.com/catalogo/autori/NILF25659/federico-velluti/"
"NILF25622";"Velonà, Francesco";"http://www.fantascienza.com/catalogo/autori/NILF25622/francesco-velona/"
"NILF16107";"Venè, Gianfranco";"http://www.fantascienza.com/catalogo/autori/NILF16107/gianfranco-vene/"
"NILF24927";"Venè, Metello";"http://www.fantascienza.com/catalogo/autori/NILF24927/metello-vene/"
"NILF19425";"Venezia, Elisabetta";"http://www.fantascienza.com/catalogo/autori/NILF19425/elisabetta-venezia/"
"NILF16551";"Veneziani, Antonio";"http://www.fantascienza.com/catalogo/autori/NILF16551/antonio-veneziani/"
"NILF18718";"Venier, Barbara";"http://www.fantascienza.com/catalogo/autori/NILF18718/barbara-venier/"
"NILF20854";"Ventavoli, Bruno";"http://www.fantascienza.com/catalogo/autori/NILF20854/bruno-ventavoli/"
"NILF25082";"Ventre, Piera";"http://www.fantascienza.com/catalogo/autori/NILF25082/piera-ventre/"
"NILF15415";"Ventura, Anna";"http://www.fantascienza.com/catalogo/autori/NILF15415/anna-ventura/"
"NILF23097";"Ventura, Ester";"http://www.fantascienza.com/catalogo/autori/NILF23097/ester-ventura/"
"NILF23061";"Ventura, Francesca";"http://www.fantascienza.com/catalogo/autori/NILF23061/francesca-ventura/"
"NILF15416";"Ventura, Giancarlo";"http://www.fantascienza.com/catalogo/autori/NILF15416/giancarlo-ventura/"
"NILF25317";"Ventura, Luca";"http://www.fantascienza.com/catalogo/autori/NILF25317/luca-ventura/"
"NILF20366";"Venturelli, Renato";"http://www.fantascienza.com/catalogo/autori/NILF20366/renato-venturelli/"
"NILF23568";"Venturi, Cesare";"http://www.fantascienza.com/catalogo/autori/NILF23568/cesare-venturi/"
"NILF16443";"Venturi, Gigliola";"http://www.fantascienza.com/catalogo/autori/NILF16443/gigliola-venturi/"
"NILF15417";"Venturi, Giorgio";"http://www.fantascienza.com/catalogo/autori/NILF15417/giorgio-venturi/"
"NILF25783";"Venturini, Massimo";"http://www.fantascienza.com/catalogo/autori/NILF25783/massimo-venturini/"
"NILF15418";"Venturini, Paolo";"http://www.fantascienza.com/catalogo/autori/NILF15418/paolo-venturini/"
"NILF19391";"Venturo, Andrea";"http://www.fantascienza.com/catalogo/autori/NILF19391/andrea-venturo/"
"NILF22321";"Venturoli, Paolo";"http://www.fantascienza.com/catalogo/autori/NILF22321/paolo-venturoli/"
"NILF24005";"Veraci, Vanda";"http://www.fantascienza.com/catalogo/autori/NILF24005/vanda-veraci/"
"NILF15419";"Veraldi, Gabriel";"http://www.fantascienza.com/catalogo/autori/NILF15419/gabriel-veraldi/"
"NILF24786";"Verardi, Roberto";"http://www.fantascienza.com/catalogo/autori/NILF24786/roberto-verardi/"
"NILF17744";"Verardo, Fabio";"http://www.fantascienza.com/catalogo/autori/NILF17744/fabio-verardo/"
"NILF15420";"Verba, Joan Marie";"http://www.fantascienza.com/catalogo/autori/NILF15420/joan-marie-verba/"
"NILF25423";"Vercelli, Fabrizio";"http://www.fantascienza.com/catalogo/autori/NILF25423/fabrizio-vercelli/"
"NILF15421";"Vercors, ";"http://www.fantascienza.com/catalogo/autori/NILF15421/-vercors/"
"NILF15422";"Verde, Dino";"http://www.fantascienza.com/catalogo/autori/NILF15422/dino-verde/"
"NILF17363";"Verde, Jole Baldaro";"http://www.fantascienza.com/catalogo/autori/NILF17363/jole-baldaro-verde/"
"NILF15423";"Verde, Nicola";"http://www.fantascienza.com/catalogo/autori/NILF15423/nicola-verde/"
"NILF18201";"Verdesca, Lorenzo";"http://www.fantascienza.com/catalogo/autori/NILF18201/lorenzo-verdesca/"
"NILF15424";"Verdinois, Federigo";"http://www.fantascienza.com/catalogo/autori/NILF15424/federigo-verdinois/"
"NILF16785";"Verdirame, Rita";"http://www.fantascienza.com/catalogo/autori/NILF16785/rita-verdirame/"
"NILF18411";"Verdirosi, Attilio";"http://www.fantascienza.com/catalogo/autori/NILF18411/attilio-verdirosi/"
"NILF15425";"Verdun, Dick";"http://www.fantascienza.com/catalogo/autori/NILF15425/dick-verdun/"
"NILF22260";"Veresaev, Victor";"http://www.fantascienza.com/catalogo/autori/NILF22260/victor-veresaev/"
"NILF19781";"Verga, Gianni";"http://www.fantascienza.com/catalogo/autori/NILF19781/gianni-verga/"
"NILF15426";"Verga, Giovanni";"http://www.fantascienza.com/catalogo/autori/NILF15426/giovanni-verga/"
"NILF16881";"Verga, Maurizio";"http://www.fantascienza.com/catalogo/autori/NILF16881/maurizio-verga/"
"NILF26371";"Vergnani, Claudio";"http://www.fantascienza.com/catalogo/autori/NILF26371/claudio-vergnani/"
"NILF24177";"Vergoz, Manlio";"http://www.fantascienza.com/catalogo/autori/NILF24177/manlio-vergoz/"
"NILF15512";"Verlanger, Julia";"http://www.fantascienza.com/catalogo/autori/NILF15512/julia-verlanger/"
"NILF26696";"Verna, Flavio";"http://www.fantascienza.com/catalogo/autori/NILF26696/flavio-verna/"
"NILF19031";"Verne, Giulio";"http://www.fantascienza.com/catalogo/autori/NILF19031/giulio-verne/"
"NILF20439";"Verne, Jacques";"http://www.fantascienza.com/catalogo/autori/NILF20439/jacques-verne/"
"NILF15428";"Verne, Jules";"http://www.fantascienza.com/catalogo/autori/NILF15428/jules-verne/"
"NILF16527";"Verne, Michel-Jules";"http://www.fantascienza.com/catalogo/autori/NILF16527/michel-jules-verne/"
"NILF26376";"Verne, Paolo";"http://www.fantascienza.com/catalogo/autori/NILF26376/paolo-verne/"
"NILF16308";"Vernes, Henri";"http://www.fantascienza.com/catalogo/autori/NILF16308/henri-vernes/"
"NILF20205";"Vernier, Elisabetta";"http://www.fantascienza.com/catalogo/autori/NILF20205/elisabetta-vernier/"
"NILF21221";"Vernole, Vittorio [Emanuele]";"http://www.fantascienza.com/catalogo/autori/NILF21221/vittorio-emanuele-vernole/"
"NILF15430";"Vernon, Roger Lee";"http://www.fantascienza.com/catalogo/autori/NILF15430/roger-lee-vernon/"
"NILF15432";"Vernou, Pietro";"http://www.fantascienza.com/catalogo/autori/NILF15432/pietro-vernou/"
"NILF21001";"Veronesi, Sandro";"http://www.fantascienza.com/catalogo/autori/NILF21001/sandro-veronesi/"
"NILF15433";"Veroni, Angelo";"http://www.fantascienza.com/catalogo/autori/NILF15433/angelo-veroni/"
"NILF19484";"Verrecchia, Roberta";"http://www.fantascienza.com/catalogo/autori/NILF19484/roberta-verrecchia/"
"NILF15434";"Verrengia, Enzo";"http://www.fantascienza.com/catalogo/autori/NILF15434/enzo-verrengia/"
"NILF21243";"Verri, Selene";"http://www.fantascienza.com/catalogo/autori/NILF21243/selene-verri/"
"NILF15435";"Verrill, A. Hyatt";"http://www.fantascienza.com/catalogo/autori/NILF15435/a-hyatt-verrill/"
"NILF17473";"Verrill, Charles";"http://www.fantascienza.com/catalogo/autori/NILF17473/charles-verrill/"
"NILF24548";"Verrua, Gianfranco";"http://www.fantascienza.com/catalogo/autori/NILF24548/gianfranco-verrua/"
"NILF15436";"Versins, Pierre";"http://www.fantascienza.com/catalogo/autori/NILF15436/pierre-versins/"
"NILF26324";"Verso, Francesco";"http://www.fantascienza.com/catalogo/autori/NILF26324/francesco-verso/"
"NILF15437";"Vertovese, Elios";"http://www.fantascienza.com/catalogo/autori/NILF15437/elios-vertovese/"
"NILF15438";"Verzini, Marco";"http://www.fantascienza.com/catalogo/autori/NILF15438/marco-verzini/"
"NILF20601";"Verzola, Monica";"http://www.fantascienza.com/catalogo/autori/NILF20601/monica-verzola/"
"NILF25103";"Vesco, Edi";"http://www.fantascienza.com/catalogo/autori/NILF25103/edi-vesco/"
"NILF26313";"Vesnaver, Elena";"http://www.fantascienza.com/catalogo/autori/NILF26313/elena-vesnaver/"
"NILF15440";"Vestdijk, Simon";"http://www.fantascienza.com/catalogo/autori/NILF15440/simon-vestdijk/"
"NILF15442";"Vethekam, Cili";"http://www.fantascienza.com/catalogo/autori/NILF15442/cili-vethekam/"
"NILF15443";"Veverka, Vladimir";"http://www.fantascienza.com/catalogo/autori/NILF15443/vladimir-veverka/"
"NILF15444";"Vian, Boris";"http://www.fantascienza.com/catalogo/autori/NILF15444/boris-vian/"
"NILF21553";"Vianello, Nicola";"http://www.fantascienza.com/catalogo/autori/NILF21553/nicola-vianello/"
"NILF15445";"Viano, Maurizio";"http://www.fantascienza.com/catalogo/autori/NILF15445/maurizio-viano/"
"NILF15446";"Viano, Vittorio";"http://www.fantascienza.com/catalogo/autori/NILF15446/vittorio-viano/"
"NILF24694";"Viaro, Giorgio";"http://www.fantascienza.com/catalogo/autori/NILF24694/giorgio-viaro/"
"NILF15448";"Viator, ";"http://www.fantascienza.com/catalogo/autori/NILF15448/-viator/"
"NILF15449";"Vicario, Gianni";"http://www.fantascienza.com/catalogo/autori/NILF15449/gianni-vicario/"
"NILF17407";"Vicchio, Marcello";"http://www.fantascienza.com/catalogo/autori/NILF17407/marcello-vicchio/"
"NILF25658";"Vicco, Lisa";"http://www.fantascienza.com/catalogo/autori/NILF25658/lisa-vicco/"
"NILF24962";"Vichi, Marco";"http://www.fantascienza.com/catalogo/autori/NILF24962/marco-vichi/"
"NILF26459";"Vicinanza, Ralph";"http://www.fantascienza.com/catalogo/autori/NILF26459/ralph-vicinanza/"
"NILF15450";"Vickers, Roy";"http://www.fantascienza.com/catalogo/autori/NILF15450/roy-vickers/"
"NILF23328";"Vicol, Eusebio";"http://www.fantascienza.com/catalogo/autori/NILF23328/eusebio-vicol/"
"NILF15451";"Vicro, ";"http://www.fantascienza.com/catalogo/autori/NILF15451/-vicro/"
"NILF24320";"Vidak, Massimo";"http://www.fantascienza.com/catalogo/autori/NILF24320/massimo-vidak/"
"NILF24345";"Vidal, César";"http://www.fantascienza.com/catalogo/autori/NILF24345/c-esar-vidal/"
"NILF15452";"Vidal, Gore";"http://www.fantascienza.com/catalogo/autori/NILF15452/gore-vidal/"
"NILF26365";"Viegi, Francesco";"http://www.fantascienza.com/catalogo/autori/NILF26365/francesco-viegi/"
"NILF23644";"Vietina, Emanuele";"http://www.fantascienza.com/catalogo/autori/NILF23644/emanuele-vietina/"
"NILF15453";"Vietti, Alessandro";"http://www.fantascienza.com/catalogo/autori/NILF15453/alessandro-vietti/"
"NILF26055";"Viezzer, Rodolfo";"http://www.fantascienza.com/catalogo/autori/NILF26055/rodolfo-viezzer/"
"NILF20484";"Vigevani, Roberto";"http://www.fantascienza.com/catalogo/autori/NILF20484/roberto-vigevani/"
"NILF20972";"Vigiak, Mario";"http://www.fantascienza.com/catalogo/autori/NILF20972/mario-vigiak/"
"NILF18103";"Vigilante, Riccardo";"http://www.fantascienza.com/catalogo/autori/NILF18103/riccardo-vigilante/"
"NILF15454";"Viglione, Paolo";"http://www.fantascienza.com/catalogo/autori/NILF15454/paolo-viglione/"
"NILF26684";"Viglongo, Giovanna Spagarino";"http://www.fantascienza.com/catalogo/autori/NILF26684/giovanna-spagarino-viglongo/"
"NILF23451";"Vigna, Bepi";"http://www.fantascienza.com/catalogo/autori/NILF23451/bepi-vigna/"
"NILF15455";"Vignola, Adriano";"http://www.fantascienza.com/catalogo/autori/NILF15455/adriano-vignola/"
"NILF17465";"Vignoli, Raffaella";"http://www.fantascienza.com/catalogo/autori/NILF17465/raffaella-vignoli/"
"NILF15456";"Vigolo, Giorgio";"http://www.fantascienza.com/catalogo/autori/NILF15456/giorgio-vigolo/"
"NILF15457";"Villa, Carlo";"http://www.fantascienza.com/catalogo/autori/NILF15457/carlo-villa/"
"NILF24530";"Villa, Edoardo";"http://www.fantascienza.com/catalogo/autori/NILF24530/edoardo-villa/"
"NILF22819";"Villa, Veronica";"http://www.fantascienza.com/catalogo/autori/NILF22819/veronica-villa/"
"NILF15458";"Villani, Carmine";"http://www.fantascienza.com/catalogo/autori/NILF15458/carmine-villani/"
"NILF15459";"Villani, Giorgio";"http://www.fantascienza.com/catalogo/autori/NILF15459/giorgio-villani/"
"NILF21134";"Villani, Tiziana";"http://www.fantascienza.com/catalogo/autori/NILF21134/tiziana-villani/"
"NILF24338";"Villano, Gianluca";"http://www.fantascienza.com/catalogo/autori/NILF24338/gianluca-villano/"
"NILF26392";"Villari, Alessandro";"http://www.fantascienza.com/catalogo/autori/NILF26392/alessandro-villari/"
"NILF17728";"Villari, Enrica";"http://www.fantascienza.com/catalogo/autori/NILF17728/enrica-villari/"
"NILF15460";"Villata, Enrico";"http://www.fantascienza.com/catalogo/autori/NILF15460/enrico-villata/"
"NILF15461";"Villiers De L'Isle-Adam, Jean-Marie-Philippe-Auguste-Mathias de";"http://www.fantascienza.com/catalogo/autori/NILF15461/jean-marie-philippe-auguste-mathias-de-villiers-de-l-isle-adam/"
"NILF19596";"Vimax (massimo Villa), ";"http://www.fantascienza.com/catalogo/autori/NILF19596/-vimax-massimo-villa/"
"NILF21902";"Vincent, Nik";"http://www.fantascienza.com/catalogo/autori/NILF21902/nik-vincent/"
"NILF22626";"Vincenzi, Alessandro";"http://www.fantascienza.com/catalogo/autori/NILF22626/alessandro-vincenzi/"
"NILF18682";"Vinci, Simona";"http://www.fantascienza.com/catalogo/autori/NILF18682/simona-vinci/"
"NILF15463";"Vinge, Joan D.";"http://www.fantascienza.com/catalogo/autori/NILF15463/joan-d-vinge/"
"NILF15464";"Vinge, Vernor";"http://www.fantascienza.com/catalogo/autori/NILF15464/vernor-vinge/"
"NILF15465";"Vingiano, Gianni";"http://www.fantascienza.com/catalogo/autori/NILF15465/gianni-vingiano/"
"NILF15466";"Vingut, George";"http://www.fantascienza.com/catalogo/autori/NILF15466/george-vingut/"
"NILF15467";"Vinicoff, Eric";"http://www.fantascienza.com/catalogo/autori/NILF15467/eric-vinicoff/"
"NILF23463";"Vio, Marina";"http://www.fantascienza.com/catalogo/autori/NILF23463/marina-vio/"
"NILF22602";"Viola, Carlo";"http://www.fantascienza.com/catalogo/autori/NILF22602/carlo-viola/"
"NILF23062";"Viola, Carmelo R.";"http://www.fantascienza.com/catalogo/autori/NILF23062/carmelo-r-viola/"
"NILF21550";"Viola, Emanuele";"http://www.fantascienza.com/catalogo/autori/NILF21550/emanuele-viola/"
"NILF15469";"Viola, Eugenio";"http://www.fantascienza.com/catalogo/autori/NILF15469/eugenio-viola/"
"NILF26367";"Violante, Piero";"http://www.fantascienza.com/catalogo/autori/NILF26367/piero-violante/"
"NILF15470";"Violet, Space";"http://www.fantascienza.com/catalogo/autori/NILF15470/space-violet/"
"NILF24535";"Violi, Alessandra";"http://www.fantascienza.com/catalogo/autori/NILF24535/alessandra-violi/"
"NILF15471";"Viot, H. G.";"http://www.fantascienza.com/catalogo/autori/NILF15471/h-g-viot/"
"NILF26758";"Vir, ";"http://www.fantascienza.com/catalogo/autori/NILF26758/-vir/"
"NILF15472";"Virtanen, Pekka";"http://www.fantascienza.com/catalogo/autori/NILF15472/pekka-virtanen/"
"NILF19429";"Virzi, Lucio";"http://www.fantascienza.com/catalogo/autori/NILF19429/lucio-virzi/"
"NILF21883";"Viscardini, Mario";"http://www.fantascienza.com/catalogo/autori/NILF21883/mario-viscardini/"
"NILF23113";"Visentin, Amalia";"http://www.fantascienza.com/catalogo/autori/NILF23113/amalia-visentin/"
"NILF18385";"Visentin, Marina";"http://www.fantascienza.com/catalogo/autori/NILF18385/marina-visentin/"
"NILF19218";"Vismara, Roberto";"http://www.fantascienza.com/catalogo/autori/NILF19218/roberto-vismara/"
"NILF26713";"Vistarchi, Angela";"http://www.fantascienza.com/catalogo/autori/NILF26713/angela-vistarchi/"
"NILF22946";"Vitagliano, Patrizia";"http://www.fantascienza.com/catalogo/autori/NILF22946/patrizia-vitagliano/"
"NILF25156";"Vitale, Gianfranco";"http://www.fantascienza.com/catalogo/autori/NILF25156/gianfranco-vitale/"
"NILF21352";"Vitale, Maurizio";"http://www.fantascienza.com/catalogo/autori/NILF21352/maurizio-vitale/"
"NILF21985";"Vitali, Domenico";"http://www.fantascienza.com/catalogo/autori/NILF21985/domenico-vitali/"
"NILF18917";"Vitali, Maria";"http://www.fantascienza.com/catalogo/autori/NILF18917/maria-vitali/"
"NILF22901";"Vitali, Paola LAURETANA";"http://www.fantascienza.com/catalogo/autori/NILF22901/paola-lauretana-vitali/"
"NILF15474";"Vitaliani, Giulio";"http://www.fantascienza.com/catalogo/autori/NILF15474/giulio-vitaliani/"
"NILF23972";"Vitaliano, Italo";"http://www.fantascienza.com/catalogo/autori/NILF23972/italo-vitaliano/"
"NILF15475";"Viti, Manrico";"http://www.fantascienza.com/catalogo/autori/NILF15475/manrico-viti/"
"NILF15476";"Viti, Norma";"http://www.fantascienza.com/catalogo/autori/NILF15476/norma-viti/"
"NILF15477";"Vitiello, Bruno";"http://www.fantascienza.com/catalogo/autori/NILF15477/bruno-vitiello/"
"NILF20441";"Vitiello, Pippo";"http://www.fantascienza.com/catalogo/autori/NILF20441/pippo-vitiello/"
"NILF16363";"Vitta, Maurizio";"http://www.fantascienza.com/catalogo/autori/NILF16363/maurizio-vitta/"
"NILF22940";"Vitto, Edoardo";"http://www.fantascienza.com/catalogo/autori/NILF22940/edoardo-vitto/"
"NILF19768";"Vittoriano, Raimondo";"http://www.fantascienza.com/catalogo/autori/NILF19768/raimondo-vittoriano/"
"NILF20464";"Vittorini, Elio";"http://www.fantascienza.com/catalogo/autori/NILF20464/elio-vittorini/"
"NILF22272";"Vivaldi, Antonio";"http://www.fantascienza.com/catalogo/autori/NILF22272/antonio-vivaldi/"
"NILF15478";"Vivanti, Annie";"http://www.fantascienza.com/catalogo/autori/NILF15478/annie-vivanti/"
"NILF16115";"Vivard, Joe";"http://www.fantascienza.com/catalogo/autori/NILF16115/joe-vivard/"
"NILF25389";"Vivarelli, Anna";"http://www.fantascienza.com/catalogo/autori/NILF25389/anna-vivarelli/"
"NILF15479";"Vivian, E. C.";"http://www.fantascienza.com/catalogo/autori/NILF15479/e-c-vivian/"
"NILF15480";"Vivian, Thomas J.";"http://www.fantascienza.com/catalogo/autori/NILF15480/thomas-j-vivian/"
"NILF18533";"Viviani, Alberto";"http://www.fantascienza.com/catalogo/autori/NILF18533/alberto-viviani/"
"NILF18869";"Viviani, Gianfranco";"http://www.fantascienza.com/catalogo/autori/NILF18869/gianfranco-viviani/"
"NILF17869";"Vizenor, Gerald";"http://www.fantascienza.com/catalogo/autori/NILF17869/gerald-vizenor/"
"NILF15481";"Vlcek, Ernst";"http://www.fantascienza.com/catalogo/autori/NILF15481/ernst-vlcek/"
"NILF23789";"Voake, Steve";"http://www.fantascienza.com/catalogo/autori/NILF23789/steve-voake/"
"NILF15482";"Vogel, Deborah M.";"http://www.fantascienza.com/catalogo/autori/NILF15482/deborah-m-vogel/"
"NILF15929";"Voglino, Alex";"http://www.fantascienza.com/catalogo/autori/NILF15929/alex-voglino/"
"NILF18473";"Voivod, Dan";"http://www.fantascienza.com/catalogo/autori/NILF18473/dan-voivod/"
"NILF15486";"Vojngaino, Roman";"http://www.fantascienza.com/catalogo/autori/NILF15486/roman-vojngaino/"
"NILF15487";"Vojskunskij, E.";"http://www.fantascienza.com/catalogo/autori/NILF15487/e-vojskunskij/"
"NILF25849";"Volante, Michela";"http://www.fantascienza.com/catalogo/autori/NILF25849/michela-volante/"
"NILF15488";"Volkoff, Vladimir";"http://www.fantascienza.com/catalogo/autori/NILF15488/vladimir-volkoff/"
"NILF15489";"Vollaerts, Rick";"http://www.fantascienza.com/catalogo/autori/NILF15489/rick-vollaerts/"
"NILF16424";"Volli, Ugo";"http://www.fantascienza.com/catalogo/autori/NILF16424/ugo-volli/"
"NILF17515";"Vollmann, William T.";"http://www.fantascienza.com/catalogo/autori/NILF17515/william-t-vollmann/"
"NILF17372";"Volný, Zdenek";"http://www.fantascienza.com/catalogo/autori/NILF17372/zdenek-voln-y/"
"NILF26477";"Voloskan, Dario";"http://www.fantascienza.com/catalogo/autori/NILF26477/dario-voloskan/"
"NILF16485";"Volpatti, Lia";"http://www.fantascienza.com/catalogo/autori/NILF16485/lia-volpatti/"
"NILF15490";"Volpi, Domenico";"http://www.fantascienza.com/catalogo/autori/NILF15490/domenico-volpi/"
"NILF19485";"Volpicelli, Carlo";"http://www.fantascienza.com/catalogo/autori/NILF19485/carlo-volpicelli/"
"NILF18569";"Volpini, Francesco";"http://www.fantascienza.com/catalogo/autori/NILF18569/francesco-volpini/"
"NILF20352";"Volpini, Umberto";"http://www.fantascienza.com/catalogo/autori/NILF20352/umberto-volpini/"
"NILF26393";"Volpino, Luca";"http://www.fantascienza.com/catalogo/autori/NILF26393/luca-volpino/"
"NILF15491";"Volponi, Paolo";"http://www.fantascienza.com/catalogo/autori/NILF15491/paolo-volponi/"
"NILF19415";"Volt, ";"http://www.fantascienza.com/catalogo/autori/NILF19415/-volt/"
"NILF16582";"Volta, Luigi";"http://www.fantascienza.com/catalogo/autori/NILF16582/luigi-volta/"
"NILF16304";"Volta, Ornella";"http://www.fantascienza.com/catalogo/autori/NILF16304/ornella-volta/"
"NILF15493";"Voltaire, François Marie Arouet";"http://www.fantascienza.com/catalogo/autori/NILF15493/francois-marie-arouet-voltaire/"
"NILF16974";"Voltolini, Dario";"http://www.fantascienza.com/catalogo/autori/NILF16974/dario-voltolini/"
"NILF15494";"Voltz, William";"http://www.fantascienza.com/catalogo/autori/NILF15494/william-voltz/"
"NILF19300";"Von Arnim, Ludwig Achim";"http://www.fantascienza.com/catalogo/autori/NILF19300/ludwig-achim-von-arnim/"
"NILF24372";"Von Aster, Christan";"http://www.fantascienza.com/catalogo/autori/NILF24372/christan-von-aster/"
"NILF18886";"Von Braun, Wernher";"http://www.fantascienza.com/catalogo/autori/NILF18886/wernher-von-braun/"
"NILF15495";"Von Chamisso, Adelbert";"http://www.fantascienza.com/catalogo/autori/NILF15495/adelbert-von-chamisso/"
"NILF15496";"Von Daeniken, Erich";"http://www.fantascienza.com/catalogo/autori/NILF15496/erich-von-daeniken/"
"NILF22437";"Von Dem Türlin, Heinrich";"http://www.fantascienza.com/catalogo/autori/NILF22437/heinrich-von-dem-turlin/"
"NILF15497";"Von Eichendorff, Joseph";"http://www.fantascienza.com/catalogo/autori/NILF15497/joseph-von-eichendorff/"
"NILF18003";"Von Eschenbach, Wolfram";"http://www.fantascienza.com/catalogo/autori/NILF18003/wolfram-von-eschenbach/"
"NILF15499";"Von Hanstein, Ottfried";"http://www.fantascienza.com/catalogo/autori/NILF15499/ottfried-von-hanstein/"
"NILF15500";"Von Harbou, Thea";"http://www.fantascienza.com/catalogo/autori/NILF15500/thea-von-harbou/"
"NILF15501";"Von Haynau, Edith";"http://www.fantascienza.com/catalogo/autori/NILF15501/edith-von-haynau/"
"NILF15910";"Von Helders, ";"http://www.fantascienza.com/catalogo/autori/NILF15910/-von-helders/"
"NILF16664";"Von Hofmannsthal, Hugo";"http://www.fantascienza.com/catalogo/autori/NILF16664/hugo-von-hofmannsthal/"
"NILF15907";"Von Kleist, Heinrich";"http://www.fantascienza.com/catalogo/autori/NILF15907/heinrich-von-kleist/"
"NILF26645";"Von Klimt, Anya";"http://www.fantascienza.com/catalogo/autori/NILF26645/anya-von-klimt/"
"NILF24127";"Von Ringoltingen, Thüring";"http://www.fantascienza.com/catalogo/autori/NILF24127/thuring-von-ringoltingen/"
"NILF15505";"Von Scholz, Wilhelm";"http://www.fantascienza.com/catalogo/autori/NILF15505/wilhelm-von-scholz/"
"NILF15507";"Von Wald, E. G.";"http://www.fantascienza.com/catalogo/autori/NILF15507/e-g-von-wald/"
"NILF15508";"Vonarburg, Élisabeth";"http://www.fantascienza.com/catalogo/autori/NILF15508/elisabeth-vonarburg/"
"NILF15509";"Vondra, Vladimir";"http://www.fantascienza.com/catalogo/autori/NILF15509/vladimir-vondra/"
"NILF15510";"Vonnegut, Kurt jr.";"http://www.fantascienza.com/catalogo/autori/NILF15510/kurt-jr-vonnegut/"
"NILF19114";"Vornholt, John";"http://www.fantascienza.com/catalogo/autori/NILF19114/john-vornholt/"
"NILF21910";"Voth, Brian";"http://www.fantascienza.com/catalogo/autori/NILF21910/brian-voth/"
"NILF15511";"Vreeland, Roger S.";"http://www.fantascienza.com/catalogo/autori/NILF15511/roger-s-vreeland/"
"NILF16988";"Vukcevich, Ray";"http://www.fantascienza.com/catalogo/autori/NILF16988/ray-vukcevich/"
"NILF22594";"Vurnakes, Claudia";"http://www.fantascienza.com/catalogo/autori/NILF22594/claudia-vurnakes/"
