"NILF25505";"Waberi, Abdourahman A.";"http://www.fantascienza.com/catalogo/autori/NILF25505/abdourahman-a-waberi/"
"NILF15513";"Wackenroder, Wilhem Heinrich";"http://www.fantascienza.com/catalogo/autori/NILF15513/wilhem-heinrich-wackenroder/"
"NILF23297";"Waddell, Helen";"http://www.fantascienza.com/catalogo/autori/NILF23297/helen-waddell/"
"NILF20687";"Waddington, James";"http://www.fantascienza.com/catalogo/autori/NILF20687/james-waddington/"
"NILF15514";"Wade, James";"http://www.fantascienza.com/catalogo/autori/NILF15514/james-wade/"
"NILF17679";"Wade, Susan";"http://www.fantascienza.com/catalogo/autori/NILF17679/susan-wade/"
"NILF22767";"Wadsworth, L. A.";"http://www.fantascienza.com/catalogo/autori/NILF22767/l-a-wadsworth/"
"NILF15515";"Wagar, W. Warren";"http://www.fantascienza.com/catalogo/autori/NILF15515/w-warren-wagar/"
"NILF17988";"Wagenbach, Klaus";"http://www.fantascienza.com/catalogo/autori/NILF17988/klaus-wagenbach/"
"NILF15516";"Wager, Walter";"http://www.fantascienza.com/catalogo/autori/NILF15516/walter-wager/"
"NILF17569";"Wagner, Charles";"http://www.fantascienza.com/catalogo/autori/NILF17569/charles-wagner/"
"NILF15517";"Wagner, Karl Edward";"http://www.fantascienza.com/catalogo/autori/NILF15517/karl-edward-wagner/"
"NILF19362";"Wagner, Martin";"http://www.fantascienza.com/catalogo/autori/NILF19362/martin-wagner/"
"NILF17915";"Wagner, Roland C.";"http://www.fantascienza.com/catalogo/autori/NILF17915/roland-c-wagner/"
"NILF24371";"Wagner, Thomas";"http://www.fantascienza.com/catalogo/autori/NILF24371/thomas-wagner/"
"NILF15518";"Wainstein, Lia";"http://www.fantascienza.com/catalogo/autori/NILF15518/lia-wainstein/"
"NILF15519";"Wakefield, H. Russell";"http://www.fantascienza.com/catalogo/autori/NILF15519/h-russell-wakefield/"
"NILF25894";"Walden, Mark";"http://www.fantascienza.com/catalogo/autori/NILF25894/mark-walden/"
"NILF18558";"Waldman, Milton";"http://www.fantascienza.com/catalogo/autori/NILF18558/milton-waldman/"
"NILF20800";"Waldron, Arthur";"http://www.fantascienza.com/catalogo/autori/NILF20800/arthur-waldron/"
"NILF15523";"Waldrop, F. N.";"http://www.fantascienza.com/catalogo/autori/NILF15523/f-n-waldrop/"
"NILF15524";"Waldrop, Howard";"http://www.fantascienza.com/catalogo/autori/NILF15524/howard-waldrop/"
"NILF15525";"Walesko, Emilio";"http://www.fantascienza.com/catalogo/autori/NILF15525/emilio-walesko/"
"NILF24218";"Waley, Arthur";"http://www.fantascienza.com/catalogo/autori/NILF24218/arthur-waley/"
"NILF15526";"Walker, Mather H.";"http://www.fantascienza.com/catalogo/autori/NILF15526/mather-h-walker/"
"NILF16069";"Walker, Paul G.";"http://www.fantascienza.com/catalogo/autori/NILF16069/paul-g-walker/"
"NILF26304";"Walker, Rachel";"http://www.fantascienza.com/catalogo/autori/NILF26304/rachel-walker/"
"NILF15527";"Walker, Robert W.";"http://www.fantascienza.com/catalogo/autori/NILF15527/robert-w-walker/"
"NILF15528";"Walker, Wendy";"http://www.fantascienza.com/catalogo/autori/NILF15528/wendy-walker/"
"NILF15530";"Wallace, Art";"http://www.fantascienza.com/catalogo/autori/NILF15530/art-wallace/"
"NILF18879";"Wallace, Bryan E.";"http://www.fantascienza.com/catalogo/autori/NILF18879/bryan-e-wallace/"
"NILF17870";"Wallace, David Foster";"http://www.fantascienza.com/catalogo/autori/NILF17870/david-foster-wallace/"
"NILF15531";"Wallace, Edgar";"http://www.fantascienza.com/catalogo/autori/NILF15531/edgar-wallace/"
"NILF15532";"Wallace, F. L.";"http://www.fantascienza.com/catalogo/autori/NILF15532/f-l-wallace/"
"NILF15534";"Wallace, Ian";"http://www.fantascienza.com/catalogo/autori/NILF15534/ian-wallace/"
"NILF15535";"Wallace, Irving";"http://www.fantascienza.com/catalogo/autori/NILF15535/irving-wallace/"
"NILF16482";"Wallace, Penelope";"http://www.fantascienza.com/catalogo/autori/NILF16482/penelope-wallace/"
"NILF15537";"Walling, William";"http://www.fantascienza.com/catalogo/autori/NILF15537/william-walling/"
"NILF18425";"Wallis, George";"http://www.fantascienza.com/catalogo/autori/NILF18425/george-wallis/"
"NILF24384";"Wallis, James";"http://www.fantascienza.com/catalogo/autori/NILF24384/james-wallis/"
"NILF15538";"Wallisfurth, R. M.";"http://www.fantascienza.com/catalogo/autori/NILF15538/r-m-wallisfurth/"
"NILF15539";"Wallop, Douglass";"http://www.fantascienza.com/catalogo/autori/NILF15539/douglass-wallop/"
"NILF15541";"Walpole, Horace";"http://www.fantascienza.com/catalogo/autori/NILF15541/horace-walpole/"
"NILF15542";"Walpole, Hugh";"http://www.fantascienza.com/catalogo/autori/NILF15542/hugh-walpole/"
"NILF16378";"Walser, Robert";"http://www.fantascienza.com/catalogo/autori/NILF16378/robert-walser/"
"NILF15911";"Walsh, Ann";"http://www.fantascienza.com/catalogo/autori/NILF15911/ann-walsh/"
"NILF15543";"Walsh, Donald J.";"http://www.fantascienza.com/catalogo/autori/NILF15543/donald-j-walsh/"
"NILF15544";"Walsh, Jill Paton";"http://www.fantascienza.com/catalogo/autori/NILF15544/jill-paton-walsh/"
"NILF15545";"Walter, Elizabeth";"http://www.fantascienza.com/catalogo/autori/NILF15545/elizabeth-walter/"
"NILF22317";"Walter, Eugene";"http://www.fantascienza.com/catalogo/autori/NILF22317/eugene-walter/"
"NILF25664";"Walter, Laura";"http://www.fantascienza.com/catalogo/autori/NILF25664/laura-walter/"
"NILF15546";"Walther, Daniel";"http://www.fantascienza.com/catalogo/autori/NILF15546/daniel-walther/"
"NILF15547";"Walton, Bryce";"http://www.fantascienza.com/catalogo/autori/NILF15547/bryce-walton/"
"NILF15548";"Walton, Evangeline";"http://www.fantascienza.com/catalogo/autori/NILF15548/evangeline-walton/"
"NILF20260";"Walton, George";"http://www.fantascienza.com/catalogo/autori/NILF20260/george-walton/"
"NILF26441";"Wambaugh, Joseph";"http://www.fantascienza.com/catalogo/autori/NILF26441/joseph-wambaugh/"
"NILF15549";"Wandrei, Donald";"http://www.fantascienza.com/catalogo/autori/NILF15549/donald-wandrei/"
"NILF15550";"Wandrei, Howard";"http://www.fantascienza.com/catalogo/autori/NILF15550/howard-wandrei/"
"NILF24701";"Wang Xiaoda, ";"http://www.fantascienza.com/catalogo/autori/NILF24701/-wang-xiaoda/"
"NILF15552";"Wannamaker, Jim";"http://www.fantascienza.com/catalogo/autori/NILF15552/jim-wannamaker/"
"NILF15553";"Wanny, I. G. A.";"http://www.fantascienza.com/catalogo/autori/NILF15553/i-g-a-wanny/"
"NILF15554";"Ward, Cinthya";"http://www.fantascienza.com/catalogo/autori/NILF15554/cinthya-ward/"
"NILF15555";"Ward, Frank";"http://www.fantascienza.com/catalogo/autori/NILF15555/frank-ward/"
"NILF22235";"Ward, Geoffrey C.";"http://www.fantascienza.com/catalogo/autori/NILF22235/geoffrey-c-ward/"
"NILF15556";"Ward, Harold";"http://www.fantascienza.com/catalogo/autori/NILF15556/harold-ward/"
"NILF15557";"Ward, Henry";"http://www.fantascienza.com/catalogo/autori/NILF15557/henry-ward/"
"NILF24974";"Ward, John";"http://www.fantascienza.com/catalogo/autori/NILF24974/john-ward/"
"NILF16341";"Ward, Jonathan";"http://www.fantascienza.com/catalogo/autori/NILF16341/jonathan-ward/"
"NILF15558";"Ward, Michael";"http://www.fantascienza.com/catalogo/autori/NILF15558/michael-ward/"
"NILF21728";"Ward, Richard";"http://www.fantascienza.com/catalogo/autori/NILF21728/richard-ward/"
"NILF15561";"Warner, Douglas";"http://www.fantascienza.com/catalogo/autori/NILF15561/douglas-warner/"
"NILF23665";"Warner, Harry";"http://www.fantascienza.com/catalogo/autori/NILF23665/harry-warner/"
"NILF20907";"Warner, Oscar";"http://www.fantascienza.com/catalogo/autori/NILF20907/oscar-warner/"
"NILF25105";"Warner, Sylvia Townsend";"http://www.fantascienza.com/catalogo/autori/NILF25105/sylvia-townsend-warner/"
"NILF15560";"Warner Bros., ";"http://www.fantascienza.com/catalogo/autori/NILF15560/-warner-bros/"
"NILF16837";"Warren, Bill";"http://www.fantascienza.com/catalogo/autori/NILF16837/bill-warren/"
"NILF16184";"Warren, James E.";"http://www.fantascienza.com/catalogo/autori/NILF16184/james-e-warren/"
"NILF19540";"Warrick, Patricia S.";"http://www.fantascienza.com/catalogo/autori/NILF19540/patricia-s-warrick/"
"NILF15567";"Wat, Aleksander";"http://www.fantascienza.com/catalogo/autori/NILF15567/aleksander-wat/"
"NILF24655";"Watelet, Vincent";"http://www.fantascienza.com/catalogo/autori/NILF24655/vincent-watelet/"
"NILF15568";"Waters, Elisabeth";"http://www.fantascienza.com/catalogo/autori/NILF15568/elisabeth-waters/"
"NILF25233";"Waters, Fiona";"http://www.fantascienza.com/catalogo/autori/NILF25233/fiona-waters/"
"NILF17625";"Waters, John";"http://www.fantascienza.com/catalogo/autori/NILF17625/john-waters/"
"NILF25879";"Waters, Sarah";"http://www.fantascienza.com/catalogo/autori/NILF25879/sarah-waters/"
"NILF23117";"Watkins, C. Lewis";"http://www.fantascienza.com/catalogo/autori/NILF23117/c-lewis-watkins/"
"NILF15569";"Watkins, William Jon";"http://www.fantascienza.com/catalogo/autori/NILF15569/william-jon-watkins/"
"NILF15570";"Watson, Ian";"http://www.fantascienza.com/catalogo/autori/NILF15570/ian-watson/"
"NILF19044";"Watson, Jude";"http://www.fantascienza.com/catalogo/autori/NILF19044/jude-watson/"
"NILF15571";"Watt-Evans, Lawrence";"http://www.fantascienza.com/catalogo/autori/NILF15571/lawrence-watt-evans/"
"NILF17110";"Watts, Peter";"http://www.fantascienza.com/catalogo/autori/NILF17110/peter-watts/"
"NILF15572";"Watts, T. S.";"http://www.fantascienza.com/catalogo/autori/NILF15572/t-s-watts/"
"NILF16400";"Waugh, Charles G.";"http://www.fantascienza.com/catalogo/autori/NILF16400/charles-g-waugh/"
"NILF15573";"Waugh, Evelyn";"http://www.fantascienza.com/catalogo/autori/NILF15573/evelyn-waugh/"
"NILF15574";"Waugh, Sylvia";"http://www.fantascienza.com/catalogo/autori/NILF15574/sylvia-waugh/"
"NILF15575";"Wayne, Phillip";"http://www.fantascienza.com/catalogo/autori/NILF15575/phillip-wayne/"
"NILF22577";"Webb, Catherine";"http://www.fantascienza.com/catalogo/autori/NILF22577/catherine-webb/"
"NILF15576";"Webb, Don";"http://www.fantascienza.com/catalogo/autori/NILF15576/don-webb/"
"NILF17781";"Webb, Janeen";"http://www.fantascienza.com/catalogo/autori/NILF17781/janeen-webb/"
"NILF15577";"Webb, Mary";"http://www.fantascienza.com/catalogo/autori/NILF15577/mary-webb/"
"NILF15578";"Webb, Sharon";"http://www.fantascienza.com/catalogo/autori/NILF15578/sharon-webb/"
"NILF15579";"Webb, W. T.";"http://www.fantascienza.com/catalogo/autori/NILF15579/w-t-webb/"
"NILF17476";"Webb, Wendy";"http://www.fantascienza.com/catalogo/autori/NILF17476/wendy-webb/"
"NILF20746";"Weber, David";"http://www.fantascienza.com/catalogo/autori/NILF20746/david-weber/"
"NILF15580";"Weber, Joe";"http://www.fantascienza.com/catalogo/autori/NILF15580/joe-weber/"
"NILF20744";"Weber, May";"http://www.fantascienza.com/catalogo/autori/NILF20744/may-weber/"
"NILF15581";"Wecter, Dixon";"http://www.fantascienza.com/catalogo/autori/NILF15581/dixon-wecter/"
"NILF21000";"Wedemeyer-Schwiersch, Sabine";"http://www.fantascienza.com/catalogo/autori/NILF21000/sabine-wedemeyer-schwiersch/"
"NILF15582";"Weed, Thurlow";"http://www.fantascienza.com/catalogo/autori/NILF15582/thurlow-weed/"
"NILF24700";"Wei Yahua, ";"http://www.fantascienza.com/catalogo/autori/NILF24700/-wei-yahua/"
"NILF15583";"Weigand, Jörg";"http://www.fantascienza.com/catalogo/autori/NILF15583/jorg-weigand/"
"NILF15584";"Weil, Gustav";"http://www.fantascienza.com/catalogo/autori/NILF15584/gustav-weil/"
"NILF15586";"Weinbaum, Stanley G.";"http://www.fantascienza.com/catalogo/autori/NILF15586/stanley-g-weinbaum/"
"NILF18451";"Weinberg, Larry";"http://www.fantascienza.com/catalogo/autori/NILF18451/larry-weinberg/"
"NILF15587";"Weinberg, Robert E.";"http://www.fantascienza.com/catalogo/autori/NILF15587/robert-e-weinberg/"
"NILF15588";"Weinbrenner, Rudolf";"http://www.fantascienza.com/catalogo/autori/NILF15588/rudolf-weinbrenner/"
"NILF15589";"Weiner, Andrew";"http://www.fantascienza.com/catalogo/autori/NILF15589/andrew-weiner/"
"NILF16593";"Weiner, Ellis";"http://www.fantascienza.com/catalogo/autori/NILF16593/ellis-weiner/"
"NILF22558";"Weiner, Guy";"http://www.fantascienza.com/catalogo/autori/NILF22558/guy-weiner/"
"NILF15590";"Weinstein, Howard";"http://www.fantascienza.com/catalogo/autori/NILF15590/howard-weinstein/"
"NILF15591";"Weinstein, Lee";"http://www.fantascienza.com/catalogo/autori/NILF15591/lee-weinstein/"
"NILF15592";"Weis, Margaret";"http://www.fantascienza.com/catalogo/autori/NILF15592/margaret-weis/"
"NILF24368";"Weise, Kathleen";"http://www.fantascienza.com/catalogo/autori/NILF24368/kathleen-weise/"
"NILF26295";"Weisman, Jordan";"http://www.fantascienza.com/catalogo/autori/NILF26295/jordan-weisman/"
"NILF24490";"Weiss, Daniel Evan";"http://www.fantascienza.com/catalogo/autori/NILF24490/daniel-evan-weiss/"
"NILF24476";"Weiss, Jan";"http://www.fantascienza.com/catalogo/autori/NILF24476/jan-weiss/"
"NILF24168";"Weiss, Peter";"http://www.fantascienza.com/catalogo/autori/NILF24168/peter-weiss/"
"NILF15594";"Weissman, Barry";"http://www.fantascienza.com/catalogo/autori/NILF15594/barry-weissman/"
"NILF15595";"Welch, Denton";"http://www.fantascienza.com/catalogo/autori/NILF15595/denton-welch/"
"NILF15596";"Weldon, Fay";"http://www.fantascienza.com/catalogo/autori/NILF15596/fay-weldon/"
"NILF18005";"Welford, Sue";"http://www.fantascienza.com/catalogo/autori/NILF18005/sue-welford/"
"NILF15597";"Wellen, Edward";"http://www.fantascienza.com/catalogo/autori/NILF15597/edward-wellen/"
"NILF25481";"Weller, Quinn";"http://www.fantascienza.com/catalogo/autori/NILF25481/quinn-weller/"
"NILF15598";"Weller, Sam";"http://www.fantascienza.com/catalogo/autori/NILF15598/sam-weller/"
"NILF18029";"Welles, Orson";"http://www.fantascienza.com/catalogo/autori/NILF18029/orson-welles/"
"NILF25358";"Wellington, David";"http://www.fantascienza.com/catalogo/autori/NILF25358/david-wellington/"
"NILF15599";"Wellman, Manly Wade";"http://www.fantascienza.com/catalogo/autori/NILF15599/manly-wade-wellman/"
"NILF15600";"Wellman, Wade";"http://www.fantascienza.com/catalogo/autori/NILF15600/wade-wellman/"
"NILF15602";"Wells, Angus";"http://www.fantascienza.com/catalogo/autori/NILF15602/angus-wells/"
"NILF15603";"Wells, H. G.";"http://www.fantascienza.com/catalogo/autori/NILF15603/h-g-wells/"
"NILF15604";"Wells, J. E.";"http://www.fantascienza.com/catalogo/autori/NILF15604/j-e-wells/"
"NILF15605";"Wells, Martha";"http://www.fantascienza.com/catalogo/autori/NILF15605/martha-wells/"
"NILF16989";"Wells, Matthew";"http://www.fantascienza.com/catalogo/autori/NILF16989/matthew-wells/"
"NILF15606";"Wells, Robert";"http://www.fantascienza.com/catalogo/autori/NILF15606/robert-wells/"
"NILF23158";"Welsh, Renate";"http://www.fantascienza.com/catalogo/autori/NILF23158/renate-welsh/"
"NILF21873";"Wender, Massimo";"http://www.fantascienza.com/catalogo/autori/NILF21873/massimo-wender/"
"NILF15609";"Werber, Bernard";"http://www.fantascienza.com/catalogo/autori/NILF15609/bernard-werber/"
"NILF15610";"Werfel, Franz";"http://www.fantascienza.com/catalogo/autori/NILF15610/franz-werfel/"
"NILF15611";"Werlin, Marvin e Mark";"http://www.fantascienza.com/catalogo/autori/NILF15611/marvin-e-mark-werlin/"
"NILF15613";"Werner, E.";"http://www.fantascienza.com/catalogo/autori/NILF15613/e-werner/"
"NILF15615";"Wertenbaker, Peyton G.";"http://www.fantascienza.com/catalogo/autori/NILF15615/peyton-g-wertenbaker/"
"NILF15617";"Wessell, Deborah";"http://www.fantascienza.com/catalogo/autori/NILF15617/deborah-wessell/"
"NILF15618";"West, John Anthony";"http://www.fantascienza.com/catalogo/autori/NILF15618/john-anthony-west/"
"NILF15619";"West, Morris";"http://www.fantascienza.com/catalogo/autori/NILF15619/morris-west/"
"NILF17506";"West, Paul";"http://www.fantascienza.com/catalogo/autori/NILF17506/paul-west/"
"NILF15620";"West, Rebecca";"http://www.fantascienza.com/catalogo/autori/NILF15620/rebecca-west/"
"NILF26154";"West, Tracey";"http://www.fantascienza.com/catalogo/autori/NILF26154/tracey-west/"
"NILF15621";"West, Wallace";"http://www.fantascienza.com/catalogo/autori/NILF15621/wallace-west/"
"NILF15622";"Westall, Robert";"http://www.fantascienza.com/catalogo/autori/NILF15622/robert-westall/"
"NILF19857";"Westerfeld, Scott";"http://www.fantascienza.com/catalogo/autori/NILF19857/scott-westerfeld/"
"NILF15623";"Westlake, Donald E.";"http://www.fantascienza.com/catalogo/autori/NILF15623/donald-e-westlake/"
"NILF16336";"Weston, Peter";"http://www.fantascienza.com/catalogo/autori/NILF16336/peter-weston/"
"NILF15626";"Westwood, Chris";"http://www.fantascienza.com/catalogo/autori/NILF15626/chris-westwood/"
"NILF15627";"Wetanson, Burt";"http://www.fantascienza.com/catalogo/autori/NILF15627/burt-wetanson/"
"NILF16211";"Wetzel, George";"http://www.fantascienza.com/catalogo/autori/NILF16211/george-wetzel/"
"NILF15628";"Weverka, Robert";"http://www.fantascienza.com/catalogo/autori/NILF15628/robert-weverka/"
"NILF23586";"Weyer, Edward";"http://www.fantascienza.com/catalogo/autori/NILF23586/edward-weyer/"
"NILF15629";"Wharton, Edith";"http://www.fantascienza.com/catalogo/autori/NILF15629/edith-wharton/"
"NILF21138";"Wharton, Ken";"http://www.fantascienza.com/catalogo/autori/NILF21138/ken-wharton/"
"NILF15630";"Whatheley, Henry";"http://www.fantascienza.com/catalogo/autori/NILF15630/henry-whatheley/"
"NILF15632";"Wheatley, Dennis";"http://www.fantascienza.com/catalogo/autori/NILF15632/dennis-wheatley/"
"NILF15633";"Wheeler, Deborah";"http://www.fantascienza.com/catalogo/autori/NILF15633/deborah-wheeler/"
"NILF15634";"Wheeler, Harvey";"http://www.fantascienza.com/catalogo/autori/NILF15634/harvey-wheeler/"
"NILF22100";"Whinton, Emery";"http://www.fantascienza.com/catalogo/autori/NILF22100/emery-whinton/"
"NILF15639";"Whipple, Chandler H.";"http://www.fantascienza.com/catalogo/autori/NILF15639/chandler-h-whipple/"
"NILF25666";"Whisp, Kennilworthy";"http://www.fantascienza.com/catalogo/autori/NILF25666/kennilworthy-whisp/"
"NILF15640";"White, Cecil B.";"http://www.fantascienza.com/catalogo/autori/NILF15640/cecil-b-white/"
"NILF23388";"White, E. O.";"http://www.fantascienza.com/catalogo/autori/NILF23388/e-o-white/"
"NILF15641";"White, Edward Lucas";"http://www.fantascienza.com/catalogo/autori/NILF15641/edward-lucas-white/"
"NILF15644";"White, Fred Merrick";"http://www.fantascienza.com/catalogo/autori/NILF15644/fred-merrick-white/"
"NILF15645";"White, James";"http://www.fantascienza.com/catalogo/autori/NILF15645/james-white/"
"NILF22473";"White, Michael";"http://www.fantascienza.com/catalogo/autori/NILF22473/michael-white/"
"NILF15646";"White, Ted";"http://www.fantascienza.com/catalogo/autori/NILF15646/ted-white/"
"NILF15647";"White, Terence Hanbury";"http://www.fantascienza.com/catalogo/autori/NILF15647/terence-hanbury-white/"
"NILF15648";"White, W. Malcolm";"http://www.fantascienza.com/catalogo/autori/NILF15648/w-malcolm-white/"
"NILF24197";"Whitehead, Colson";"http://www.fantascienza.com/catalogo/autori/NILF24197/colson-whitehead/"
"NILF15651";"Whitehead, Henry S.";"http://www.fantascienza.com/catalogo/autori/NILF15651/henry-s-whitehead/"
"NILF25442";"Whitfield, Kit";"http://www.fantascienza.com/catalogo/autori/NILF25442/kit-whitfield/"
"NILF15653";"Whitlock, Dean";"http://www.fantascienza.com/catalogo/autori/NILF15653/dean-whitlock/"
"NILF18766";"Whitman, John";"http://www.fantascienza.com/catalogo/autori/NILF18766/john-whitman/"
"NILF16105";"Whitman, Mary";"http://www.fantascienza.com/catalogo/autori/NILF16105/mary-whitman/"
"NILF21740";"Whitman, Walt";"http://www.fantascienza.com/catalogo/autori/NILF21740/walt-whitman/"
"NILF15657";"Whitney, Phillis A.";"http://www.fantascienza.com/catalogo/autori/NILF15657/phillis-a-whitney/"
"NILF23262";"Whitney-Robinson, Voronica";"http://www.fantascienza.com/catalogo/autori/NILF23262/voronica-whitney-robinson/"
"NILF24754";"Whittemore, Edward";"http://www.fantascienza.com/catalogo/autori/NILF24754/edward-whittemore/"
"NILF17557";"Whittington, Don";"http://www.fantascienza.com/catalogo/autori/NILF17557/don-whittington/"
"NILF15656";"Whyte, Ewen";"http://www.fantascienza.com/catalogo/autori/NILF15656/ewen-whyte/"
"NILF25371";"Whyte, Jack";"http://www.fantascienza.com/catalogo/autori/NILF25371/jack-whyte/"
"NILF15658";"Wiater, Stanley";"http://www.fantascienza.com/catalogo/autori/NILF15658/stanley-wiater/"
"NILF20790";"Wicker, Tom";"http://www.fantascienza.com/catalogo/autori/NILF20790/tom-wicker/"
"NILF16804";"Wickramasinghe, N. C.";"http://www.fantascienza.com/catalogo/autori/NILF16804/n-c-wickramasinghe/"
"NILF17513";"Wideman, John Edgar";"http://www.fantascienza.com/catalogo/autori/NILF17513/john-edgar-wideman/"
"NILF24121";"Wieland, Cristoph Martin";"http://www.fantascienza.com/catalogo/autori/NILF24121/cristoph-martin-wieland/"
"NILF20815";"Wiemer, Annegrete J.";"http://www.fantascienza.com/catalogo/autori/NILF20815/annegrete-j-wiemer/"
"NILF15661";"Wiener, Norbert";"http://www.fantascienza.com/catalogo/autori/NILF15661/norbert-wiener/"
"NILF24815";"Wiesel, Elie";"http://www.fantascienza.com/catalogo/autori/NILF24815/elie-wiesel/"
"NILF15663";"Wightman, Wayne";"http://www.fantascienza.com/catalogo/autori/NILF15663/wayne-wightman/"
"NILF15664";"Wilber, Carey";"http://www.fantascienza.com/catalogo/autori/NILF15664/carey-wilber/"
"NILF15665";"Wilber, Rick";"http://www.fantascienza.com/catalogo/autori/NILF15665/rick-wilber/"
"NILF15666";"Wilcock, Juan Rodolfo";"http://www.fantascienza.com/catalogo/autori/NILF15666/juan-rodolfo-wilcock/"
"NILF15667";"Wilcox, Don";"http://www.fantascienza.com/catalogo/autori/NILF15667/don-wilcox/"
"NILF15668";"Wilcox, Joe";"http://www.fantascienza.com/catalogo/autori/NILF15668/joe-wilcox/"
"NILF22506";"Wilde, Cornel";"http://www.fantascienza.com/catalogo/autori/NILF22506/cornel-wilde/"
"NILF15670";"Wilde, Nicholas";"http://www.fantascienza.com/catalogo/autori/NILF15670/nicholas-wilde/"
"NILF15671";"Wilde, Oscar";"http://www.fantascienza.com/catalogo/autori/NILF15671/oscar-wilde/"
"NILF15673";"Wilder, Cherry";"http://www.fantascienza.com/catalogo/autori/NILF15673/cherry-wilder/"
"NILF21647";"Wilder, Thornton";"http://www.fantascienza.com/catalogo/autori/NILF21647/thornton-wilder/"
"NILF15674";"Wilhelm, Kate";"http://www.fantascienza.com/catalogo/autori/NILF15674/kate-wilhelm/"
"NILF16478";"Wilhelm, Richard";"http://www.fantascienza.com/catalogo/autori/NILF16478/richard-wilhelm/"
"NILF15676";"Wilkins, Mary E.";"http://www.fantascienza.com/catalogo/autori/NILF15676/mary-e-wilkins/"
"NILF15677";"Wilkinson, Laurence";"http://www.fantascienza.com/catalogo/autori/NILF15677/laurence-wilkinson/"
"NILF17357";"Willeford, Charles";"http://www.fantascienza.com/catalogo/autori/NILF17357/charles-willeford/"
"NILF20232";"Williams, Billy Dee";"http://www.fantascienza.com/catalogo/autori/NILF20232/billy-dee-williams/"
"NILF25906";"Williams, Brian";"http://www.fantascienza.com/catalogo/autori/NILF25906/brian-williams/"
"NILF15681";"Williams, Charles";"http://www.fantascienza.com/catalogo/autori/NILF15681/charles-williams/"
"NILF19049";"Williams, Conrad";"http://www.fantascienza.com/catalogo/autori/NILF19049/conrad-williams/"
"NILF24427";"Williams, Eric C.";"http://www.fantascienza.com/catalogo/autori/NILF24427/eric-c-williams/"
"NILF15682";"Williams, Gordon";"http://www.fantascienza.com/catalogo/autori/NILF15682/gordon-williams/"
"NILF21898";"Williams, Grace";"http://www.fantascienza.com/catalogo/autori/NILF21898/grace-williams/"
"NILF15683";"Williams, Islwyn";"http://www.fantascienza.com/catalogo/autori/NILF15683/islwyn-williams/"
"NILF15684";"Williams, Jay";"http://www.fantascienza.com/catalogo/autori/NILF15684/jay-williams/"
"NILF15685";"Williams, Kathleen";"http://www.fantascienza.com/catalogo/autori/NILF15685/kathleen-williams/"
"NILF15686";"Williams, Leslie";"http://www.fantascienza.com/catalogo/autori/NILF15686/leslie-williams/"
"NILF19965";"Williams, Liz";"http://www.fantascienza.com/catalogo/autori/NILF19965/liz-williams/"
"NILF15687";"Williams, Mabel";"http://www.fantascienza.com/catalogo/autori/NILF15687/mabel-williams/"
"NILF22559";"Williams, Mary";"http://www.fantascienza.com/catalogo/autori/NILF22559/mary-williams/"
"NILF15688";"Williams, Michael";"http://www.fantascienza.com/catalogo/autori/NILF15688/michael-williams/"
"NILF15690";"Williams, Neil Wynn";"http://www.fantascienza.com/catalogo/autori/NILF15690/neil-wynn-williams/"
"NILF15691";"Williams, Paul";"http://www.fantascienza.com/catalogo/autori/NILF15691/paul-williams/"
"NILF15692";"Williams, Ralph";"http://www.fantascienza.com/catalogo/autori/NILF15692/ralph-williams/"
"NILF15693";"Williams, Raymond";"http://www.fantascienza.com/catalogo/autori/NILF15693/raymond-williams/"
"NILF15694";"Williams, Robert Moore";"http://www.fantascienza.com/catalogo/autori/NILF15694/robert-moore-williams/"
"NILF21964";"Williams, Susan L.";"http://www.fantascienza.com/catalogo/autori/NILF21964/susan-l-williams/"
"NILF15696";"Williams, Tad";"http://www.fantascienza.com/catalogo/autori/NILF15696/tad-williams/"
"NILF15697";"Williams, Tennesse";"http://www.fantascienza.com/catalogo/autori/NILF15697/tennesse-williams/"
"NILF15698";"Williams, Walter Jon";"http://www.fantascienza.com/catalogo/autori/NILF15698/walter-jon-williams/"
"NILF15699";"Williamson, Barbara";"http://www.fantascienza.com/catalogo/autori/NILF15699/barbara-williamson/"
"NILF15700";"Williamson, Chet";"http://www.fantascienza.com/catalogo/autori/NILF15700/chet-williamson/"
"NILF24788";"Williamson, Frank Richard";"http://www.fantascienza.com/catalogo/autori/NILF24788/frank-richard-williamson/"
"NILF15701";"Williamson, J. N.";"http://www.fantascienza.com/catalogo/autori/NILF15701/j-n-williamson/"
"NILF15702";"Williamson, Jack";"http://www.fantascienza.com/catalogo/autori/NILF15702/jack-williamson/"
"NILF15703";"Willis, Connie";"http://www.fantascienza.com/catalogo/autori/NILF15703/connie-willis/"
"NILF16229";"Willis, Paul J.";"http://www.fantascienza.com/catalogo/autori/NILF16229/paul-j-willis/"
"NILF16479";"Willoughby-Meade, G.";"http://www.fantascienza.com/catalogo/autori/NILF16479/g-willoughby-meade/"
"NILF17537";"Wilmot-Buxton, E. M.";"http://www.fantascienza.com/catalogo/autori/NILF17537/e-m-wilmot-buxton/"
"NILF15704";"Wilson, Angus";"http://www.fantascienza.com/catalogo/autori/NILF15704/angus-wilson/"
"NILF21537";"Wilson, Charles";"http://www.fantascienza.com/catalogo/autori/NILF21537/charles-wilson/"
"NILF15705";"Wilson, Colin";"http://www.fantascienza.com/catalogo/autori/NILF15705/colin-wilson/"
"NILF17951";"Wilson, David Niall";"http://www.fantascienza.com/catalogo/autori/NILF17951/david-niall-wilson/"
"NILF16534";"Wilson, Edmund";"http://www.fantascienza.com/catalogo/autori/NILF16534/edmund-wilson/"
"NILF15708";"Wilson, F. Paul";"http://www.fantascienza.com/catalogo/autori/NILF15708/f-paul-wilson/"
"NILF15709";"Wilson, Gahan";"http://www.fantascienza.com/catalogo/autori/NILF15709/gahan-wilson/"
"NILF15710";"Wilson, Jacqueline";"http://www.fantascienza.com/catalogo/autori/NILF15710/jacqueline-wilson/"
"NILF15711";"Wilson, John Anthony Burgess";"http://www.fantascienza.com/catalogo/autori/NILF15711/john-anthony-burgess-wilson/"
"NILF15712";"Wilson, Julie";"http://www.fantascienza.com/catalogo/autori/NILF15712/julie-wilson/"
"NILF17585";"Wilson, Peter Lamborn";"http://www.fantascienza.com/catalogo/autori/NILF17585/peter-lamborn-wilson/"
"NILF15713";"Wilson, R. A.";"http://www.fantascienza.com/catalogo/autori/NILF15713/r-a-wilson/"
"NILF15714";"Wilson, Richard";"http://www.fantascienza.com/catalogo/autori/NILF15714/richard-wilson/"
"NILF15715";"Wilson, Robert Charles";"http://www.fantascienza.com/catalogo/autori/NILF15715/robert-charles-wilson/"
"NILF15717";"Wilson, Robley";"http://www.fantascienza.com/catalogo/autori/NILF15717/robley-wilson/"
"NILF15718";"Wilson, Steve";"http://www.fantascienza.com/catalogo/autori/NILF15718/steve-wilson/"
"NILF15719";"Wincelberg, Simon";"http://www.fantascienza.com/catalogo/autori/NILF15719/simon-wincelberg/"
"NILF15721";"Wingrove, David";"http://www.fantascienza.com/catalogo/autori/NILF15721/david-wingrove/"
"NILF16195";"Wingus, Neal";"http://www.fantascienza.com/catalogo/autori/NILF16195/neal-wingus/"
"NILF21110";"Winkler, Gershon";"http://www.fantascienza.com/catalogo/autori/NILF21110/gershon-winkler/"
"NILF15723";"Winter, Douglas E.";"http://www.fantascienza.com/catalogo/autori/NILF15723/douglas-e-winter/"
"NILF15724";"Winter, Laurel";"http://www.fantascienza.com/catalogo/autori/NILF15724/laurel-winter/"
"NILF15725";"Winter, Steve";"http://www.fantascienza.com/catalogo/autori/NILF15725/steve-winter/"
"NILF17472";"Winter-Damon, T.";"http://www.fantascienza.com/catalogo/autori/NILF17472/t-winter-damon/"
"NILF15726";"Winterbotham, Russ";"http://www.fantascienza.com/catalogo/autori/NILF15726/russ-winterbotham/"
"NILF23151";"Winterfeld, Henry";"http://www.fantascienza.com/catalogo/autori/NILF23151/henry-winterfeld/"
"NILF17505";"Winterson, Jeanette";"http://www.fantascienza.com/catalogo/autori/NILF17505/jeanette-winterson/"
"NILF17715";"Wintrebert, Joëlle";"http://www.fantascienza.com/catalogo/autori/NILF17715/joelle-wintrebert/"
"NILF17553";"Wire, Henry";"http://www.fantascienza.com/catalogo/autori/NILF17553/henry-wire/"
"NILF22906";"Wise, David";"http://www.fantascienza.com/catalogo/autori/NILF22906/david-wise/"
"NILF15727";"Wisman, Ken";"http://www.fantascienza.com/catalogo/autori/NILF15727/ken-wisman/"
"NILF15728";"Wisnioski, Sygurd";"http://www.fantascienza.com/catalogo/autori/NILF15728/sygurd-wisnioski/"
"NILF21827";"Witcher, Moony";"http://www.fantascienza.com/catalogo/autori/NILF21827/moony-witcher/"
"NILF24982";"Witkiewicz, Stanisław Ignacy";"http://www.fantascienza.com/catalogo/autori/NILF24982/stanislaw-ignacy-witkiewicz/"
"NILF23233";"Witten, Lynne Alisse";"http://www.fantascienza.com/catalogo/autori/NILF23233/lynne-alisse-witten/"
"NILF26335";"Witzko, Karl-Heinz";"http://www.fantascienza.com/catalogo/autori/NILF26335/karl-heinz-witzko/"
"NILF21834";"Wivel, Ole";"http://www.fantascienza.com/catalogo/autori/NILF21834/ole-wivel/"
"NILF17361";"Wixon, David W.";"http://www.fantascienza.com/catalogo/autori/NILF17361/david-w-wixon/"
"NILF17532";"Wodehouse, P. G.";"http://www.fantascienza.com/catalogo/autori/NILF17532/p-g-wodehouse/"
"NILF15730";"Woeltjen, L. D.";"http://www.fantascienza.com/catalogo/autori/NILF15730/l-d-woeltjen/"
"NILF15731";"Wohl, Burton";"http://www.fantascienza.com/catalogo/autori/NILF15731/burton-wohl/"
"NILF22449";"Wohleber, Curt";"http://www.fantascienza.com/catalogo/autori/NILF22449/curt-wohleber/"
"NILF15733";"Wold, Allen";"http://www.fantascienza.com/catalogo/autori/NILF15733/allen-wold/"
"NILF22727";"Wolf, Christa";"http://www.fantascienza.com/catalogo/autori/NILF22727/christa-wolf/"
"NILF15734";"Wolf, Gary K.";"http://www.fantascienza.com/catalogo/autori/NILF15734/gary-k-wolf/"
"NILF16420";"Wolf, Leonard";"http://www.fantascienza.com/catalogo/autori/NILF16420/leonard-wolf/"
"NILF18030";"Wolf, Mauro";"http://www.fantascienza.com/catalogo/autori/NILF18030/mauro-wolf/"
"NILF22759";"Wolfe, Anne";"http://www.fantascienza.com/catalogo/autori/NILF22759/anne-wolfe/"
"NILF15735";"Wolfe, Bernard";"http://www.fantascienza.com/catalogo/autori/NILF15735/bernard-wolfe/"
"NILF15736";"Wolfe, Gene";"http://www.fantascienza.com/catalogo/autori/NILF15736/gene-wolfe/"
"NILF15737";"Wolfe, Laurence N.";"http://www.fantascienza.com/catalogo/autori/NILF15737/laurence-n-wolfe/"
"NILF16773";"Wolfe, Sebastian";"http://www.fantascienza.com/catalogo/autori/NILF16773/sebastian-wolfe/"
"NILF18216";"Wolfenbarger, Billy";"http://www.fantascienza.com/catalogo/autori/NILF18216/billy-wolfenbarger/"
"NILF24610";"Wolfzettel, Friedrich";"http://www.fantascienza.com/catalogo/autori/NILF24610/friedrich-wolfzettel/"
"NILF16717";"Wolin, Jeffrey A.";"http://www.fantascienza.com/catalogo/autori/NILF16717/jeffrey-a-wolin/"
"NILF16199";"Wolk, Anthony";"http://www.fantascienza.com/catalogo/autori/NILF16199/anthony-wolk/"
"NILF16799";"Wolkomir, Richard";"http://www.fantascienza.com/catalogo/autori/NILF16799/richard-wolkomir/"
"NILF15738";"Wollheim, Donald A.";"http://www.fantascienza.com/catalogo/autori/NILF15738/donald-a-wollheim/"
"NILF15739";"Wolverton, Dave";"http://www.fantascienza.com/catalogo/autori/NILF15739/dave-wolverton/"
"NILF15740";"Womack, Jack";"http://www.fantascienza.com/catalogo/autori/NILF15740/jack-womack/"
"NILF15996";"Wonderland, Alice";"http://www.fantascienza.com/catalogo/autori/NILF15996/alice-wonderland/"
"NILF15741";"Wood, Bari";"http://www.fantascienza.com/catalogo/autori/NILF15741/bari-wood/"
"NILF15742";"Wood, Christopher";"http://www.fantascienza.com/catalogo/autori/NILF15742/christopher-wood/"
"NILF18863";"Wood, Lynn";"http://www.fantascienza.com/catalogo/autori/NILF18863/lynn-wood/"
"NILF15743";"Wood, Mrs. Henry";"http://www.fantascienza.com/catalogo/autori/NILF15743/mrs-henry-wood/"
"NILF17319";"Wood, N. Lee";"http://www.fantascienza.com/catalogo/autori/NILF17319/n-lee-wood/"
"NILF23974";"Wood, S. Andrew";"http://www.fantascienza.com/catalogo/autori/NILF23974/s-andrew-wood/"
"NILF19608";"Wood, Susan";"http://www.fantascienza.com/catalogo/autori/NILF19608/susan-wood/"
"NILF15744";"Wood, Walter";"http://www.fantascienza.com/catalogo/autori/NILF15744/walter-wood/"
"NILF17469";"Wood, William";"http://www.fantascienza.com/catalogo/autori/NILF17469/william-wood/"
"NILF24959";"Woodall, Clive";"http://www.fantascienza.com/catalogo/autori/NILF24959/clive-woodall/"
"NILF24198";"Woodhouse, Martin";"http://www.fantascienza.com/catalogo/autori/NILF24198/martin-woodhouse/"
"NILF19281";"Wooding, Chris";"http://www.fantascienza.com/catalogo/autori/NILF19281/chris-wooding/"
"NILF15746";"Woodrod, Albert C.";"http://www.fantascienza.com/catalogo/autori/NILF15746/albert-c-woodrod/"
"NILF25742";"Woods, Paul A.";"http://www.fantascienza.com/catalogo/autori/NILF25742/paul-a-woods/"
"NILF15747";"Woods, Stuart";"http://www.fantascienza.com/catalogo/autori/NILF15747/stuart-woods/"
"NILF18081";"Woodward, John";"http://www.fantascienza.com/catalogo/autori/NILF18081/john-woodward/"
"NILF24229";"Woodworth, Stephen";"http://www.fantascienza.com/catalogo/autori/NILF24229/stephen-woodworth/"
"NILF19799";"Wooley, John";"http://www.fantascienza.com/catalogo/autori/NILF19799/john-wooley/"
"NILF15748";"Woolf, Virginia";"http://www.fantascienza.com/catalogo/autori/NILF15748/virginia-woolf/"
"NILF15749";"Woolfolk, William";"http://www.fantascienza.com/catalogo/autori/NILF15749/william-woolfolk/"
"NILF15750";"Woolley, Persia";"http://www.fantascienza.com/catalogo/autori/NILF15750/persia-woolley/"
"NILF15751";"Woolrich, Cornell";"http://www.fantascienza.com/catalogo/autori/NILF15751/cornell-woolrich/"
"NILF15752";"Worrell, Everil";"http://www.fantascienza.com/catalogo/autori/NILF15752/everil-worrell/"
"NILF15754";"Wouk, Herman";"http://www.fantascienza.com/catalogo/autori/NILF15754/herman-wouk/"
"NILF15755";"Wrede, Patricia C.";"http://www.fantascienza.com/catalogo/autori/NILF15755/patricia-c-wrede/"
"NILF18843";"Wreen, Edmond";"http://www.fantascienza.com/catalogo/autori/NILF18843/edmond-wreen/"
"NILF23162";"Wright, Betty Ren";"http://www.fantascienza.com/catalogo/autori/NILF23162/betty-ren-wright/"
"NILF15757";"Wright, Gary";"http://www.fantascienza.com/catalogo/autori/NILF15757/gary-wright/"
"NILF18193";"Wright, John C.";"http://www.fantascienza.com/catalogo/autori/NILF18193/john-c-wright/"
"NILF15759";"Wright, Lan";"http://www.fantascienza.com/catalogo/autori/NILF15759/lan-wright/"
"NILF16535";"Wright, Raymond";"http://www.fantascienza.com/catalogo/autori/NILF16535/raymond-wright/"
"NILF15760";"Wright, S. Fowler";"http://www.fantascienza.com/catalogo/autori/NILF15760/s-fowler-wright/"
"NILF17871";"Wright, Stephen";"http://www.fantascienza.com/catalogo/autori/NILF17871/stephen-wright/"
"NILF25557";"Wright, T. M.";"http://www.fantascienza.com/catalogo/autori/NILF25557/t-m-wright/"
"NILF15762";"Write, Danny";"http://www.fantascienza.com/catalogo/autori/NILF15762/danny-write/"
"NILF21710";"Wroe, Nicholas";"http://www.fantascienza.com/catalogo/autori/NILF21710/nicholas-wroe/"
"NILF19634";"Wu, Sandra";"http://www.fantascienza.com/catalogo/autori/NILF19634/sandra-wu/"
"NILF15763";"Wu, William F.";"http://www.fantascienza.com/catalogo/autori/NILF15763/william-f-wu/"
"NILF24698";"Wu Dingbo, ";"http://www.fantascienza.com/catalogo/autori/NILF24698/-wu-dingbo/"
"NILF15764";"Wul, Stefan";"http://www.fantascienza.com/catalogo/autori/NILF15764/stefan-wul/"
"NILF15765";"Wurm, Ernst";"http://www.fantascienza.com/catalogo/autori/NILF15765/ernst-wurm/"
"NILF15766";"Wurts, Janny";"http://www.fantascienza.com/catalogo/autori/NILF15766/janny-wurts/"
"NILF15767";"Wyal, Pg";"http://www.fantascienza.com/catalogo/autori/NILF15767/pg-wyal/"
"NILF15769";"Wylde, Thomas";"http://www.fantascienza.com/catalogo/autori/NILF15769/thomas-wylde/"
"NILF15770";"Wylie, Jonathan";"http://www.fantascienza.com/catalogo/autori/NILF15770/jonathan-wylie/"
"NILF15771";"Wylie, Philip";"http://www.fantascienza.com/catalogo/autori/NILF15771/philip-wylie/"
"NILF15914";"Wylm, Anthony";"http://www.fantascienza.com/catalogo/autori/NILF15914/anthony-wylm/"
"NILF15772";"Wyndham, John";"http://www.fantascienza.com/catalogo/autori/NILF15772/john-wyndham/"
"NILF18214";"Wynne-Tyson, Jon";"http://www.fantascienza.com/catalogo/autori/NILF18214/jon-wynne-tyson/"
"NILF15774";"Wysocki, John";"http://www.fantascienza.com/catalogo/autori/NILF15774/john-wysocki/"
