"NILF16492";"Zaccaria, Giuseppe";"http://www.fantascienza.com/catalogo/autori/NILF16492/giuseppe-zaccaria/"
"NILF25188";"Zaccaria, Stelio";"http://www.fantascienza.com/catalogo/autori/NILF25188/stelio-zaccaria/"
"NILF16340";"Zaccone, Angelo";"http://www.fantascienza.com/catalogo/autori/NILF16340/angelo-zaccone/"
"NILF25162";"Zaccone, Antonio";"http://www.fantascienza.com/catalogo/autori/NILF25162/antonio-zaccone/"
"NILF18692";"Zaccone, Pierre";"http://www.fantascienza.com/catalogo/autori/NILF18692/pierre-zaccone/"
"NILF15805";"Zack, Robert";"http://www.fantascienza.com/catalogo/autori/NILF15805/robert-zack/"
"NILF20339";"Zaffini, Luca";"http://www.fantascienza.com/catalogo/autori/NILF20339/luca-zaffini/"
"NILF19573";"Zaffiri, Gabriele";"http://www.fantascienza.com/catalogo/autori/NILF19573/gabriele-zaffiri/"
"NILF15806";"Zaffoni, Bernardino";"http://www.fantascienza.com/catalogo/autori/NILF15806/bernardino-zaffoni/"
"NILF24109";"Zafón, Carlos Ruis";"http://www.fantascienza.com/catalogo/autori/NILF24109/carlos-ruis-zaf-on/"
"NILF15807";"Zagaria, Rosario";"http://www.fantascienza.com/catalogo/autori/NILF15807/rosario-zagaria/"
"NILF23589";"Zagat, Arthur Leo";"http://www.fantascienza.com/catalogo/autori/NILF23589/arthur-leo-zagat/"
"NILF15808";"Zaggia, Claudia";"http://www.fantascienza.com/catalogo/autori/NILF15808/claudia-zaggia/"
"NILF22294";"Zagni, Piera";"http://www.fantascienza.com/catalogo/autori/NILF22294/piera-zagni/"
"NILF20873";"Zago, Roberto";"http://www.fantascienza.com/catalogo/autori/NILF20873/roberto-zago/"
"NILF15809";"Zagoskin, Michail N.";"http://www.fantascienza.com/catalogo/autori/NILF15809/michail-n-zagoskin/"
"NILF15810";"Zahn, Timothy";"http://www.fantascienza.com/catalogo/autori/NILF15810/timothy-zahn/"
"NILF22446";"Zaina, Italo";"http://www.fantascienza.com/catalogo/autori/NILF22446/italo-zaina/"
"NILF15811";"Zajdel, Janusz A.";"http://www.fantascienza.com/catalogo/autori/NILF15811/janusz-a-zajdel/"
"NILF20817";"Zaki, Hoda M.";"http://www.fantascienza.com/catalogo/autori/NILF20817/hoda-m-zaki/"
"NILF18229";"Zama, Sarah";"http://www.fantascienza.com/catalogo/autori/NILF18229/sarah-zama/"
"NILF15812";"Zambiaghi, Manuela";"http://www.fantascienza.com/catalogo/autori/NILF15812/manuela-zambiaghi/"
"NILF24585";"Zambon, Francesco";"http://www.fantascienza.com/catalogo/autori/NILF24585/francesco-zambon/"
"NILF15813";"Zambreno, Mary Frances";"http://www.fantascienza.com/catalogo/autori/NILF15813/mary-frances-zambreno/"
"NILF15814";"Zamjatin, Evgénij Ivànovic";"http://www.fantascienza.com/catalogo/autori/NILF15814/evg-enij-ivanovic-zamjatin/"
"NILF16306";"Zampa, Giorgio";"http://www.fantascienza.com/catalogo/autori/NILF16306/giorgio-zampa/"
"NILF15815";"Zampa, Pietro";"http://www.fantascienza.com/catalogo/autori/NILF15815/pietro-zampa/"
"NILF21691";"Zamperini, Silvana";"http://www.fantascienza.com/catalogo/autori/NILF21691/silvana-zamperini/"
"NILF21520";"Zanarotti, Donatella";"http://www.fantascienza.com/catalogo/autori/NILF21520/donatella-zanarotti/"
"NILF15816";"Zanda, Momi";"http://www.fantascienza.com/catalogo/autori/NILF15816/momi-zanda/"
"NILF24370";"Zander, Jörn";"http://www.fantascienza.com/catalogo/autori/NILF24370/jorn-zander/"
"NILF20196";"Zanelli, Marco";"http://www.fantascienza.com/catalogo/autori/NILF20196/marco-zanelli/"
"NILF24179";"Zanelli Quarantini, Franca";"http://www.fantascienza.com/catalogo/autori/NILF24179/franca-zanelli-quarantini/"
"NILF16526";"Zanetello, Anna";"http://www.fantascienza.com/catalogo/autori/NILF16526/anna-zanetello/"
"NILF16730";"Zanetti, Patrizia";"http://www.fantascienza.com/catalogo/autori/NILF16730/patrizia-zanetti/"
"NILF21086";"Zangheri, Marta";"http://www.fantascienza.com/catalogo/autori/NILF21086/marta-zangheri/"
"NILF26413";"Zangirolami, Daniele";"http://www.fantascienza.com/catalogo/autori/NILF26413/daniele-zangirolami/"
"NILF21702";"Zangwill, Israel";"http://www.fantascienza.com/catalogo/autori/NILF21702/israel-zangwill/"
"NILF15817";"Zanicchi, Marco";"http://www.fantascienza.com/catalogo/autori/NILF15817/marco-zanicchi/"
"NILF15818";"Zaninetti, Teresio";"http://www.fantascienza.com/catalogo/autori/NILF15818/teresio-zaninetti/"
"NILF16794";"Zanni, Ada Landini";"http://www.fantascienza.com/catalogo/autori/NILF16794/ada-landini-zanni/"
"NILF25226";"Zannoner, Paola";"http://www.fantascienza.com/catalogo/autori/NILF25226/paola-zannoner/"
"NILF15819";"Zanon, Eugenio";"http://www.fantascienza.com/catalogo/autori/NILF15819/eugenio-zanon/"
"NILF15820";"Zanon, Fernando";"http://www.fantascienza.com/catalogo/autori/NILF15820/fernando-zanon/"
"NILF16891";"Zanotto, Piero";"http://www.fantascienza.com/catalogo/autori/NILF16891/piero-zanotto/"
"NILF15821";"Zanotto, Sandro";"http://www.fantascienza.com/catalogo/autori/NILF15821/sandro-zanotto/"
"NILF15822";"Zanuso, Billa";"http://www.fantascienza.com/catalogo/autori/NILF15822/billa-zanuso/"
"NILF15952";"Zanzotto, Andrea";"http://www.fantascienza.com/catalogo/autori/NILF15952/andrea-zanzotto/"
"NILF25112";"Zappa, Ahmet";"http://www.fantascienza.com/catalogo/autori/NILF25112/ahmet-zappa/"
"NILF19178";"Zappelli, Giacomo";"http://www.fantascienza.com/catalogo/autori/NILF19178/giacomo-zappelli/"
"NILF16718";"Zappi, Gario";"http://www.fantascienza.com/catalogo/autori/NILF16718/gario-zappi/"
"NILF25973";"Zapponi, Bernardino";"http://www.fantascienza.com/catalogo/autori/NILF25973/bernardino-zapponi/"
"NILF15823";"Zapponi, Niccolò";"http://www.fantascienza.com/catalogo/autori/NILF15823/niccolo-zapponi/"
"NILF24134";"Zarchi, Nurit";"http://www.fantascienza.com/catalogo/autori/NILF24134/nurit-zarchi/"
"NILF15824";"Zardi, Federico";"http://www.fantascienza.com/catalogo/autori/NILF15824/federico-zardi/"
"NILF26220";"Zarini, Giampaolo";"http://www.fantascienza.com/catalogo/autori/NILF26220/giampaolo-zarini/"
"NILF23000";"Zatterin, Marco";"http://www.fantascienza.com/catalogo/autori/NILF23000/marco-zatterin/"
"NILF15825";"Zavattini, Cesare";"http://www.fantascienza.com/catalogo/autori/NILF15825/cesare-zavattini/"
"NILF17718";"Zazo, Anna Luisa";"http://www.fantascienza.com/catalogo/autori/NILF17718/anna-luisa-zazo/"
"NILF15826";"Zebrowski, George";"http://www.fantascienza.com/catalogo/autori/NILF15826/george-zebrowski/"
"NILF15828";"Zelaschi, Adolfo L. Pérez";"http://www.fantascienza.com/catalogo/autori/NILF15828/adolfo-l-p-erez-zelaschi/"
"NILF15829";"Zelazny, Roger";"http://www.fantascienza.com/catalogo/autori/NILF15829/roger-zelazny/"
"NILF15830";"Zeldis, Leon";"http://www.fantascienza.com/catalogo/autori/NILF15830/leon-zeldis/"
"NILF15831";"Zell, Morning Glory";"http://www.fantascienza.com/catalogo/autori/NILF15831/morning-glory-zell/"
"NILF19327";"Zelli, Aldo";"http://www.fantascienza.com/catalogo/autori/NILF19327/aldo-zelli/"
"NILF25412";"Zelter, Joachim";"http://www.fantascienza.com/catalogo/autori/NILF25412/joachim-zelter/"
"NILF25125";"Zen, Kai";"http://www.fantascienza.com/catalogo/autori/NILF25125/kai-zen/"
"NILF25143";"Zena, ";"http://www.fantascienza.com/catalogo/autori/NILF25143/-zena/"
"NILF15832";"Zena, Remigio";"http://www.fantascienza.com/catalogo/autori/NILF15832/remigio-zena/"
"NILF22833";"Zeno, Carlo";"http://www.fantascienza.com/catalogo/autori/NILF22833/carlo-zeno/"
"NILF15833";"Zeno, Massimo";"http://www.fantascienza.com/catalogo/autori/NILF15833/massimo-zeno/"
"NILF16650";"Zeppellini, Gabriella Brusa";"http://www.fantascienza.com/catalogo/autori/NILF16650/gabriella-brusa-zeppellini/"
"NILF15834";"Zerbini, Franco";"http://www.fantascienza.com/catalogo/autori/NILF15834/franco-zerbini/"
"NILF16826";"Zerboni, Alvaro";"http://www.fantascienza.com/catalogo/autori/NILF16826/alvaro-zerboni/"
"NILF15835";"Zerwick, Chloe";"http://www.fantascienza.com/catalogo/autori/NILF15835/chloe-zerwick/"
"NILF17312";"Zettel, Sarah";"http://www.fantascienza.com/catalogo/autori/NILF17312/sarah-zettel/"
"NILF20381";"Zgorzelsky, Andrzej";"http://www.fantascienza.com/catalogo/autori/NILF20381/andrzej-zgorzelsky/"
"NILF15607";"Zheng Wenguang, ";"http://www.fantascienza.com/catalogo/autori/NILF15607/-zheng-wenguang/"
"NILF25540";"Zicree, Marc Scott";"http://www.fantascienza.com/catalogo/autori/NILF25540/marc-scott-zicree/"
"NILF22345";"Zieger, Holger";"http://www.fantascienza.com/catalogo/autori/NILF22345/holger-zieger/"
"NILF15836";"Zieman, Hans H.";"http://www.fantascienza.com/catalogo/autori/NILF15836/hans-h-zieman/"
"NILF18083";"Ziergiebel, Herbert";"http://www.fantascienza.com/catalogo/autori/NILF18083/herbert-ziergiebel/"
"NILF18459";"Zilari, Ippolito";"http://www.fantascienza.com/catalogo/autori/NILF18459/ippolito-zilari/"
"NILF16644";"Ziliotto, Donatella";"http://www.fantascienza.com/catalogo/autori/NILF16644/donatella-ziliotto/"
"NILF25201";"Ziljac, Aleksandar";"http://www.fantascienza.com/catalogo/autori/NILF25201/aleksandar-ziljac/"
"NILF15837";"Zimmer, Paul Edwin";"http://www.fantascienza.com/catalogo/autori/NILF15837/paul-edwin-zimmer/"
"NILF15839";"Zincone, Giuliano";"http://www.fantascienza.com/catalogo/autori/NILF15839/giuliano-zincone/"
"NILF17030";"Zindel, Paul";"http://www.fantascienza.com/catalogo/autori/NILF17030/paul-zindel/"
"NILF17965";"Zingaropoli, Francesco";"http://www.fantascienza.com/catalogo/autori/NILF17965/francesco-zingaropoli/"
"NILF15841";"Zingrillo, Costanzo";"http://www.fantascienza.com/catalogo/autori/NILF15841/costanzo-zingrillo/"
"NILF25330";"Zini, Maria Francesca";"http://www.fantascienza.com/catalogo/autori/NILF25330/maria-francesca-zini/"
"NILF24053";"Zini, Roberto";"http://www.fantascienza.com/catalogo/autori/NILF24053/roberto-zini/"
"NILF17767";"Zinne, Irmine";"http://www.fantascienza.com/catalogo/autori/NILF17767/irmine-zinne/"
"NILF15842";"Zinnes, Harriet";"http://www.fantascienza.com/catalogo/autori/NILF15842/harriet-zinnes/"
"NILF15991";"Zinoni, Delio";"http://www.fantascienza.com/catalogo/autori/NILF15991/delio-zinoni/"
"NILF15843";"Zinov'Ev, Aleksandr";"http://www.fantascienza.com/catalogo/autori/NILF15843/aleksandr-zinov-ev/"
"NILF15844";"Ziolkovski, Costantino";"http://www.fantascienza.com/catalogo/autori/NILF15844/costantino-ziolkovski/"
"NILF16343";"Zioni, Alberto";"http://www.fantascienza.com/catalogo/autori/NILF16343/alberto-zioni/"
"NILF22477";"Zipes, Jack";"http://www.fantascienza.com/catalogo/autori/NILF22477/jack-zipes/"
"NILF25121";"Zippilli, Ilaria";"http://www.fantascienza.com/catalogo/autori/NILF25121/ilaria-zippilli/"
"NILF25350";"Zisa, Guglielmo";"http://www.fantascienza.com/catalogo/autori/NILF25350/guglielmo-zisa/"
"NILF19219";"Zito, Massimo";"http://www.fantascienza.com/catalogo/autori/NILF19219/massimo-zito/"
"NILF16129";"Zivković, Zoran";"http://www.fantascienza.com/catalogo/autori/NILF16129/zoran-zivkovi-c/"
"NILF20241";"Zoagli, Ernestina";"http://www.fantascienza.com/catalogo/autori/NILF20241/ernestina-zoagli/"
"NILF20267";"Zoboli, Giovanna";"http://www.fantascienza.com/catalogo/autori/NILF20267/giovanna-zoboli/"
"NILF25240";"Zoccoli, Raffaele GAMBIGLIANI";"http://www.fantascienza.com/catalogo/autori/NILF25240/raffaele-gambigliani-zoccoli/"
"NILF15845";"Zola, Émile";"http://www.fantascienza.com/catalogo/autori/NILF15845/emile-zola/"
"NILF26355";"Zola Esposto, Roberto";"http://www.fantascienza.com/catalogo/autori/NILF26355/roberto-zola-esposto/"
"NILF15846";"Zolla, Elémire";"http://www.fantascienza.com/catalogo/autori/NILF15846/el-emire-zolla/"
"NILF17446";"Zomparelli, Ivana";"http://www.fantascienza.com/catalogo/autori/NILF17446/ivana-zomparelli/"
"NILF24515";"Zonali, Samuele";"http://www.fantascienza.com/catalogo/autori/NILF24515/samuele-zonali/"
"NILF18045";"Zonca, Gianluca";"http://www.fantascienza.com/catalogo/autori/NILF18045/gianluca-zonca/"
"NILF16529";"Zone, Ray";"http://www.fantascienza.com/catalogo/autori/NILF16529/ray-zone/"
"NILF22257";"Zonghetti, Claudia";"http://www.fantascienza.com/catalogo/autori/NILF22257/claudia-zonghetti/"
"NILF15847";"Zoppelli, Emilio";"http://www.fantascienza.com/catalogo/autori/NILF15847/emilio-zoppelli/"
"NILF16315";"Zoppi, Sergio";"http://www.fantascienza.com/catalogo/autori/NILF16315/sergio-zoppi/"
"NILF21142";"Zordan, Rosetta";"http://www.fantascienza.com/catalogo/autori/NILF21142/rosetta-zordan/"
"NILF15848";"Zorrilla, José";"http://www.fantascienza.com/catalogo/autori/NILF15848/jos-e-zorrilla/"
"NILF20597";"Zorzer, Fulvio";"http://www.fantascienza.com/catalogo/autori/NILF20597/fulvio-zorzer/"
"NILF15849";"Zorzi, Rosella Mamoli";"http://www.fantascienza.com/catalogo/autori/NILF15849/rosella-mamoli-zorzi/"
"NILF20560";"Zuanazzi, Giovanni";"http://www.fantascienza.com/catalogo/autori/NILF20560/giovanni-zuanazzi/"
"NILF15850";"Zubkov, Boris";"http://www.fantascienza.com/catalogo/autori/NILF15850/boris-zubkov/"
"NILF15851";"Zuboff, Arnold";"http://www.fantascienza.com/catalogo/autori/NILF15851/arnold-zuboff/"
"NILF21930";"Zucca, Giovanni";"http://www.fantascienza.com/catalogo/autori/NILF21930/giovanni-zucca/"
"NILF23969";"Zucca, Giuseppe";"http://www.fantascienza.com/catalogo/autori/NILF23969/giuseppe-zucca/"
"NILF17355";"Zucchella, Fabio";"http://www.fantascienza.com/catalogo/autori/NILF17355/fabio-zucchella/"
"NILF20859";"Zucchini, Giampaolo";"http://www.fantascienza.com/catalogo/autori/NILF20859/giampaolo-zucchini/"
"NILF15852";"Zucchini, Mario";"http://www.fantascienza.com/catalogo/autori/NILF15852/mario-zucchini/"
"NILF21331";"Zuccolo, Ludovico";"http://www.fantascienza.com/catalogo/autori/NILF21331/ludovico-zuccolo/"
"NILF15853";"Zucconi, Guglielmo";"http://www.fantascienza.com/catalogo/autori/NILF15853/guglielmo-zucconi/"
"NILF15854";"Zuddas, Gianluigi";"http://www.fantascienza.com/catalogo/autori/NILF15854/gianluigi-zuddas/"
"NILF15855";"Zuech, Sisinio";"http://www.fantascienza.com/catalogo/autori/NILF15855/sisinio-zuech/"
"NILF22231";"Zulberti, Taulero";"http://www.fantascienza.com/catalogo/autori/NILF22231/taulero-zulberti/"
"NILF18129";"Zuliani, A. E.";"http://www.fantascienza.com/catalogo/autori/NILF18129/a-e-zuliani/"
"NILF16712";"Zullini, Aldo";"http://www.fantascienza.com/catalogo/autori/NILF16712/aldo-zullini/"
"NILF15856";"Zullino, Pietro";"http://www.fantascienza.com/catalogo/autori/NILF15856/pietro-zullino/"
"NILF15857";"Zunic', Enrica";"http://www.fantascienza.com/catalogo/autori/NILF15857/enrica-zunic/"
"NILF23531";"Zupo, Mattia";"http://www.fantascienza.com/catalogo/autori/NILF23531/mattia-zupo/"
"NILF15858";"Zuravleva, Valentina";"http://www.fantascienza.com/catalogo/autori/NILF15858/valentina-zuravleva/"
"NILF16444";"Zveteremich, Pietro";"http://www.fantascienza.com/catalogo/autori/NILF16444/pietro-zveteremich/"
"NILF15859";"Zweitag, Homerus Salomon";"http://www.fantascienza.com/catalogo/autori/NILF15859/homerus-salomon-zweitag/"
"NILF17388";"Zwerenz, Gerhard";"http://www.fantascienza.com/catalogo/autori/NILF17388/gerhard-zwerenz/"
"NILF15860";"Zzywwurrath, Adàn";"http://www.fantascienza.com/catalogo/autori/NILF15860/adan-zzywwurrath/"
